,Div,Date,HomeTeam,AwayTeam,FTR,HTS,HTST,HTW,HTD,HTL,HTF,HTY,HTR,HTG,ATS,ATST,ATW,ATD,ATL,ATF,ATY,ATR,ATG
0,F1,07/08/15,Lille,Paris SG,0.0,0.0,0.0,0,0,0,0.0,0.0,0.0,0.0,0.0,0.0,0,0,0,0.0,0.0,0.0,0.0
1,F1,08/08/15,Bastia,Rennes,2.0,0.0,0.0,0,0,0,0.0,0.0,0.0,0.0,0.0,0.0,0,0,0,0.0,0.0,0.0,0.0
2,F1,08/08/15,Marseille,Caen,0.0,0.0,0.0,0,0,0,0.0,0.0,0.0,0.0,0.0,0.0,0,0,0,0.0,0.0,0.0,0.0
3,F1,08/08/15,Montpellier,Angers,0.0,0.0,0.0,0,0,0,0.0,0.0,0.0,0.0,0.0,0.0,0,0,0,0.0,0.0,0.0,0.0
4,F1,08/08/15,Nantes,Guingamp,2.0,0.0,0.0,0,0,0,0.0,0.0,0.0,0.0,0.0,0.0,0,0,0,0.0,0.0,0.0,0.0
5,F1,08/08/15,Nice,Monaco,0.0,0.0,0.0,0,0,0,0.0,0.0,0.0,0.0,0.0,0.0,0,0,0,0.0,0.0,0.0,0.0
6,F1,08/08/15,Troyes,Ajaccio GFCO,1.0,0.0,0.0,0,0,0,0.0,0.0,0.0,0.0,0.0,0.0,0,0,0,0.0,0.0,0.0,0.0
7,F1,09/08/15,Bordeaux,Reims,0.0,0.0,0.0,0,0,0,0.0,0.0,0.0,0.0,0.0,0.0,0,0,0,0.0,0.0,0.0,0.0
8,F1,09/08/15,Lyon,Lorient,1.0,0.0,0.0,0,0,0,0.0,0.0,0.0,0.0,0.0,0.0,0,0,0,0.0,0.0,0.0,0.0
9,F1,09/08/15,Toulouse,St Etienne,2.0,0.0,0.0,0,0,0,0.0,0.0,0.0,0.0,0.0,0.0,0,0,0,0.0,0.0,0.0,0.0
10,F1,14/08/15,Monaco,Lille,1.0,19.0,6.0,1,0,0,18.0,2.0,0.0,2.0,12.0,2.0,0,0,1,20.0,3.0,0.0,0.0
11,F1,15/08/15,Angers,Nantes,1.0,16.0,6.0,1,0,0,15.0,2.0,0.0,2.0,9.0,4.0,1,0,0,13.0,2.0,0.0,1.0
12,F1,15/08/15,Caen,Toulouse,2.0,8.0,4.0,1,0,0,10.0,0.0,0.0,1.0,9.0,3.0,1,0,0,10.0,0.0,1.0,2.0
13,F1,15/08/15,Guingamp,Lyon,0.0,10.0,4.0,0,0,1,16.0,2.0,0.0,0.0,21.0,6.0,0,1,0,11.0,1.0,0.0,0.0
14,F1,15/08/15,Rennes,Montpellier,2.0,6.0,3.0,0,0,1,19.0,1.0,0.0,1.0,11.0,4.0,0,0,1,12.0,3.0,0.0,0.0
15,F1,15/08/15,St Etienne,Bordeaux,1.0,11.0,2.0,0,0,1,10.0,1.0,0.0,1.0,14.0,4.0,0,0,1,14.0,2.0,0.0,1.0
16,F1,15/08/15,Troyes,Nice,1.0,12.0,4.0,0,1,0,11.0,0.0,0.0,0.0,5.0,2.0,0,0,1,18.0,2.0,1.0,1.0
17,F1,16/08/15,Lorient,Bastia,1.0,10.0,5.0,0,1,0,12.0,2.0,0.0,0.0,11.0,3.0,1,0,0,15.0,0.0,1.0,2.0
18,F1,16/08/15,Paris SG,Ajaccio GFCO,2.0,7.0,2.0,1,0,0,17.0,2.0,1.0,1.0,6.0,1.0,0,1,0,8.0,4.0,0.0,0.0
19,F1,16/08/15,Reims,Marseille,2.0,14.0,6.0,1,0,0,12.0,2.0,0.0,2.0,17.0,4.0,0,0,1,10.0,1.0,0.0,0.0
20,F1,21/08/15,Montpellier,Paris SG,0.0,7.5,2.0,0,0,2,10.5,2.0,0.0,0.0,12.5,4.0,2,0,0,12.5,1.5,1.0,1.5
21,F1,22/08/15,Ajaccio GFCO,Angers,0.0,7.0,1.5,0,1,1,11.0,3.5,0.0,0.0,13.0,4.5,1,1,0,13.5,2.5,0.0,1.0
22,F1,22/08/15,Bastia,Guingamp,2.0,9.0,2.5,1,1,0,15.0,1.0,0.5,1.5,10.5,3.5,0,0,2,16.0,2.0,0.0,0.0
23,F1,22/08/15,Lyon,Rennes,0.0,16.0,4.5,1,1,0,14.5,1.5,0.0,0.5,8.0,2.5,1,0,1,15.0,2.0,0.0,1.0
24,F1,22/08/15,Nantes,Reims,2.0,5.5,2.5,1,1,0,15.0,3.0,0.0,0.5,14.5,5.5,2,0,0,12.5,2.0,0.0,1.5
25,F1,22/08/15,Nice,Caen,2.0,11.5,4.0,0,1,1,15.5,2.5,0.5,2.0,8.5,3.5,2,0,0,12.0,0.5,0.0,1.0
26,F1,22/08/15,Toulouse,Monaco,1.0,11.0,3.5,1,0,1,12.0,1.5,1.0,1.0,14.0,4.5,1,1,0,15.0,1.5,0.0,1.0
27,F1,23/08/15,Lille,Bordeaux,1.0,10.5,2.0,0,1,1,19.5,4.0,0.0,0.0,15.5,3.5,0,1,1,12.5,1.5,0.0,1.0
28,F1,23/08/15,Lorient,St Etienne,0.0,11.0,4.5,0,2,0,12.5,2.5,0.0,0.5,9.0,2.0,0,1,1,13.5,1.5,0.0,1.0
29,F1,23/08/15,Marseille,Troyes,2.0,15.0,4.0,0,0,2,12.0,1.5,0.5,0.0,11.5,5.5,0,2,0,11.0,1.5,0.5,1.5
30,F1,28/08/15,Guingamp,Marseille,2.0,12.0,3.666666666666666,0,0,3,15.0,2.333333333333333,0.0,0.0,15.333333333333332,5.0,1,0,2,10.666666666666666,1.3333333333333333,1.0,2.0
31,F1,29/08/15,Angers,Nice,1.0,11.666666666666666,4.666666666666667,2,1,0,12.333333333333334,2.333333333333333,0.0,1.3333333333333333,10.0,4.0,1,1,1,12.666666666666666,1.9999999999999998,0.3333333333333333,2.0
32,F1,29/08/15,Caen,Lyon,0.0,9.666666666666666,4.333333333333333,2,0,1,13.333333333333332,1.3333333333333333,0.0,1.0,15.666666666666666,4.333333333333333,1,1,1,13.666666666666666,1.3333333333333333,0.0,0.6666666666666666
33,F1,29/08/15,Lille,Ajaccio GFCO,2.0,12.0,3.0,0,2,1,16.666666666666668,3.0000000000000004,0.0,0.0,7.333333333333332,2.0,0,1,2,11.333333333333334,2.9999999999999996,0.0,0.0
34,F1,29/08/15,Reims,Lorient,2.0,10.333333333333334,4.0,2,0,1,11.666666666666666,2.333333333333333,0.0,1.0,10.666666666666668,3.6666666666666665,0,2,1,12.333333333333332,1.6666666666666665,0.3333333333333333,0.3333333333333333
35,F1,29/08/15,Rennes,Toulouse,2.0,7.333333333333334,2.6666666666666665,2,0,1,14.333333333333332,2.333333333333333,0.0,1.3333333333333333,11.666666666666666,3.666666666666666,1,1,1,12.333333333333332,1.0,1.3333333333333333,1.0
36,F1,29/08/15,Troyes,Montpellier,1.0,9.666666666666666,4.0,0,2,1,10.333333333333332,1.3333333333333333,0.3333333333333333,1.0,8.333333333333334,2.333333333333333,0,0,3,11.333333333333332,2.0,0.0,0.0
37,F1,30/08/15,Bordeaux,Nantes,2.0,14.333333333333334,3.666666666666666,0,2,1,16.0,2.666666666666667,0.0,0.6666666666666666,8.0,3.6666666666666665,2,1,0,14.0,2.3333333333333335,0.0,0.6666666666666666
38,F1,30/08/15,Monaco,Paris SG,0.0,14.0,4.0,1,2,0,16.666666666666668,2.333333333333333,0.0,1.0,11.333333333333334,4.333333333333333,3,0,0,11.0,1.3333333333333333,1.0,1.3333333333333333
39,F1,30/08/15,St Etienne,Bastia,2.0,10.0,3.0,1,1,1,17.0,2.0,0.0,1.0,9.333333333333334,3.333333333333333,2,1,0,14.666666666666668,1.3333333333333333,0.3333333333333333,2.0
40,F1,11/09/15,Paris SG,Bordeaux,1.0,13.25,5.25,4,0,0,11.25,1.25,0.25,1.75,15.5,3.75,1,2,1,14.25,2.75,0.0,1.0
41,F1,12/09/15,Lorient,Angers,2.0,11.25,3.75,0,2,2,11.25,1.5,0.25,0.5,10.0,4.0,2,2,0,12.75,2.25,0.0,1.25
42,F1,12/09/15,Lyon,Lille,1.0,15.0,4.5,2,1,1,14.5,1.0,0.0,1.5,12.25,3.5,1,2,1,15.75,2.5,0.0,0.25
43,F1,12/09/15,Montpellier,St Etienne,0.0,9.5,2.75,0,1,3,11.0,1.75,0.0,0.0,13.25,3.75,2,1,1,15.5,1.75,0.0,1.25
44,F1,12/09/15,Nice,Guingamp,0.0,10.25,4.25,1,2,1,11.5,2.0,0.25,1.75,12.0,4.0,1,0,3,13.75,2.0,0.0,0.5
45,F1,12/09/15,Toulouse,Reims,1.0,10.75,3.5,1,1,2,11.5,1.5,0.5,1.0,11.25,5.5,3,0,1,11.75,2.5,0.0,1.75
46,F1,12/09/15,Troyes,Caen,0.0,9.25,3.25,0,3,1,11.75,1.5,0.25,0.75,10.75,4.75,2,0,2,13.25,1.25,0.25,0.75
47,F1,13/09/15,Ajaccio GFCO,Monaco,0.0,8.5,3.0,0,1,3,12.75,3.0,0.0,0.0,11.25,3.5,1,2,1,14.25,1.75,0.0,0.75
48,F1,13/09/15,Marseille,Bastia,2.0,15.0,5.25,1,0,3,11.25,2.25,0.25,1.5,8.5,2.75,2,1,1,12.5,1.25,2.25,1.75
49,F1,13/09/15,Nantes,Rennes,0.0,8.75,3.0,2,1,1,14.75,2.5,0.25,0.5,8.75,3.25,3,0,1,13.75,2.25,0.0,1.75
50,F1,18/09/15,Rennes,Lille,1.0,10.2,3.8,4,0,1,13.2,2.4,0.0,1.7999999999999998,11.600000000000001,3.4,1,3,1,16.6,2.8,0.0,0.2
51,F1,19/09/15,Angers,Troyes,2.0,9.4,3.4,2,2,1,13.799999999999999,1.9999999999999998,0.0,1.2,10.2,3.8000000000000007,0,3,2,10.8,2.0,0.2,0.8
52,F1,19/09/15,Bastia,Nice,0.0,8.0,2.6,2,1,2,11.8,1.2,0.6000000000000001,1.6,11.399999999999999,3.6000000000000005,1,2,2,11.2,1.8,0.2,1.4000000000000001
53,F1,19/09/15,Caen,Montpellier,2.0,11.600000000000001,5.4,3,0,2,12.4,1.0,0.4,1.2000000000000002,10.8,3.8000000000000003,0,1,4,12.0,2.0,0.0,0.2
54,F1,19/09/15,Guingamp,Ajaccio GFCO,2.0,11.2,3.8000000000000003,2,0,3,15.6,2.1999999999999997,0.0,0.6000000000000001,11.600000000000001,3.2,0,1,4,13.400000000000002,3.0,0.0,0.0
55,F1,19/09/15,Reims,Paris SG,1.0,10.8,5.2,3,1,1,12.4,2.4,0.0,1.8000000000000003,14.399999999999999,5.2,4,1,0,11.2,1.4,1.0,1.7999999999999998
56,F1,20/09/15,Bordeaux,Toulouse,1.0,14.399999999999999,3.6,1,3,1,14.2,2.6,0.2,1.2000000000000002,11.6,4.0,1,2,2,11.200000000000001,1.6,1.2,1.2000000000000002
57,F1,20/09/15,Marseille,Lyon,1.0,14.4,5.6,2,0,3,11.2,2.2,0.2,2.0,14.6,4.8,2,2,1,14.400000000000002,1.0,0.0,1.2000000000000002
58,F1,20/09/15,Monaco,Lorient,0.0,11.599999999999998,4.4,2,2,1,14.4,2.0,0.0,0.8,11.8,4.2,1,2,2,11.0,1.4,0.2,1.0
59,F1,20/09/15,St Etienne,Nantes,2.0,13.0,3.6,3,1,1,16.4,1.8000000000000003,0.0,1.4,9.0,3.0000000000000004,2,1,2,14.600000000000001,2.4,1.4,0.4
60,F1,22/09/15,Angers,Reims,1.0,10.5,3.5,3,2,1,14.0,1.9999999999999998,0.16666666666666666,1.1666666666666665,10.166666666666666,4.833333333333334,3,2,1,11.833333333333332,2.333333333333333,0.0,1.6666666666666665
61,F1,22/09/15,Paris SG,Guingamp,2.0,14.833333333333334,5.333333333333333,4,2,0,10.833333333333334,1.4999999999999998,0.16666666666666666,1.6666666666666665,11.666666666666668,3.833333333333333,3,0,3,14.0,2.1666666666666665,0.0,0.8333333333333333
62,F1,23/09/15,Ajaccio GFCO,Rennes,1.0,10.833333333333332,3.1666666666666665,0,1,5,13.833333333333332,3.1666666666666665,0.16666666666666666,0.16666666666666666,10.0,3.6666666666666665,4,1,1,13.833333333333334,2.5,0.0,1.6666666666666665
63,F1,23/09/15,Lorient,Caen,2.0,12.5,4.666666666666667,2,2,2,11.666666666666666,1.833333333333333,0.16666666666666666,1.3333333333333333,12.333333333333332,5.5,4,0,2,12.833333333333332,1.1666666666666665,1.1666666666666667,1.3333333333333333
64,F1,23/09/15,Lyon,Bastia,2.0,14.166666666666666,4.833333333333333,2,3,1,14.0,0.9999999999999999,0.0,1.1666666666666667,8.0,2.5,2,1,3,11.666666666666668,1.1666666666666665,2.1666666666666665,1.5000000000000002
65,F1,23/09/15,Nice,Bordeaux,2.0,11.0,4.0,2,2,2,11.666666666666666,1.8333333333333333,0.16666666666666666,1.6666666666666667,14.833333333333334,3.833333333333333,1,4,1,14.833333333333334,2.5000000000000004,1.0,1.1666666666666667
66,F1,23/09/15,Toulouse,Marseille,1.0,11.166666666666666,4.166666666666666,1,3,2,11.166666666666666,1.6666666666666665,0.5,1.1666666666666667,14.333333333333334,5.333333333333334,2,1,3,11.833333333333334,2.5,1.1666666666666667,1.8333333333333333
67,F1,23/09/15,Troyes,St Etienne,0.0,10.833333333333334,3.1666666666666665,0,3,3,11.499999999999998,2.1666666666666665,0.16666666666666666,0.6666666666666666,12.833333333333334,3.5,4,1,1,15.500000000000002,1.8333333333333333,0.0,1.4999999999999998
68,F1,24/09/15,Montpellier,Monaco,0.0,9.5,3.4999999999999996,0,1,5,14.0,2.3333333333333335,0.0,0.3333333333333333,11.833333333333332,4.666666666666667,2,2,2,13.833333333333334,2.333333333333333,0.0,1.0
69,F1,25/09/15,Reims,Lille,2.0,9.142857142857142,4.2857142857142865,3,3,1,12.857142857142858,2.4285714285714284,0.0,1.4285714285714284,12.166666666666666,3.666666666666667,1,4,1,16.833333333333336,3.0,1.0,0.3333333333333333
70,F1,26/09/15,Bastia,Toulouse,2.0,7.428571428571427,2.428571428571428,2,1,4,11.0,1.1428571428571426,0.5714285714285714,1.2857142857142856,11.142857142857142,4.0,1,4,2,11.285714285714285,1.714285714285714,2.4285714285714284,1.1428571428571428
71,F1,26/09/15,Bordeaux,Lyon,2.0,13.571428571428573,3.714285714285714,1,4,2,13.857142857142856,2.2857142857142856,0.2857142857142857,1.1428571428571428,14.142857142857142,5.142857142857142,3,3,1,13.285714285714286,1.1428571428571428,0.0,1.2857142857142856
72,F1,26/09/15,Caen,Ajaccio GFCO,2.0,12.571428571428573,5.0,4,0,3,12.428571428571429,1.2857142857142856,0.2857142857142857,1.1428571428571428,11.142857142857142,2.9999999999999996,0,2,5,12.714285714285712,2.7142857142857144,1.0,0.2857142857142857
73,F1,26/09/15,Nantes,Paris SG,0.0,9.333333333333334,2.8333333333333335,2,1,3,13.666666666666668,2.1666666666666665,0.5,0.3333333333333333,15.285714285714286,6.0,5,2,0,10.714285714285714,1.4285714285714284,1.0,1.857142857142857
74,F1,26/09/15,Rennes,Troyes,1.0,10.857142857142858,4.285714285714286,4,2,1,13.857142857142858,2.2857142857142856,0.0,1.5714285714285712,11.285714285714285,3.2857142857142856,0,3,4,11.285714285714286,2.2857142857142856,0.14285714285714285,0.5714285714285714
75,F1,27/09/15,Guingamp,Monaco,1.0,11.428571428571429,3.8571428571428568,3,0,4,13.428571428571429,2.0,0.0,0.7142857142857142,12.000000000000002,4.714285714285714,3,2,2,14.428571428571427,2.142857142857143,0.0,1.2857142857142856
76,F1,27/09/15,Marseille,Angers,0.0,13.428571428571427,4.714285714285714,2,2,3,12.142857142857142,2.1428571428571423,0.42857142857142855,1.714285714285714,10.142857142857142,3.4285714285714284,3,3,1,13.142857142857142,1.8571428571428568,0.14285714285714285,0.9999999999999998
77,F1,27/09/15,Montpellier,Lorient,2.0,10.428571428571427,3.7142857142857144,0,1,6,13.85714285714286,2.2857142857142856,0.0,0.5714285714285714,11.857142857142858,4.571428571428571,3,2,2,11.857142857142858,1.8571428571428568,0.14285714285714285,1.4285714285714284
78,F1,27/09/15,St Etienne,Nice,0.0,12.857142857142856,3.8571428571428568,5,1,1,15.285714285714285,1.5714285714285712,0.0,1.4285714285714284,11.857142857142858,4.857142857142857,3,2,2,12.0,1.5714285714285712,0.14285714285714285,2.2857142857142856
79,F1,29/09/15,Lille,Nantes,0.0,11.857142857142858,3.571428571428571,1,4,2,17.714285714285715,2.9999999999999996,0.14285714285714285,0.2857142857142857,9.0,2.7142857142857135,2,1,4,14.571428571428573,2.142857142857143,1.2857142857142856,0.42857142857142855
80,F1,02/10/15,Lille,Montpellier,2.0,12.875,3.625,1,4,3,16.5,2.625,0.125,0.25,10.5,3.75,1,1,6,13.5,2.25,0.0,0.75
81,F1,03/10/15,Ajaccio GFCO,Toulouse,1.0,10.75,2.875,0,2,6,13.0,2.875,0.125,0.25,11.75,4.125,1,4,3,11.125,1.875,2.375,1.0
82,F1,03/10/15,Angers,Bastia,2.0,9.625,3.375,4,3,1,13.125,2.0,0.125,1.125,7.625,2.875,3,1,4,10.875,1.375,3.125,1.5
83,F1,03/10/15,Lyon,Reims,2.0,13.625,5.0,3,3,2,12.75,1.0,0.0,1.25,9.25,4.375,4,3,1,13.25,2.5,0.0,1.375
84,F1,03/10/15,Troyes,Guingamp,0.0,11.375,3.625,0,4,4,11.0,2.375,0.125,0.625,12.0,4.25,3,1,4,14.125,2.375,0.0,1.0
85,F1,04/10/15,Caen,St Etienne,2.0,13.0,5.5,5,0,3,12.375,1.25,0.25,1.25,12.875,4.0,5,1,2,14.875,1.875,0.0,1.375
86,F1,04/10/15,Lorient,Bordeaux,2.0,11.625,4.375,3,2,3,13.0,2.25,0.25,1.375,13.125,3.75,2,4,2,13.375,2.25,2.0,1.375
87,F1,04/10/15,Monaco,Rennes,1.0,11.625,4.625,3,3,2,14.625,2.25,0.0,1.5,11.875,4.375,4,3,1,13.5,2.125,0.125,1.5
88,F1,04/10/15,Paris SG,Marseille,2.0,15.125,6.125,6,2,0,10.5,1.375,0.125,2.125,14.0,4.625,2,2,4,12.125,2.25,2.125,1.625
89,F1,16/10/15,Monaco,Lyon,1.0,11.88888888888889,4.777777777777778,3,4,2,14.555555555555555,2.333333333333333,0.0,1.4444444444444444,14.0,5.111111111111112,4,3,2,12.555555555555557,1.1111111111111112,0.0,1.222222222222222
90,F1,17/10/15,Bastia,Paris SG,0.0,7.666666666666668,2.777777777777778,3,1,5,11.444444444444446,1.4444444444444446,0.4444444444444444,1.3333333333333333,15.222222222222221,6.333333333333332,7,2,0,10.777777777777779,1.4444444444444446,1.0,2.1111111111111107
91,F1,17/10/15,Guingamp,Lille,1.0,12.666666666666664,4.555555555555555,4,1,4,14.333333333333332,2.333333333333333,0.0,1.0,13.888888888888888,3.7777777777777777,2,4,3,16.555555555555557,2.666666666666667,1.0,0.4444444444444444
92,F1,17/10/15,Nantes,Troyes,2.0,9.0,2.625,3,1,4,15.375,2.25,0.375,0.5,11.444444444444445,3.444444444444444,0,4,5,12.222222222222223,2.2222222222222223,0.2222222222222222,0.5555555555555556
93,F1,17/10/15,Reims,Caen,0.0,9.11111111111111,4.222222222222222,4,3,2,12.777777777777779,2.444444444444444,0.0,1.222222222222222,13.111111111111109,5.666666666666666,6,0,3,12.222222222222221,1.1111111111111112,1.1111111111111112,1.2222222222222223
94,F1,17/10/15,St Etienne,Ajaccio GFCO,2.0,12.555555555555555,3.888888888888889,5,1,3,14.666666666666666,1.9999999999999998,0.0,1.2222222222222223,10.333333333333334,2.8888888888888893,0,3,6,13.333333333333332,2.888888888888889,1.0,0.4444444444444444
95,F1,17/10/15,Toulouse,Angers,0.0,11.77777777777778,4.222222222222222,1,5,3,11.11111111111111,1.6666666666666667,0.5555555555555556,1.1111111111111112,10.444444444444445,3.6666666666666665,5,3,1,13.444444444444443,1.888888888888889,0.1111111111111111,1.1111111111111112
96,F1,18/10/15,Bordeaux,Montpellier,1.0,12.666666666666666,3.8888888888888884,2,4,3,13.777777777777779,2.2222222222222223,0.3333333333333333,1.4444444444444442,10.333333333333332,3.6666666666666665,1,1,7,13.666666666666666,2.111111111111111,0.0,0.6666666666666666
97,F1,18/10/15,Marseille,Lorient,1.0,13.88888888888889,5.0,2,2,5,12.111111111111112,2.3333333333333335,0.3333333333333333,1.5555555555555558,11.11111111111111,4.333333333333333,4,2,3,12.444444444444445,2.0,1.2222222222222223,1.5555555555555556
98,F1,18/10/15,Rennes,Nice,0.0,11.444444444444443,4.222222222222222,4,4,1,13.777777777777779,2.111111111111111,0.1111111111111111,1.4444444444444444,11.375,5.0,4,2,2,11.375,1.5,2.125,2.5
99,F1,23/10/15,Caen,Nantes,0.0,12.9,5.500000000000001,7,0,3,12.599999999999998,1.2999999999999998,0.2,1.2000000000000002,9.88888888888889,2.7777777777777777,4,1,4,14.11111111111111,1.9999999999999998,1.2222222222222223,0.7777777777777777
100,F1,23/10/15,Lyon,Toulouse,2.0,14.4,5.199999999999999,4,4,2,12.9,1.2,0.0,1.2000000000000004,12.7,4.3999999999999995,1,5,4,11.200000000000001,1.6,2.3000000000000003,1.1
101,F1,24/10/15,Ajaccio GFCO,Nice,2.0,9.700000000000001,2.6,0,3,7,13.3,2.5999999999999996,0.1,0.4,11.444444444444445,5.222222222222222,5,2,2,10.88888888888889,1.5555555555555558,2.111111111111111,2.666666666666667
102,F1,24/10/15,Angers,Guingamp,1.0,10.1,3.8,6,3,1,13.799999999999999,1.8000000000000003,0.1,1.2,12.4,4.300000000000001,4,2,4,14.0,2.2,0.0,1.0
103,F1,24/10/15,Lorient,Rennes,1.0,10.6,4.1,4,3,3,12.600000000000001,2.1,0.30000000000000004,1.5000000000000002,11.8,4.1,4,4,2,13.899999999999999,2.1,0.1,1.4000000000000001
104,F1,24/10/15,Montpellier,Bastia,2.0,9.9,3.3,1,2,7,13.3,2.1,0.0,0.6000000000000001,7.5,2.7,3,1,6,11.7,1.5999999999999999,3.1,1.2
105,F1,25/10/15,Bordeaux,Troyes,2.0,12.999999999999998,3.7999999999999994,2,5,3,14.0,2.4,0.30000000000000004,1.3,11.7,3.3000000000000007,0,4,6,11.8,2.1,0.2,0.5
106,F1,25/10/15,Lille,Marseille,0.0,13.5,3.6,2,5,3,17.400000000000002,2.6999999999999993,0.2,0.5,14.600000000000001,5.3,2,3,5,12.799999999999999,2.2,2.1,1.5000000000000004
107,F1,25/10/15,Paris SG,St Etienne,2.0,15.0,6.2,8,2,0,11.200000000000001,1.4,0.1,2.0999999999999996,12.600000000000001,4.1,6,1,3,14.299999999999999,1.8,0.0,1.2999999999999998
108,F1,25/10/15,Reims,Monaco,0.0,9.4,4.0,4,3,3,12.8,2.4000000000000004,0.0,1.1000000000000003,11.899999999999999,4.7,3,5,2,15.000000000000002,2.3000000000000003,0.1,1.4000000000000004
109,F1,30/10/15,Rennes,Paris SG,0.0,11.727272727272727,4.0,4,5,2,14.0,1.909090909090909,0.18181818181818182,1.3636363636363633,15.545454545454547,6.545454545454546,9,2,0,11.0,1.272727272727273,1.0,2.272727272727273
110,F1,31/10/15,Ajaccio GFCO,Bordeaux,2.0,10.0,2.9090909090909087,1,3,7,13.545454545454547,2.636363636363636,0.18181818181818182,0.6363636363636364,13.272727272727273,3.818181818181818,3,5,3,13.545454545454543,2.272727272727273,3.0,1.2727272727272727
111,F1,31/10/15,Bastia,Caen,2.0,8.0,2.545454545454545,3,1,7,11.727272727272727,1.7272727272727273,0.36363636363636365,1.0909090909090908,13.181818181818182,5.363636363636362,7,0,4,12.181818181818182,1.272727272727273,1.0909090909090908,1.0909090909090908
112,F1,31/10/15,Guingamp,Lorient,1.0,12.272727272727272,4.090909090909091,4,3,4,13.818181818181817,2.1818181818181817,0.0,0.9090909090909092,10.545454545454545,4.181818181818182,4,4,3,12.545454545454543,1.9090909090909092,1.2727272727272725,1.4545454545454544
113,F1,31/10/15,St Etienne,Reims,2.0,12.727272727272727,4.2727272727272725,6,1,4,14.363636363636365,1.6363636363636365,0.0,1.2727272727272727,9.727272727272728,4.181818181818182,4,3,4,12.818181818181818,2.2727272727272725,0.09090909090909091,1.0
114,F1,31/10/15,Toulouse,Montpellier,1.0,12.181818181818183,4.2727272727272725,1,5,5,11.818181818181817,1.8181818181818183,0.45454545454545453,1.0,9.909090909090908,3.2727272727272725,2,2,7,12.818181818181817,2.0,0.0,0.7272727272727273
115,F1,31/10/15,Troyes,Lyon,0.0,11.636363636363637,3.181818181818181,0,4,7,12.181818181818182,2.2727272727272725,0.18181818181818182,0.4545454545454546,14.909090909090908,5.454545454545454,5,4,2,13.181818181818183,1.1818181818181819,0.0,1.3636363636363635
116,F1,01/11/15,Monaco,Angers,2.0,12.272727272727272,4.636363636363636,4,5,2,14.727272727272727,2.2727272727272725,0.09090909090909091,1.3636363636363633,10.090909090909092,3.636363636363636,6,4,1,14.363636363636363,1.818181818181818,0.18181818181818182,1.090909090909091
117,F1,01/11/15,Nantes,Marseille,0.0,9.9,2.8,5,1,4,14.600000000000001,2.0,0.30000000000000004,0.8999999999999999,14.363636363636363,5.363636363636363,3,3,5,13.818181818181815,2.3636363636363638,2.090909090909091,1.5454545454545452
118,F1,01/11/15,Nice,Lille,1.0,11.2,4.9,5,2,3,10.899999999999999,1.7000000000000002,0.30000000000000004,2.5,13.18181818181818,3.6363636363636362,2,5,4,17.09090909090909,2.7272727272727275,2.0,0.5454545454545455
119,F1,04/11/15,Nice,Nantes,0.0,11.0,4.8181818181818175,5,3,3,12.09090909090909,1.8181818181818181,0.2727272727272727,2.272727272727273,10.09090909090909,2.9090909090909096,5,1,5,15.090909090909088,2.0,1.1818181818181819,0.8181818181818181
120,F1,06/11/15,Angers,Rennes,0.0,10.500000000000002,3.7499999999999996,6,4,2,14.916666666666666,1.9999999999999998,0.16666666666666666,0.9999999999999999,11.166666666666664,3.833333333333333,4,5,3,14.0,1.75,1.0833333333333333,1.2499999999999998
121,F1,07/11/15,Caen,Guingamp,2.0,12.499999999999998,5.166666666666666,7,0,5,12.583333333333332,1.3333333333333333,0.16666666666666666,1.0,12.333333333333334,4.083333333333333,4,4,4,13.5,2.25,0.08333333333333333,1.0
122,F1,07/11/15,Lille,Bastia,1.0,12.833333333333334,3.416666666666667,2,6,4,17.833333333333332,2.75,0.16666666666666666,0.49999999999999994,8.25,2.8333333333333335,4,1,7,11.75,1.6666666666666665,3.0833333333333335,1.0833333333333333
123,F1,07/11/15,Lorient,Troyes,2.0,10.666666666666668,4.166666666666667,4,5,3,13.083333333333332,1.8333333333333333,0.41666666666666663,1.4999999999999998,11.333333333333332,3.0833333333333326,0,4,8,12.166666666666666,2.2499999999999996,0.25,0.41666666666666663
124,F1,07/11/15,Montpellier,Nantes,2.0,9.666666666666668,3.0833333333333335,2,3,7,13.0,2.0,0.0,0.75,10.25,3.166666666666667,6,1,5,15.166666666666668,2.0833333333333335,1.1666666666666667,0.9166666666666665
125,F1,07/11/15,Paris SG,Toulouse,2.0,15.333333333333336,6.416666666666667,10,2,0,11.0,1.1666666666666665,0.08333333333333333,2.166666666666667,12.0,4.333333333333333,1,6,5,12.666666666666666,1.9999999999999998,2.2499999999999996,1.0
126,F1,07/11/15,Reims,Ajaccio GFCO,0.0,9.583333333333332,4.25,4,3,5,12.583333333333334,2.166666666666667,0.08333333333333333,0.9166666666666666,9.75,3.0000000000000004,2,3,7,14.083333333333334,2.6666666666666665,1.1666666666666665,0.7499999999999999
127,F1,08/11/15,Bordeaux,Monaco,2.0,12.750000000000002,3.5,3,5,4,13.250000000000002,2.4166666666666674,0.25,1.1666666666666667,12.333333333333334,4.416666666666667,5,5,2,14.083333333333336,2.333333333333333,0.08333333333333333,1.333333333333333
128,F1,08/11/15,Lyon,St Etienne,2.0,16.25,5.500000000000001,6,4,2,13.25,1.0833333333333333,0.0,1.3333333333333333,13.333333333333334,4.583333333333333,7,1,4,14.083333333333334,1.5833333333333333,0.0,1.4166666666666665
129,F1,08/11/15,Marseille,Nice,0.0,14.166666666666668,5.166666666666667,4,3,5,14.166666666666668,2.25,0.25,1.4999999999999998,10.833333333333334,4.666666666666667,5,3,4,11.666666666666666,1.75,2.0833333333333335,2.166666666666667
130,F1,20/11/15,Nice,Lyon,2.0,10.69230769230769,4.615384615384615,6,3,4,11.615384615384615,1.7692307692307696,0.23076923076923078,2.076923076923077,16.30769230769231,5.692307692307692,7,4,2,13.692307692307692,1.3076923076923077,0.0,1.4615384615384617
131,F1,21/11/15,Guingamp,Toulouse,2.0,12.384615384615387,4.230769230769231,4,4,5,13.53846153846154,2.153846153846154,0.07692307692307693,1.0,11.615384615384615,4.000000000000001,1,6,6,12.692307692307692,1.9230769230769231,2.2307692307692304,0.9230769230769231
132,F1,21/11/15,Lorient,Paris SG,0.0,12.076923076923077,4.615384615384615,5,5,3,12.769230769230768,1.6923076923076923,0.38461538461538464,1.6923076923076923,15.307692307692305,6.615384615384617,11,2,0,11.153846153846153,1.2307692307692308,1.0,2.3846153846153846
133,F1,21/11/15,Monaco,Nantes,2.0,12.384615384615387,4.538461538461539,5,5,3,14.076923076923077,2.307692307692308,0.07692307692307693,1.3076923076923075,10.230769230769232,3.076923076923077,6,1,6,15.076923076923077,2.230769230769231,1.1538461538461537,0.9230769230769231
134,F1,21/11/15,Montpellier,Reims,2.0,9.692307692307693,3.153846153846154,3,3,7,12.461538461538462,1.8461538461538463,0.0,0.8461538461538461,9.846153846153847,4.0769230769230775,4,3,6,12.384615384615387,2.230769230769231,0.07692307692307693,0.9230769230769231
135,F1,21/11/15,Troyes,Lille,1.0,11.461538461538462,3.3076923076923075,0,4,9,12.076923076923077,2.076923076923077,0.23076923076923078,0.46153846153846156,12.615384615384617,3.230769230769231,2,7,4,17.53846153846154,2.615384615384616,2.076923076923077,0.5384615384615385
136,F1,22/11/15,Bastia,Ajaccio GFCO,0.0,8.307692307692308,2.769230769230769,4,2,7,11.76923076923077,1.7692307692307694,0.3076923076923077,1.0769230769230769,9.846153846153845,3.0769230769230766,3,3,7,13.923076923076922,2.6153846153846154,1.1538461538461537,0.8461538461538463
137,F1,22/11/15,Caen,Angers,1.0,12.76923076923077,5.153846153846154,8,0,5,12.461538461538463,1.3076923076923077,0.15384615384615385,1.076923076923077,11.076923076923077,3.6923076923076925,6,4,3,14.384615384615383,1.9230769230769234,0.15384615384615385,0.9230769230769232
138,F1,22/11/15,Rennes,Bordeaux,1.0,11.076923076923078,3.6923076923076925,5,5,3,14.076923076923073,1.7692307692307692,0.15384615384615385,1.3076923076923075,12.46153846153846,3.5384615384615383,4,5,4,13.53846153846154,2.3846153846153846,3.0,1.3076923076923077
139,F1,22/11/15,St Etienne,Marseille,0.0,12.76923076923077,4.307692307692308,7,1,5,14.538461538461538,1.7692307692307694,0.0,1.3076923076923077,14.153846153846153,5.000000000000001,4,3,6,14.153846153846155,2.230769230769231,2.0769230769230766,1.3846153846153844
140,F1,27/11/15,Lyon,Montpellier,0.0,16.071428571428573,5.357142857142856,7,4,3,12.928571428571429,1.3571428571428568,0.0,1.3571428571428568,9.785714285714285,3.2142857142857144,4,3,7,12.428571428571429,1.9285714285714282,0.0,0.9999999999999999
141,F1,28/11/15,Ajaccio GFCO,Lorient,1.0,10.214285714285715,3.142857142857142,4,3,7,13.928571428571427,2.5,0.21428571428571427,0.9285714285714284,12.142857142857144,4.714285714285714,5,5,4,12.785714285714286,1.714285714285714,2.2142857142857144,1.6428571428571426
142,F1,28/11/15,Angers,Lille,2.0,11.071428571428573,3.714285714285714,6,5,3,14.285714285714285,1.8571428571428568,0.14285714285714285,0.857142857142857,12.857142857142854,3.4285714285714284,2,8,4,17.71428571428571,2.5,2.0714285714285716,0.5714285714285713
143,F1,28/11/15,Nantes,Bastia,1.0,10.357142857142858,2.999999999999999,6,1,7,15.142857142857144,2.142857142857143,0.21428571428571427,0.857142857142857,8.357142857142858,2.928571428571428,4,2,8,11.714285714285717,1.7857142857142851,3.0714285714285716,1.0714285714285714
144,F1,28/11/15,Paris SG,Troyes,2.0,14.785714285714285,6.357142857142857,12,2,0,11.357142857142858,1.214285714285714,0.07142857142857142,2.3571428571428568,11.357142857142856,3.428571428571428,0,5,9,12.428571428571429,2.071428571428571,0.21428571428571427,0.4999999999999999
145,F1,28/11/15,Reims,Rennes,1.0,9.928571428571429,4.071428571428572,4,3,7,12.785714285714285,2.214285714285714,0.07142857142857142,0.9285714285714284,10.857142857142858,3.7142857142857144,5,6,3,14.285714285714285,1.7857142857142854,1.0714285714285714,1.3571428571428568
146,F1,28/11/15,Toulouse,Nice,2.0,11.714285714285712,3.928571428571429,1,6,7,13.499999999999998,1.9999999999999996,0.4285714285714285,0.857142857142857,10.857142857142856,4.857142857142857,7,3,4,11.714285714285715,1.7142857142857137,2.0714285714285716,2.1428571428571423
147,F1,29/11/15,Bordeaux,Caen,0.0,12.142857142857142,3.642857142857143,4,6,4,13.285714285714281,2.3571428571428568,0.2857142857142857,1.357142857142857,12.785714285714286,4.928571428571429,8,1,5,12.142857142857142,1.2857142857142856,1.1428571428571428,0.9999999999999998
148,F1,29/11/15,Marseille,Monaco,1.0,14.142857142857142,5.071428571428572,5,3,6,13.785714285714285,2.142857142857143,0.21428571428571427,1.4285714285714282,12.071428571428573,4.499999999999999,6,5,3,14.0,2.285714285714285,0.07142857142857142,1.2857142857142856
149,F1,29/11/15,St Etienne,Guingamp,2.0,12.714285714285715,4.285714285714286,7,1,6,14.214285714285715,1.7142857142857137,0.0,1.214285714285714,12.000000000000002,4.285714285714285,5,4,5,13.785714285714285,2.214285714285714,0.07142857142857142,1.0714285714285712
150,F1,01/12/15,Angers,Paris SG,1.0,10.933333333333334,3.8000000000000003,7,5,3,14.8,1.8666666666666665,0.13333333333333333,0.9333333333333332,15.266666666666667,6.533333333333332,13,2,0,10.933333333333334,1.1333333333333333,1.0,2.4666666666666663
151,F1,01/12/15,Lorient,Nice,1.0,11.66666666666667,4.533333333333334,5,6,4,12.466666666666669,1.6666666666666665,0.3333333333333333,1.5999999999999999,10.666666666666666,4.733333333333333,7,3,5,11.533333333333333,1.7333333333333332,3.066666666666667,2.0
152,F1,01/12/15,Nantes,Lyon,1.0,10.600000000000001,3.0,6,2,7,15.733333333333334,2.1333333333333333,0.26666666666666666,0.7999999999999999,15.8,5.333333333333332,7,4,4,12.933333333333334,1.4666666666666666,0.0,1.4
153,F1,02/12/15,Bastia,Bordeaux,2.0,8.2,2.8000000000000003,4,3,8,11.666666666666668,1.7999999999999998,0.26666666666666666,1.0,12.0,3.6,4,6,5,13.399999999999999,2.4,4.066666666666666,1.3333333333333333
154,F1,02/12/15,Guingamp,Reims,0.0,12.133333333333335,4.266666666666667,5,4,6,14.066666666666666,2.2666666666666666,0.06666666666666667,1.0,10.066666666666666,4.066666666666667,4,4,7,12.866666666666665,2.2666666666666666,0.13333333333333333,0.9999999999999999
155,F1,02/12/15,Lille,St Etienne,2.0,12.533333333333331,3.2,2,8,5,17.4,2.5333333333333337,0.26666666666666666,0.5333333333333333,12.533333333333335,4.466666666666667,8,1,6,14.799999999999997,1.7333333333333332,0.06666666666666667,1.3333333333333333
156,F1,02/12/15,Monaco,Caen,1.0,11.933333333333334,4.533333333333333,6,6,3,14.600000000000001,2.3333333333333335,0.06666666666666667,1.4,12.8,5.266666666666667,9,1,5,12.333333333333332,1.3333333333333333,1.1333333333333333,1.2
157,F1,02/12/15,Montpellier,Ajaccio GFCO,0.0,10.133333333333333,3.6,5,3,7,12.733333333333333,2.0666666666666664,0.0,1.2,10.666666666666664,3.1333333333333333,4,4,7,13.800000000000002,2.466666666666667,1.1333333333333333,0.9333333333333332
158,F1,02/12/15,Troyes,Toulouse,0.0,11.333333333333332,3.4,0,5,10,12.133333333333333,1.9999999999999998,0.2,0.5333333333333333,11.6,4.066666666666667,2,6,7,13.466666666666667,1.9999999999999998,3.1999999999999997,0.9333333333333332
159,F1,03/12/15,Rennes,Marseille,0.0,10.866666666666665,3.866666666666667,5,7,3,14.466666666666667,1.9333333333333331,0.13333333333333333,1.4,14.000000000000004,5.133333333333334,5,4,6,13.866666666666665,2.0666666666666664,2.0666666666666664,1.5333333333333332
160,F1,04/12/15,Nice,Paris SG,0.0,10.75,4.875,7,4,5,11.8125,1.9375,0.25,1.875,15.0625,6.3125,13,3,0,10.75,1.125,1.0,2.3125
161,F1,05/12/15,Ajaccio GFCO,Nantes,1.0,10.375,3.125,5,4,7,13.75,2.5625,0.1875,1.0,10.5,3.0,6,3,7,16.1875,2.0625,1.1875,0.75
162,F1,05/12/15,Bastia,Monaco,0.0,8.1875,2.875,5,3,8,12.0625,1.75,0.25,1.0,11.8125,4.5,6,7,3,14.25,2.1875,0.0625,1.375
163,F1,05/12/15,Caen,Lille,0.0,12.5,5.125,9,2,5,12.4375,1.375,0.1875,1.1875,12.5625,3.3125,3,8,5,17.0625,2.5,3.0625,0.5625
164,F1,05/12/15,Lyon,Angers,0.0,15.4375,5.3125,7,5,4,12.75,1.5,0.0,1.3125,10.75,3.625,7,6,3,14.375,1.75,0.125,0.875
165,F1,05/12/15,Reims,Troyes,1.0,9.8125,4.0625,5,4,7,13.6875,2.375,0.1875,1.0625,11.75,3.625,0,5,11,12.0625,1.875,0.25,0.5
166,F1,05/12/15,Toulouse,Lorient,0.0,11.5625,4.3125,3,6,7,13.5625,1.9375,0.4375,1.0625,11.5625,4.4375,5,7,4,12.5,1.6875,2.1875,1.5
167,F1,06/12/15,Bordeaux,Guingamp,2.0,11.625,3.5,4,6,6,13.375,2.3125,0.3125,1.25,11.875,4.125,5,4,7,14.5,2.25,0.125,1.0
168,F1,06/12/15,Marseille,Montpellier,1.0,13.8125,5.125,6,4,6,13.6875,2.0625,0.1875,1.5,10.5,3.75,5,3,8,12.375,2.0,0.0,1.125
169,F1,06/12/15,St Etienne,Rennes,1.0,12.3125,4.1875,8,1,7,15.5,1.75,0.0625,1.25,10.8125,3.6875,5,7,4,14.625,2.0625,1.0625,1.3125
170,F1,11/12/15,Rennes,Caen,1.0,10.470588235294118,3.647058823529411,5,8,4,14.35294117647059,2.1176470588235294,0.11764705882352941,1.2941176470588236,12.647058823529415,5.117647058823529,9,2,6,12.647058823529413,1.411764705882353,1.1176470588235294,1.1764705882352942
171,F1,12/12/15,Lille,Lorient,2.0,12.529411764705882,3.4117647058823524,4,8,5,16.88235294117647,2.529411764705882,0.23529411764705882,0.6470588235294118,11.176470588235295,4.411764705882353,6,7,4,12.764705882352938,1.7058823529411766,2.1764705882352944,1.5882352941176472
172,F1,12/12/15,Montpellier,Guingamp,2.0,10.23529411764706,3.6470588235294117,5,4,8,12.352941176470589,1.9411764705882355,0.0,1.1764705882352942,11.647058823529415,4.0,5,4,8,14.64705882352941,2.235294117647059,0.11764705882352941,0.9411764705882354
173,F1,12/12/15,Nantes,Toulouse,1.0,10.588235294117647,2.9999999999999996,6,4,7,16.35294117647059,2.058823529411765,0.23529411764705882,0.7647058823529412,12.058823529411764,4.235294117647059,3,6,8,13.647058823529413,1.8823529411764708,4.1764705882352935,1.1176470588235294
174,F1,12/12/15,Reims,Nice,1.0,9.88235294117647,4.0,5,5,7,13.352941176470589,2.2941176470588234,0.1764705882352941,1.0588235294117647,10.529411764705882,4.705882352941177,7,4,6,11.647058823529413,1.823529411764706,3.117647058823529,1.7647058823529413
175,F1,12/12/15,Troyes,Bastia,1.0,11.882352941176471,3.6470588235294117,0,6,11,12.058823529411763,1.823529411764706,0.23529411764705882,0.5294117647058824,7.999999999999999,2.8235294117647056,5,3,9,12.117647058823525,1.823529411764706,3.0588235294117645,1.0
176,F1,13/12/15,Angers,Bordeaux,1.0,10.64705882352941,3.7647058823529407,8,6,3,13.941176470588234,1.7058823529411766,0.11764705882352941,0.9411764705882354,11.705882352941178,3.5294117647058822,5,6,6,13.176470588235292,2.2352941176470584,4.0588235294117645,1.2352941176470589
177,F1,13/12/15,Marseille,Ajaccio GFCO,1.0,13.823529411764705,5.2941176470588225,6,5,6,13.470588235294118,2.058823529411765,0.1764705882352941,1.5294117647058825,11.23529411764706,3.2941176470588234,5,5,7,13.588235294117643,2.5294117647058822,1.1176470588235294,1.0
178,F1,13/12/15,Monaco,St Etienne,2.0,11.52941176470588,4.352941176470589,7,7,3,14.176470588235297,2.1176470588235294,0.058823529411764705,1.411764705882353,12.411764705882351,4.176470588235294,8,2,7,15.470588235294118,1.7647058823529413,0.058823529411764705,1.2352941176470589
179,F1,13/12/15,Paris SG,Lyon,2.0,15.058823529411766,6.294117647058823,14,3,0,10.823529411764707,1.1764705882352942,0.058823529411764705,2.3529411764705883,15.294117647058822,5.0588235294117645,7,5,5,12.88235294117647,1.5882352941176472,0.0,1.2352941176470589
180,F1,18/12/15,Nice,Montpellier,2.0,10.333333333333334,4.611111111111111,7,5,6,11.722222222222221,1.8333333333333335,0.2777777777777778,1.7222222222222225,10.222222222222223,3.777777777777778,6,4,8,12.388888888888888,2.0,0.0,1.2222222222222223
181,F1,19/12/15,Bastia,Reims,2.0,8.166666666666666,2.833333333333333,5,4,9,12.61111111111111,1.9444444444444446,0.2222222222222222,1.0,10.277777777777779,4.166666666666667,5,6,7,13.277777777777779,2.2777777777777777,1.1666666666666667,1.0555555555555556
182,F1,19/12/15,Caen,Paris SG,0.0,12.61111111111111,5.0,9,3,6,12.444444444444446,1.3333333333333335,0.2222222222222222,1.1666666666666667,14.833333333333332,6.388888888888888,15,3,0,11.111111111111112,1.2222222222222225,1.0,2.5
183,F1,19/12/15,Guingamp,Rennes,0.0,11.499999999999998,4.0,5,4,9,14.944444444444443,2.2222222222222223,0.16666666666666666,0.9444444444444446,11.11111111111111,3.8888888888888884,5,9,4,13.944444444444446,2.0555555555555554,1.0555555555555556,1.277777777777778
184,F1,19/12/15,Lorient,Nantes,1.0,11.166666666666666,4.333333333333333,6,7,5,12.61111111111111,1.7222222222222225,0.2777777777777778,1.5000000000000002,10.833333333333334,2.944444444444444,6,5,7,16.444444444444443,2.166666666666667,1.1666666666666667,0.7777777777777778
185,F1,19/12/15,Toulouse,Lille,1.0,11.666666666666668,4.166666666666666,3,7,8,13.722222222222223,2.0000000000000004,0.44444444444444453,1.1111111111111112,12.722222222222221,3.6111111111111107,5,8,5,16.666666666666668,2.5000000000000004,3.0555555555555554,0.7777777777777778
186,F1,19/12/15,Troyes,Monaco,1.0,12.166666666666666,3.6666666666666665,0,7,11,11.999999999999998,1.8333333333333335,0.2222222222222222,0.5555555555555557,11.444444444444443,4.333333333333333,8,7,3,14.5,2.1666666666666665,0.05555555555555555,1.388888888888889
187,F1,20/12/15,Ajaccio GFCO,Lyon,2.0,11.111111111111112,3.2222222222222223,5,6,7,14.166666666666664,2.6111111111111116,0.16666666666666666,1.0,14.944444444444441,4.944444444444445,7,5,6,12.666666666666668,1.5555555555555558,0.0,1.2222222222222223
188,F1,20/12/15,Bordeaux,Marseille,1.0,11.222222222222221,3.444444444444444,5,7,6,12.944444444444445,2.222222222222222,0.2777777777777778,1.222222222222222,13.555555555555555,5.166666666666667,6,6,6,13.38888888888889,2.055555555555556,2.1111111111111107,1.5000000000000004
189,F1,20/12/15,St Etienne,Angers,2.0,12.000000000000002,3.944444444444444,8,2,8,15.555555555555555,1.777777777777778,0.1111111111111111,1.1666666666666667,10.444444444444445,3.722222222222222,8,7,3,13.888888888888888,1.666666666666667,0.1111111111111111,0.9444444444444446
190,F1,08/01/16,Paris SG,Bastia,2.0,14.999999999999998,6.578947368421052,16,3,0,11.105263157894738,1.263157894736842,0.05263157894736842,2.5263157894736836,8.105263157894738,2.7894736842105257,6,4,9,12.894736842105264,2.0,3.0526315789473686,1.0526315789473681
191,F1,09/01/16,Angers,Caen,2.0,10.473684210526313,3.631578947368421,8,7,4,13.999999999999996,1.7368421052631575,0.10526315789473684,0.894736842105263,12.368421052631577,4.789473684210526,9,3,7,12.263157894736839,1.421052631578947,2.1052631578947367,1.1052631578947367
192,F1,09/01/16,Lyon,Troyes,2.0,14.631578947368421,4.789473684210527,7,5,7,12.63157894736842,1.526315789473684,0.0,1.2105263157894735,12.105263157894738,3.5789473684210518,0,8,11,11.684210526315791,1.8421052631578942,0.2631578947368421,0.5263157894736842
193,F1,09/01/16,Monaco,Ajaccio GFCO,1.0,11.684210526315791,4.36842105263158,8,8,3,14.63157894736842,2.2105263157894735,0.05263157894736842,1.31578947368421,11.157894736842103,3.473684210526316,6,6,7,14.526315789473685,2.6315789473684212,1.1052631578947367,1.0526315789473686
194,F1,09/01/16,Montpellier,Bordeaux,0.0,10.210526315789474,3.8947368421052633,6,4,9,12.526315789473683,2.0,0.0,1.1578947368421053,11.210526315789473,3.4210526315789465,5,8,6,12.947368421052632,2.2631578947368416,4.052631578947368,1.2105263157894735
195,F1,09/01/16,Reims,Toulouse,0.0,10.315789473684212,4.052631578947368,5,6,8,12.947368421052632,2.2105263157894735,0.21052631578947367,0.9999999999999998,11.421052631578949,4.157894736842105,3,8,8,13.94736842105263,2.0,5.210526315789473,1.1052631578947367
196,F1,09/01/16,Rennes,Lorient,1.0,11.0,3.9473684210526314,6,9,4,13.789473684210527,2.052631578947368,0.10526315789473684,1.3157894736842102,11.526315789473687,4.2105263157894735,6,8,5,12.263157894736842,1.6315789473684208,2.1578947368421053,1.4210526315789473
197,F1,10/01/16,Lille,Nice,1.0,13.315789473684209,3.7368421052631575,5,9,5,16.36842105263158,2.4210526315789473,0.21052631578947367,0.7894736842105263,10.26315789473684,4.578947368421052,8,5,6,12.052631578947366,1.8421052631578942,3.105263157894737,1.6842105263157892
198,F1,10/01/16,Marseille,Guingamp,1.0,13.210526315789473,5.105263157894736,6,7,6,13.421052631578947,2.1052631578947363,0.21052631578947367,1.4736842105263155,11.57894736842105,3.999999999999999,5,4,10,14.73684210526316,2.1578947368421053,1.1052631578947367,0.894736842105263
199,F1,10/01/16,Nantes,St Etienne,2.0,10.94736842105263,3.1052631578947367,6,6,7,16.473684210526315,2.2105263157894735,0.21052631578947367,0.7368421052631577,12.157894736842104,3.789473684210526,9,2,8,15.210526315789474,1.8421052631578942,1.0526315789473684,1.1578947368421053
200,F1,15/01/16,Nice,Angers,2.0,10.199999999999998,4.500000000000001,8,6,6,12.5,1.9000000000000004,0.25,1.6500000000000001,10.6,3.6999999999999997,9,7,4,13.600000000000001,1.6500000000000004,0.1,0.95
201,F1,16/01/16,Ajaccio GFCO,Reims,1.0,11.1,3.4,6,7,7,14.85,2.65,0.15000000000000002,1.1,10.200000000000001,4.000000000000001,5,6,9,13.200000000000001,2.2,1.2000000000000002,1.0000000000000002
202,F1,16/01/16,Bastia,Montpellier,2.0,7.95,2.6500000000000004,6,4,10,13.150000000000002,2.05,0.2,1.0000000000000002,10.3,3.9,6,4,10,12.55,2.0,0.0,1.1000000000000003
203,F1,16/01/16,Bordeaux,Lille,2.0,11.3,3.4,6,8,6,12.850000000000001,2.1999999999999997,0.25,1.2000000000000002,13.15,3.6999999999999993,5,10,5,16.55,2.4499999999999993,3.05,0.8
204,F1,16/01/16,Guingamp,Nantes,1.0,11.35,3.850000000000001,5,5,10,14.75,2.0999999999999996,0.15000000000000002,0.8500000000000001,11.299999999999999,3.2499999999999996,7,6,7,16.55,2.15,1.1500000000000001,0.8
205,F1,16/01/16,Toulouse,Paris SG,0.0,11.25,4.1,4,8,8,14.000000000000002,2.1,0.44999999999999996,1.2,14.950000000000001,6.400000000000001,17,3,0,11.050000000000002,1.2500000000000002,1.0,2.5
206,F1,16/01/16,Troyes,Rennes,0.0,11.95,3.5500000000000007,0,8,12,12.100000000000001,1.8000000000000005,0.25,0.5499999999999999,11.049999999999999,3.9499999999999997,6,10,4,13.499999999999998,1.9500000000000002,1.05,1.3500000000000003
207,F1,17/01/16,Caen,Marseille,0.0,12.500000000000002,4.700000000000001,9,3,8,12.049999999999999,1.4500000000000002,0.2,1.0500000000000003,13.299999999999997,5.000000000000001,6,8,6,13.649999999999999,2.1000000000000005,2.0999999999999996,1.4000000000000004
208,F1,17/01/16,Lorient,Monaco,0.0,11.250000000000002,4.1,6,9,5,12.200000000000003,1.6000000000000005,0.25,1.4500000000000002,11.65,4.3500000000000005,8,9,3,14.700000000000001,2.2,0.05,1.3500000000000005
209,F1,17/01/16,St Etienne,Lyon,2.0,12.049999999999999,3.6999999999999997,9,2,9,15.149999999999999,1.9000000000000004,0.1,1.1500000000000001,14.999999999999998,4.949999999999999,8,5,7,12.8,1.5000000000000002,0.0,1.3500000000000003
210,F1,22/01/16,Rennes,Ajaccio GFCO,2.0,11.428571428571429,4.380952380952381,7,10,4,13.190476190476193,1.9047619047619049,0.09523809523809523,1.4761904761904765,11.428571428571427,3.428571428571428,6,8,7,14.76190476190476,2.619047619047618,1.0952380952380953,1.1428571428571428
211,F1,23/01/16,Guingamp,Bastia,2.0,11.190476190476192,3.8571428571428577,5,6,10,14.523809523809526,2.1904761904761907,0.19047619047619047,0.9047619047619048,7.666666666666665,2.5714285714285716,7,4,10,13.523809523809524,2.095238095238095,3.095238095238095,1.0000000000000002
212,F1,23/01/16,Lille,Troyes,0.0,13.0,3.857142857142857,5,10,6,16.57142857142857,2.3809523809523805,0.19047619047619047,0.7619047619047619,11.952380952380953,3.6190476190476195,0,8,13,11.857142857142858,1.8571428571428574,0.23809523809523808,0.619047619047619
213,F1,23/01/16,Montpellier,Caen,0.0,10.142857142857142,3.761904761904761,6,4,11,12.476190476190474,1.9523809523809523,0.047619047619047616,1.0476190476190474,12.238095238095237,4.6190476190476195,9,3,9,12.238095238095234,1.4761904761904763,2.0952380952380953,1.0476190476190477
214,F1,23/01/16,Nantes,Bordeaux,1.0,11.142857142857142,3.1428571428571423,7,7,7,16.42857142857143,2.095238095238095,0.19047619047619047,0.8571428571428572,11.428571428571427,3.3809523809523805,7,8,6,13.047619047619047,2.1904761904761907,4.0476190476190474,1.1904761904761905
215,F1,23/01/16,Nice,Lorient,2.0,10.238095238095239,4.523809523809524,9,6,6,12.333333333333334,1.904761904761905,0.23809523809523808,1.666666666666667,11.095238095238093,4.0,6,9,6,12.285714285714288,1.619047619047619,2.1428571428571432,1.380952380952381
216,F1,23/01/16,Paris SG,Angers,2.0,14.809523809523807,6.285714285714288,18,3,0,10.952380952380954,1.1904761904761905,0.047619047619047616,2.4285714285714284,10.523809523809524,3.7142857142857144,9,7,5,13.761904761904765,1.7142857142857144,0.09523809523809523,0.9523809523809523
217,F1,24/01/16,Lyon,Marseille,1.0,15.142857142857142,4.952380952380952,8,5,8,12.809523809523808,1.4761904761904763,0.0,1.2857142857142856,13.380952380952378,5.190476190476191,7,8,6,13.57142857142857,2.047619047619048,2.095238095238095,1.4761904761904763
218,F1,24/01/16,Monaco,Toulouse,2.0,11.380952380952383,4.333333333333334,9,9,3,14.571428571428571,2.1428571428571423,0.047619047619047616,1.3809523809523814,11.142857142857142,4.047619047619047,4,8,9,13.761904761904757,2.0476190476190474,5.19047619047619,1.1428571428571428
219,F1,24/01/16,Reims,St Etienne,1.0,10.19047619047619,4.095238095238096,5,7,9,12.952380952380953,2.0952380952380953,0.23809523809523808,1.047619047619048,11.904761904761902,3.6190476190476186,10,2,9,15.619047619047619,1.9523809523809526,1.0476190476190477,1.1428571428571428
220,F1,29/01/16,Marseille,Lille,1.0,13.09090909090909,5.136363636363636,7,9,6,13.86363636363636,2.045454545454545,0.18181818181818182,1.4545454545454541,13.318181818181815,3.9090909090909083,5,10,7,16.31818181818182,2.363636363636363,3.0454545454545454,0.7727272727272727
221,F1,30/01/16,Ajaccio GFCO,Montpellier,0.0,11.272727272727272,3.363636363636363,6,8,8,14.772727272727277,2.6363636363636354,0.13636363636363635,1.0909090909090908,10.363636363636363,3.681818181818181,6,4,12,12.227272727272728,1.9545454545454541,1.0,1.0454545454545454
222,F1,30/01/16,Angers,Monaco,2.0,10.545454545454545,3.7272727272727257,9,7,6,13.636363636363638,1.6818181818181812,0.09090909090909091,0.9545454545454546,11.5,4.363636363636362,10,9,3,14.863636363636363,2.227272727272726,0.045454545454545456,1.4999999999999996
223,F1,30/01/16,Bastia,Lyon,2.0,7.5,2.499999999999999,7,4,11,13.681818181818183,2.045454545454545,0.31818181818181823,0.9545454545454543,15.454545454545455,5.136363636363636,8,6,8,13.000000000000002,1.4999999999999996,0.0,1.2727272727272727
224,F1,30/01/16,Lorient,Reims,2.0,11.136363636363637,3.999999999999999,6,9,7,12.40909090909091,1.6363636363636358,0.2272727272727273,1.3636363636363633,10.272727272727272,4.045454545454545,5,8,9,13.090909090909088,2.0909090909090904,1.1818181818181817,1.0454545454545454
225,F1,30/01/16,Toulouse,Guingamp,0.0,11.045454545454543,3.999999999999999,4,8,10,13.863636363636362,2.0,0.4090909090909091,1.0909090909090908,11.409090909090907,3.818181818181817,6,6,10,14.136363636363637,2.1363636363636354,1.1363636363636362,0.9090909090909091
226,F1,30/01/16,Troyes,Nantes,0.0,11.727272727272727,3.636363636363635,1,8,13,11.545454545454545,1.8181818181818175,0.2272727272727273,0.7272727272727274,11.0,3.0909090909090904,7,8,7,16.454545454545453,2.0909090909090904,1.1363636363636362,0.9090909090909091
227,F1,31/01/16,Bordeaux,Rennes,2.0,11.272727272727275,3.4545454545454533,7,9,6,13.0,2.272727272727272,0.2272727272727273,1.227272727272727,11.363636363636362,4.3181818181818175,8,10,4,13.000000000000002,1.9545454545454541,1.0454545454545454,1.4545454545454544
228,F1,31/01/16,Caen,Nice,2.0,12.136363636363637,4.590909090909091,10,3,9,12.227272727272723,1.4545454545454541,0.18181818181818182,1.0909090909090906,10.136363636363635,4.409090909090908,10,6,6,12.545454545454545,1.8636363636363633,3.090909090909091,1.6818181818181817
229,F1,31/01/16,St Etienne,Paris SG,0.0,11.590909090909088,3.4999999999999996,10,3,9,15.727272727272728,1.9545454545454537,0.09090909090909091,1.1363636363636362,14.863636363636363,6.454545454545454,19,3,0,10.818181818181817,1.1363636363636362,1.0,2.545454545454545
230,F1,02/02/16,Monaco,Bastia,2.0,11.391304347826088,4.347826086956521,10,9,4,14.65217391304348,2.2608695652173907,0.043478260869565216,1.4347826086956519,7.478260869565217,2.521739130434783,8,4,11,13.652173913043477,2.08695652173913,5.130434782608696,0.9565217391304346
231,F1,02/02/16,Montpellier,Marseille,0.0,10.260869565217394,3.6956521739130426,7,4,12,12.130434782608697,1.9999999999999993,0.043478260869565216,1.1739130434782608,13.217391304347826,5.043478260869564,7,10,6,13.782608695652174,1.9999999999999996,2.1304347826086962,1.4347826086956519
232,F1,03/02/16,Guingamp,Troyes,2.0,11.217391304347828,3.7826086956521734,7,6,10,14.304347826086955,2.2173913043478257,0.17391304347826086,0.9565217391304344,11.782608695652177,3.695652173913043,1,8,14,11.565217391304348,1.7826086956521734,0.21739130434782608,0.6956521739130433
233,F1,03/02/16,Lille,Caen,2.0,13.260869565217392,3.913043478260869,5,11,7,16.521739130434785,2.304347826086956,0.17391304347826086,0.7826086956521737,12.000000000000002,4.608695652173913,11,3,9,12.217391304347826,1.4347826086956517,2.0869565217391304,1.1304347826086956
234,F1,03/02/16,Lyon,Bordeaux,2.0,15.173913043478267,5.000000000000001,8,6,9,13.217391304347828,1.5217391304347823,0.0,1.217391304347826,11.695652173913043,3.6086956521739135,8,9,6,12.782608695652176,2.2608695652173907,4.043478260869565,1.3478260869565215
235,F1,03/02/16,Nantes,Ajaccio GFCO,2.0,10.956521739130434,3.0869565217391304,8,8,7,16.43478260869565,2.130434782608695,0.17391304347826086,0.9130434782608694,11.478260869565217,3.347826086956521,6,8,9,14.739130434782606,2.652173913043478,1.0869565217391304,1.043478260869565
236,F1,03/02/16,Nice,Toulouse,2.0,10.347826086956522,4.478260869565218,10,6,7,12.608695652173914,1.869565217391304,0.21739130434782608,1.6086956521739126,11.173913043478262,4.086956521739131,4,8,11,14.000000000000002,1.9565217391304344,5.217391304347826,1.0869565217391304
237,F1,03/02/16,Paris SG,Lorient,2.0,14.73913043478261,6.391304347826087,20,3,0,10.826086956521738,1.1739130434782605,0.043478260869565216,2.5217391304347827,10.999999999999998,3.9999999999999996,7,9,7,12.521739130434781,1.695652173913043,2.1304347826086953,1.3913043478260867
238,F1,03/02/16,Reims,Angers,2.0,10.347826086956523,4.0,5,8,10,13.130434782608695,2.08695652173913,0.21739130434782608,0.9999999999999998,10.91304347826087,4.0,10,7,6,13.739130434782608,1.6956521739130432,0.08695652173913043,1.043478260869565
239,F1,04/02/16,Rennes,St Etienne,0.0,11.217391304347828,4.260869565217391,8,10,5,12.913043478260873,1.913043478260869,0.08695652173913043,1.3913043478260867,11.608695652173916,3.4782608695652177,10,3,10,16.043478260869566,2.0434782608695645,1.0434782608695652,1.0869565217391304
240,F1,06/02/16,Ajaccio GFCO,Guingamp,1.0,11.166666666666664,3.291666666666668,6,8,10,14.875,2.583333333333333,0.16666666666666666,1.0416666666666667,11.249999999999998,3.833333333333333,8,6,10,14.166666666666668,2.1666666666666665,1.125,1.0833333333333333
241,F1,06/02/16,Angers,Lyon,0.0,10.916666666666668,4.041666666666666,10,7,7,13.791666666666664,1.75,0.125,1.0416666666666665,15.249999999999998,5.0,9,6,9,13.041666666666666,1.5416666666666667,0.0,1.2916666666666667
242,F1,06/02/16,Bastia,Troyes,2.0,7.624999999999999,2.5416666666666665,8,4,12,13.499999999999998,2.0416666666666665,0.3333333333333333,0.9166666666666664,11.916666666666666,3.7083333333333326,1,8,15,11.583333333333334,1.8333333333333333,0.20833333333333331,0.6666666666666667
243,F1,06/02/16,Caen,Reims,0.0,11.916666666666666,4.499999999999999,11,3,10,12.333333333333332,1.4166666666666667,0.20833333333333331,1.0833333333333333,10.458333333333332,3.9999999999999996,6,8,10,13.000000000000002,2.0,1.1666666666666667,1.0416666666666665
244,F1,06/02/16,Lorient,Montpellier,1.0,11.000000000000002,4.0,7,9,8,12.458333333333334,1.6666666666666665,0.20833333333333331,1.3749999999999998,10.291666666666668,3.6666666666666665,7,4,13,12.374999999999998,2.0,1.0,1.125
245,F1,06/02/16,Monaco,Nice,2.0,11.250000000000002,4.333333333333334,11,9,4,14.541666666666668,2.25,0.041666666666666664,1.458333333333333,10.333333333333334,4.375,11,6,7,12.5,1.833333333333333,3.083333333333333,1.5833333333333337
246,F1,06/02/16,Toulouse,Nantes,1.0,11.000000000000002,3.958333333333333,4,8,12,13.791666666666666,1.916666666666667,0.4166666666666667,1.0416666666666667,11.166666666666666,3.291666666666667,9,8,7,16.416666666666668,2.0833333333333335,1.125,1.0
247,F1,07/02/16,Bordeaux,St Etienne,0.0,11.708333333333336,3.625,8,9,7,12.75,2.3333333333333335,0.20833333333333331,1.2916666666666665,11.666666666666668,3.499999999999999,11,3,10,16.041666666666668,2.0416666666666665,1.0416666666666667,1.0833333333333333
248,F1,07/02/16,Lille,Rennes,1.0,13.208333333333332,4.0,6,11,7,16.583333333333336,2.2083333333333335,0.16666666666666666,0.7916666666666664,10.958333333333332,4.083333333333333,8,10,6,12.750000000000002,1.916666666666667,1.0416666666666667,1.3333333333333333
249,F1,07/02/16,Marseille,Paris SG,0.0,12.833333333333332,4.875000000000001,8,10,6,13.750000000000002,2.0416666666666665,0.24999999999999997,1.416666666666667,14.791666666666668,6.416666666666668,21,3,0,10.75,1.1666666666666667,1.0,2.541666666666667
250,F1,12/02/16,Rennes,Angers,2.0,10.920000000000002,4.040000000000001,8,11,6,12.719999999999995,2.0000000000000004,0.08,1.32,10.68,3.8800000000000012,10,7,8,13.599999999999998,1.7200000000000006,1.12,1.0
251,F1,13/02/16,Ajaccio GFCO,Troyes,0.0,11.400000000000002,3.2400000000000007,6,9,10,14.84,2.520000000000001,0.16,1.0,11.879999999999999,3.6000000000000014,1,8,16,11.600000000000001,1.8400000000000007,2.2,0.6399999999999999
252,F1,13/02/16,Guingamp,Bordeaux,0.0,10.919999999999998,3.6800000000000015,8,7,10,13.920000000000002,2.0800000000000005,0.2,1.04,11.640000000000002,3.6000000000000014,8,9,8,12.999999999999998,2.400000000000001,4.08,1.28
253,F1,13/02/16,Montpellier,Toulouse,2.0,10.32,3.7200000000000006,7,5,13,12.2,1.9600000000000004,0.04,1.12,10.919999999999998,3.880000000000001,4,9,12,13.839999999999998,1.9200000000000004,5.2,1.0
254,F1,13/02/16,Nantes,Lorient,2.0,11.320000000000002,3.4400000000000004,9,9,7,16.600000000000005,2.1600000000000006,0.16,0.96,10.800000000000002,4.000000000000001,7,10,8,12.360000000000001,1.6400000000000006,2.16,1.3600000000000003
255,F1,13/02/16,Paris SG,Lille,1.0,14.640000000000002,6.280000000000002,22,3,0,10.72,1.1600000000000001,0.04,2.5200000000000005,13.360000000000003,4.080000000000002,6,12,7,16.4,2.160000000000001,3.08,0.8000000000000003
256,F1,13/02/16,Reims,Bastia,0.0,10.520000000000003,4.040000000000002,7,8,10,13.0,2.0000000000000004,0.2,1.08,7.760000000000003,2.6400000000000006,9,4,12,13.280000000000003,1.9600000000000004,5.16,0.9600000000000001
257,F1,14/02/16,Lyon,Caen,2.0,14.96,4.920000000000001,10,6,9,13.16,1.5600000000000005,0.0,1.3599999999999999,11.92,4.480000000000001,11,3,11,12.360000000000001,1.4800000000000004,3.08,1.04
258,F1,14/02/16,Nice,Marseille,1.0,10.400000000000002,4.320000000000001,11,6,8,12.560000000000004,2.0,0.2,1.5200000000000005,13.040000000000001,4.960000000000002,8,10,7,13.480000000000002,1.9600000000000009,3.12,1.4000000000000004
259,F1,14/02/16,St Etienne,Monaco,1.0,11.76,3.68,12,3,10,16.160000000000004,2.0000000000000004,0.08,1.2000000000000002,11.120000000000001,4.320000000000001,12,9,4,14.520000000000001,2.3200000000000007,0.08,1.4400000000000004
260,F1,19/02/16,Bordeaux,Nice,1.0,11.692307692307693,3.730769230769231,9,9,8,12.846153846153848,2.307692307692308,0.23076923076923078,1.3846153846153846,10.346153846153845,4.269230769230768,11,7,8,12.615384615384613,1.961538461538462,3.0769230769230766,1.5000000000000004
261,F1,20/02/16,Angers,Montpellier,0.0,10.615384615384615,3.7307692307692313,10,7,9,13.769230769230768,1.692307692307693,0.15384615384615385,0.9615384615384616,10.192307692307695,3.6538461538461546,8,5,13,12.26923076923077,1.884615384615385,1.0,1.1538461538461537
262,F1,20/02/16,Lorient,Guingamp,2.0,10.538461538461538,3.8846153846153846,7,10,9,12.423076923076922,1.6923076923076925,0.2692307692307693,1.3461538461538463,10.884615384615387,3.615384615384616,8,7,11,14.076923076923078,2.0384615384615388,2.1153846153846154,1.0769230769230769
263,F1,20/02/16,Monaco,Troyes,2.0,11.000000000000004,4.230769230769232,12,10,4,14.384615384615387,2.2692307692307696,0.07692307692307693,1.4230769230769231,11.653846153846155,3.576923076923077,2,8,16,11.53846153846154,1.884615384615385,2.1923076923076925,0.7307692307692307
264,F1,20/02/16,Paris SG,Reims,2.0,14.538461538461537,6.192307692307693,22,4,0,10.80769230769231,1.1923076923076923,0.038461538461538464,2.4230769230769234,10.615384615384617,4.0769230769230775,7,8,11,13.461538461538463,2.1153846153846154,1.153846153846154,1.0384615384615383
265,F1,20/02/16,Toulouse,Ajaccio GFCO,1.0,10.84615384615385,3.8461538461538467,4,9,13,13.807692307692307,1.9230769230769234,0.3846153846153846,0.9615384615384616,11.653846153846152,3.3461538461538467,6,9,11,14.923076923076922,2.5000000000000004,2.076923076923077,1.0384615384615383
266,F1,21/02/16,Caen,Rennes,2.0,12.038461538461542,4.538461538461539,11,3,12,12.346153846153848,1.6153846153846154,0.19230769230769232,1.0384615384615385,10.884615384615387,3.961538461538462,9,11,6,12.615384615384619,1.9230769230769234,1.0384615384615385,1.3076923076923077
267,F1,21/02/16,Lille,Lyon,2.0,13.038461538461538,3.923076923076924,6,13,7,16.153846153846157,2.1923076923076925,0.19230769230769232,0.769230769230769,15.153846153846159,5.038461538461537,11,6,9,13.192307692307692,1.6153846153846156,0.0,1.4615384615384617
268,F1,21/02/16,Marseille,St Etienne,1.0,12.961538461538462,5.000000000000001,8,11,7,13.500000000000002,1.9615384615384617,0.23076923076923078,1.3846153846153852,12.038461538461538,3.769230769230769,12,4,10,15.846153846153845,1.923076923076923,1.0384615384615385,1.1923076923076923
269,F1,26/02/16,Nice,Bastia,0.0,10.333333333333334,4.185185185185185,11,8,8,12.444444444444446,1.9629629629629628,0.18518518518518517,1.4444444444444438,7.961538461538463,2.6538461538461537,10,4,12,13.423076923076923,2.0000000000000004,5.153846153846153,0.9615384615384613
270,F1,27/02/16,Guingamp,Angers,1.0,11.000000000000002,3.7407407407407396,8,7,12,13.777777777777773,1.9999999999999996,0.18518518518518517,1.1481481481481481,10.703703703703702,3.7407407407407405,10,7,10,13.777777777777777,1.6296296296296293,1.111111111111111,0.9999999999999999
271,F1,27/02/16,Montpellier,Lille,2.0,10.259259259259258,3.703703703703704,9,5,13,12.444444444444443,1.8518518518518516,0.037037037037037035,1.2222222222222223,12.88888888888889,3.8518518518518507,7,13,7,16.185185185185183,2.296296296296296,3.0740740740740744,0.7777777777777775
272,F1,27/02/16,Reims,Bordeaux,2.0,10.592592592592592,4.037037037037035,7,8,12,13.37037037037037,2.0370370370370363,0.18518518518518517,1.037037037037037,11.814814814814815,3.6666666666666665,9,10,8,12.592592592592592,2.2222222222222214,4.074074074074074,1.333333333333333
273,F1,27/02/16,Toulouse,Rennes,0.0,10.925925925925927,3.814814814814815,4,10,13,13.777777777777779,1.8888888888888886,0.37037037037037035,0.9629629629629628,10.74074074074074,3.8518518518518516,9,11,7,12.703703703703702,1.8888888888888884,1.037037037037037,1.259259259259259
274,F1,27/02/16,Troyes,Lorient,0.0,11.740740740740739,3.7037037037037024,2,8,17,11.555555555555555,1.8148148148148144,0.25925925925925924,0.7407407407407407,11.111111111111109,4.074074074074073,8,10,9,12.518518518518515,1.7777777777777775,3.148148148148148,1.4444444444444442
275,F1,28/02/16,Lyon,Paris SG,2.0,15.0,4.962962962962962,11,6,10,13.444444444444443,1.666666666666666,0.07407407407407407,1.4074074074074074,14.555555555555555,6.185185185185184,23,4,0,10.703703703703702,1.2222222222222219,1.0,2.481481481481481
276,F1,28/02/16,Nantes,Monaco,1.0,11.230769230769232,3.3846153846153855,10,9,7,16.65384615384615,2.1153846153846154,0.15384615384615385,1.0,11.185185185185183,4.3703703703703685,13,10,4,14.222222222222223,2.259259259259259,0.07407407407407407,1.4814814814814814
277,F1,28/02/16,St Etienne,Caen,0.0,12.148148148148149,3.6666666666666674,12,5,10,16.037037037037038,1.8888888888888888,0.07407407407407407,1.1851851851851847,11.962962962962964,4.555555555555555,12,3,12,12.37037037037037,1.5925925925925921,3.074074074074074,1.0370370370370368
278,F1,04/03/16,Caen,Monaco,1.0,12.107142857142861,4.607142857142858,13,3,12,12.321428571428571,1.5714285714285718,0.17857142857142855,1.0714285714285712,10.928571428571429,4.249999999999999,13,11,4,14.25,2.2142857142857144,0.07142857142857142,1.4285714285714286
279,F1,05/03/16,Angers,St Etienne,1.0,10.607142857142858,3.6785714285714284,10,8,10,13.857142857142854,1.678571428571429,0.17857142857142855,1.0357142857142854,12.285714285714286,3.6785714285714284,12,5,11,15.785714285714286,1.8928571428571428,1.0357142857142858,1.1785714285714286
280,F1,05/03/16,Bastia,Lorient,1.0,8.037037037037038,2.7037037037037033,11,4,12,13.62962962962963,2.111111111111111,0.3333333333333333,0.9999999999999999,11.392857142857144,4.178571428571429,9,10,9,12.392857142857144,1.7500000000000002,3.1428571428571432,1.4285714285714288
281,F1,05/03/16,Bordeaux,Ajaccio GFCO,1.0,11.607142857142858,3.5714285714285716,9,10,9,12.714285714285712,2.2142857142857144,0.21428571428571425,1.3214285714285714,11.555555555555554,3.2962962962962954,6,10,11,15.037037037037038,2.4814814814814823,3.074074074074074,1.037037037037037
282,F1,05/03/16,Lille,Reims,2.0,12.642857142857142,3.785714285714286,7,13,8,16.28571428571428,2.3214285714285716,0.17857142857142855,0.7499999999999999,10.75,4.142857142857143,8,8,12,13.464285714285714,2.0357142857142856,1.142857142857143,1.1428571428571426
283,F1,05/03/16,Nice,Troyes,2.0,10.321428571428573,4.214285714285715,11,8,9,12.535714285714288,1.9999999999999998,0.21428571428571425,1.392857142857143,11.749999999999998,3.785714285714285,2,8,18,11.35714285714286,1.8214285714285718,2.214285714285714,0.7142857142857141
284,F1,05/03/16,Paris SG,Montpellier,1.0,14.25,6.071428571428571,23,4,1,10.821428571428573,1.3571428571428568,0.03571428571428571,2.428571428571429,10.25,3.75,10,5,13,12.5,1.8214285714285718,1.0,1.2857142857142858
285,F1,06/03/16,Lyon,Guingamp,2.0,14.964285714285715,5.035714285714284,12,6,10,13.714285714285712,1.7142857142857142,0.07142857142857142,1.4285714285714282,11.142857142857146,3.714285714285714,8,8,12,13.678571428571425,2.035714285714286,2.107142857142857,1.1785714285714284
286,F1,06/03/16,Marseille,Toulouse,1.0,12.777777777777777,4.888888888888889,8,12,7,13.555555555555555,1.8888888888888884,0.25925925925925924,1.37037037037037,10.749999999999996,3.714285714285715,4,10,14,13.964285714285714,1.892857142857143,5.178571428571429,0.964285714285714
287,F1,06/03/16,Rennes,Nantes,2.0,11.000000000000002,3.892857142857143,10,11,7,12.571428571428571,1.8214285714285716,0.07142857142857142,1.2857142857142856,11.333333333333332,3.4074074074074074,10,10,7,16.518518518518515,2.0740740740740744,1.111111111111111,0.9629629629629629
288,F1,09/03/16,Ajaccio GFCO,Marseille,1.0,11.285714285714285,3.250000000000001,6,11,11,14.964285714285714,2.4642857142857144,0.17857142857142855,1.0357142857142854,13.035714285714285,5.0,8,13,7,13.5,1.892857142857143,3.1428571428571423,1.3571428571428574
289,F1,09/03/16,Bastia,Nantes,1.0,8.60714285714286,2.8571428571428568,11,5,12,13.678571428571432,2.142857142857143,0.3214285714285714,0.9642857142857141,11.321428571428573,3.5,10,10,8,16.5,2.071428571428572,1.1071428571428572,0.964285714285714
290,F1,11/03/16,Monaco,Reims,1.0,10.86206896551724,4.206896551724137,13,12,4,14.206896551724137,2.275862068965517,0.06896551724137931,1.4482758620689653,10.689655172413795,4.1724137931034475,8,8,13,13.758620689655173,2.034482758620689,2.137931034482759,1.103448275862069
291,F1,12/03/16,Ajaccio GFCO,Caen,2.0,11.482758620689655,3.3448275862068972,6,12,11,15.275862068965518,2.4482758620689657,0.1724137931034483,1.0344827586206895,12.172413793103448,4.655172413793104,13,4,12,12.275862068965518,1.551724137931035,3.0689655172413794,1.1034482758620687
292,F1,12/03/16,Bastia,Lille,0.0,8.482758620689657,2.7931034482758617,11,6,12,13.655172413793107,2.103448275862069,0.3103448275862069,0.9310344827586206,12.482758620689658,3.827586206896552,8,13,8,16.241379310344826,2.3103448275862073,3.068965517241379,0.7931034482758619
293,F1,12/03/16,Guingamp,St Etienne,2.0,11.137931034482756,3.758620689655172,8,8,13,13.551724137931037,2.0689655172413794,0.1724137931034483,1.1724137931034484,12.10344827586207,3.5862068965517233,12,6,11,15.758620689655173,1.9310344827586203,1.0344827586206897,1.1379310344827587
294,F1,12/03/16,Lorient,Marseille,1.0,11.068965517241379,4.068965517241379,9,11,9,12.379310344827584,1.8275862068965518,0.24137931034482762,1.3793103448275863,12.793103448275861,4.999999999999999,8,14,7,13.620689655172416,1.8965517241379304,3.137931034482758,1.344827586206897
295,F1,12/03/16,Montpellier,Nice,0.0,10.10344827586207,3.620689655172414,10,6,13,12.344827586206899,1.793103448275862,0.034482758620689655,1.2413793103448274,10.586206896551726,4.310344827586207,12,8,9,12.310344827586208,1.96551724137931,3.1034482758620685,1.413793103448276
296,F1,12/03/16,Toulouse,Bordeaux,2.0,11.0,3.827586206896551,4,11,14,13.931034482758623,1.8620689655172418,0.34482758620689663,0.9655172413793102,11.620689655172416,3.5517241379310343,9,11,9,12.724137931034484,2.206896551724138,4.068965517241379,1.310344827586207
297,F1,13/03/16,Nantes,Angers,2.0,11.206896551724137,3.4482758620689653,10,11,8,16.551724137931032,2.137931034482759,0.13793103448275862,0.9310344827586207,10.482758620689655,3.586206896551724,10,9,10,13.655172413793103,1.7586206896551726,2.103448275862069,1.0
298,F1,13/03/16,Rennes,Lyon,1.0,11.000000000000002,4.0,11,11,7,12.482758620689653,1.7931034482758623,0.10344827586206896,1.3793103448275865,15.0,5.172413793103449,13,6,10,13.689655172413794,1.7241379310344824,2.0,1.5517241379310343
299,F1,13/03/16,Troyes,Paris SG,0.0,11.689655172413794,3.793103448275861,2,8,19,11.344827586206897,1.793103448275862,0.27586206896551724,0.7241379310344828,14.0,6.034482758620692,23,5,1,10.827586206896552,1.3103448275862069,1.0,2.3448275862068964
300,F1,18/03/16,Marseille,Rennes,0.0,12.7,4.8999999999999995,8,15,7,13.566666666666665,1.9000000000000001,0.2333333333333333,1.3333333333333341,11.066666666666668,4.0,11,12,7,12.600000000000003,1.9000000000000006,1.0666666666666669,1.4000000000000001
301,F1,19/03/16,Angers,Lorient,2.0,10.333333333333332,3.4666666666666672,10,9,11,13.566666666666668,1.8000000000000005,0.16666666666666666,0.9666666666666666,11.200000000000001,4.2666666666666675,9,12,9,12.433333333333337,1.8000000000000005,3.1333333333333337,1.3666666666666671
302,F1,19/03/16,Caen,Troyes,2.0,12.06666666666667,4.633333333333335,13,4,13,12.066666666666668,1.5000000000000007,0.16666666666666666,1.0666666666666667,11.833333333333332,3.766666666666667,2,8,20,11.266666666666667,1.7666666666666673,2.233333333333333,0.7
303,F1,19/03/16,Lille,Toulouse,2.0,12.366666666666669,3.8333333333333344,9,13,8,16.066666666666666,2.3333333333333344,0.16666666666666666,0.8333333333333333,11.299999999999999,4.066666666666667,5,11,14,14.133333333333335,1.9000000000000006,5.166666666666666,1.0666666666666667
304,F1,19/03/16,Lyon,Nantes,2.0,15.066666666666668,5.233333333333332,13,7,10,13.6,1.8,0.06666666666666667,1.5666666666666667,11.200000000000005,3.5666666666666678,11,11,8,16.5,2.133333333333334,1.1,0.9666666666666666
305,F1,19/03/16,Reims,Guingamp,0.0,10.633333333333335,4.166666666666668,8,9,13,13.666666666666668,2.0333333333333337,0.19999999999999998,1.1333333333333333,11.033333333333335,3.733333333333334,9,8,13,13.433333333333335,2.0000000000000004,2.1,1.2
306,F1,19/03/16,St Etienne,Montpellier,2.0,12.133333333333335,3.5333333333333337,12,6,12,15.700000000000001,1.9333333333333338,0.06666666666666667,1.1,10.133333333333333,3.7000000000000006,10,6,14,12.500000000000002,1.8000000000000007,1.0,1.2
307,F1,20/03/16,Bordeaux,Bastia,1.0,11.666666666666668,3.500000000000001,9,11,10,12.933333333333334,2.2333333333333343,0.2333333333333333,1.2666666666666668,8.533333333333333,2.7333333333333334,11,6,13,13.8,2.1000000000000005,5.133333333333333,0.9333333333333332
308,F1,20/03/16,Nice,Ajaccio GFCO,2.0,10.566666666666668,4.2666666666666675,13,8,9,12.266666666666667,1.9333333333333338,0.19999999999999998,1.4333333333333338,11.73333333333333,3.3666666666666685,7,12,11,15.100000000000001,2.3666666666666676,3.066666666666667,1.0333333333333332
309,F1,20/03/16,Paris SG,Monaco,0.0,14.266666666666666,6.333333333333333,24,5,1,10.700000000000001,1.2666666666666666,0.03333333333333333,2.566666666666667,10.900000000000002,4.3,13,13,4,14.233333333333334,2.2666666666666675,0.06666666666666667,1.4666666666666668
310,F1,01/04/16,Monaco,Bordeaux,0.0,10.93548387096774,4.322580645161289,14,13,4,13.96774193548387,2.225806451612902,0.06451612903225806,1.4838709677419346,11.677419354838706,3.516129032258063,9,12,10,12.838709677419352,2.225806451612902,5.064516129032258,1.258064516129032
311,F1,02/04/16,Ajaccio GFCO,St Etienne,0.0,11.741935483870968,3.3225806451612887,7,12,12,14.93548387096774,2.354838709677418,0.16129032258064516,0.9999999999999996,12.03225806451613,3.548387096774192,13,6,12,15.64516129032258,1.903225806451612,1.032258064516129,1.1612903225806448
312,F1,02/04/16,Guingamp,Montpellier,1.0,10.741935483870966,3.677419354838708,10,8,13,13.322580645161288,1.9999999999999991,0.16129032258064516,1.193548387096774,10.032258064516126,3.6129032258064497,10,6,15,12.516129032258066,1.8387096774193539,1.0,1.1612903225806448
313,F1,02/04/16,Paris SG,Nice,2.0,14.548387096774192,6.25806451612903,24,5,2,10.580645161290324,1.2580645161290318,0.03225806451612903,2.483870967741935,10.54838709677419,4.290322580645159,14,8,9,11.96774193548387,1.9032258064516123,3.096774193548387,1.483870967741935
314,F1,02/04/16,Rennes,Reims,2.0,11.096774193548386,4.129032258064514,12,12,7,12.741935483870973,1.8709677419354833,0.0967741935483871,1.5161290322580638,10.903225806451612,4.129032258064514,8,9,14,13.741935483870964,2.0967741935483866,2.129032258064516,1.0967741935483866
315,F1,02/04/16,Toulouse,Caen,2.0,11.258064516129032,4.032258064516128,5,11,15,14.096774193548391,1.935483870967741,0.32258064516129026,1.0322580645161288,12.419354838709678,4.677419354838707,14,4,13,12.161290322580644,1.483870967741935,3.064516129032258,1.0967741935483866
316,F1,02/04/16,Troyes,Angers,0.0,11.58064516129032,3.7096774193548367,2,8,21,11.161290322580642,1.7741935483870959,0.29032258064516125,0.7096774193548385,10.741935483870968,3.677419354838709,11,9,11,13.516129032258064,1.774193548387096,2.096774193548387,1.096774193548387
317,F1,03/04/16,Bastia,Marseille,2.0,8.516129032258062,2.7741935483870956,11,7,13,13.774193548387098,2.0967741935483866,0.29032258064516125,0.9354838709677415,12.741935483870964,4.903225806451611,8,15,8,13.387096774193548,1.9032258064516119,3.129032258064516,1.354838709677419
318,F1,03/04/16,Lorient,Lyon,0.0,11.032258064516128,4.193548387096773,9,12,10,12.580645161290322,1.870967741935483,0.22580645161290322,1.354838709677419,14.838709677419354,5.193548387096772,14,7,10,13.548387096774194,1.774193548387096,2.0,1.5806451612903223
319,F1,03/04/16,Nantes,Lille,0.0,11.064516129032258,3.483870967741934,11,11,9,16.419354838709676,2.129032258064515,0.12903225806451613,0.9354838709677418,12.161290322580642,3.774193548387095,10,13,8,15.806451612903228,2.3548387096774186,3.064516129032258,0.8387096774193545
320,F1,08/04/16,Montpellier,Lyon,0.0,10.09375,3.625,10,7,15,12.625,1.84375,0.03125,1.1875,14.90625,5.25,15,7,10,13.5625,1.71875,2.0,1.625
321,F1,09/04/16,Angers,Ajaccio GFCO,1.0,10.9375,3.65625,12,9,11,13.53125,1.75,0.15625,1.09375,11.90625,3.375,7,12,13,14.875,2.3125,3.0625,0.96875
322,F1,09/04/16,Caen,Lorient,0.0,12.21875,4.5625,14,4,14,12.40625,1.46875,0.15625,1.0625,10.9375,4.125,9,12,11,12.40625,1.8125,3.125,1.34375
323,F1,09/04/16,Guingamp,Paris SG,0.0,10.71875,3.65625,10,9,13,13.375,2.0,0.15625,1.21875,14.5,6.28125,25,5,2,10.625,1.25,1.0,2.53125
324,F1,09/04/16,Reims,Nantes,2.0,10.875,4.125,8,9,15,13.8125,2.03125,0.1875,1.09375,11.125,3.5625,11,11,10,16.28125,2.125,1.09375,0.90625
325,F1,09/04/16,St Etienne,Troyes,2.0,11.875,3.5625,14,6,12,15.5,1.84375,0.0625,1.1875,11.59375,3.8125,2,8,22,11.1875,1.75,2.21875,0.6875
326,F1,09/04/16,Toulouse,Bastia,2.0,11.125,3.9375,6,11,15,14.0625,1.90625,0.3125,1.0625,8.4375,2.71875,12,7,13,13.9375,2.125,5.125,0.96875
327,F1,10/04/16,Lille,Monaco,2.0,12.125,3.875,11,13,8,15.65625,2.3125,0.15625,0.90625,11.0625,4.34375,14,13,5,14.09375,2.1875,0.0625,1.46875
328,F1,10/04/16,Marseille,Bordeaux,1.0,12.5625,4.8125,8,15,9,13.59375,1.90625,0.25,1.34375,11.625,3.53125,10,12,10,12.96875,2.1875,5.0625,1.28125
329,F1,10/04/16,Nice,Rennes,2.0,10.40625,4.28125,14,8,10,11.875,1.84375,0.1875,1.46875,11.0625,4.15625,13,12,7,12.8125,1.84375,1.0625,1.5625
330,F1,15/04/16,Lyon,Nice,1.0,14.878787878787879,5.33333333333333,16,7,10,13.424242424242424,1.7272727272727266,0.06060606060606061,1.636363636363636,10.45454545454545,4.393939393939392,15,8,10,11.727272727272727,1.7878787878787874,3.090909090909091,1.5151515151515147
331,F1,16/04/16,Ajaccio GFCO,Lille,0.0,11.606060606060606,3.3030303030303014,7,13,13,15.212121212121211,2.393939393939393,0.15151515151515152,0.939393939393939,12.0,3.878787878787877,12,13,8,15.545454545454549,2.272727272727272,3.090909090909091,0.9999999999999998
332,F1,16/04/16,Bastia,St Etienne,0.0,8.3030303030303,2.666666666666666,12,7,14,14.000000000000002,2.06060606060606,0.303030303030303,0.939393939393939,12.000000000000002,3.666666666666665,15,6,12,15.424242424242426,1.8484848484848477,1.0303030303030303,1.1818181818181814
333,F1,16/04/16,Bordeaux,Angers,0.0,11.545454545454543,3.515151515151514,10,13,10,12.909090909090907,2.1818181818181808,0.21212121212121213,1.2424242424242422,10.818181818181818,3.5757575757575752,12,10,11,13.393939393939394,1.7272727272727266,2.090909090909091,1.0606060606060606
334,F1,16/04/16,Lorient,Toulouse,1.0,11.12121212121212,4.212121212121211,10,12,11,12.333333333333332,1.757575757575757,0.21212121212121213,1.3636363636363633,11.12121212121212,4.030303030303029,7,11,15,14.060606060606064,1.878787878787878,5.151515151515151,1.1515151515151514
335,F1,16/04/16,Paris SG,Caen,2.0,14.454545454545453,6.272727272727271,26,5,2,10.606060606060604,1.2121212121212117,0.030303030303030304,2.5151515151515147,12.393939393939393,4.545454545454543,14,4,15,12.333333333333332,1.4545454545454541,3.0606060606060606,1.06060606060606
336,F1,16/04/16,Troyes,Reims,2.0,11.515151515151514,3.7272727272727253,2,8,23,11.21212121212121,1.7575757575757567,0.2727272727272727,0.6666666666666665,10.848484848484848,4.121212121212119,9,9,15,13.696969696969694,2.03030303030303,2.121212121212121,1.1212121212121209
337,F1,17/04/16,Monaco,Marseille,2.0,10.939393939393938,4.333333333333332,14,13,6,14.09090909090909,2.1818181818181808,0.09090909090909091,1.454545454545454,12.393939393939393,4.787878787878786,8,16,9,13.575757575757574,1.909090909090908,4.121212121212121,1.3030303030303028
338,F1,17/04/16,Nantes,Montpellier,0.0,11.212121212121211,3.6060606060606046,11,11,11,16.21212121212121,2.1515151515151505,0.15151515151515152,0.909090909090909,9.999999999999998,3.575757575757574,10,7,16,12.696969696969694,1.8181818181818172,1.0,1.1515151515151514
339,F1,17/04/16,Rennes,Guingamp,0.0,10.969696969696969,4.121212121212119,13,12,8,12.757575757575761,1.7878787878787874,0.09090909090909091,1.5151515151515145,10.636363636363635,3.6060606060606046,10,9,14,13.484848484848484,1.9696969696969688,2.090909090909091,1.1818181818181817
340,F1,22/04/16,Nice,Reims,2.0,10.323529411764707,4.323529411764706,15,9,10,11.970588235294118,1.794117647058823,0.17647058823529413,1.4999999999999996,10.97058823529412,4.117647058823529,9,9,16,13.588235294117652,2.0588235294117645,2.117647058823529,1.1176470588235292
341,F1,23/04/16,Toulouse,Lyon,0.0,11.117647058823533,3.970588235294118,7,12,15,14.088235294117652,1.8823529411764697,0.29411764705882354,1.1470588235294117,14.852941176470587,5.26470588235294,16,8,10,13.500000000000002,1.7352941176470587,2.0294117647058822,1.6176470588235292
342,F1,24/04/16,Ajaccio GFCO,Bastia,2.0,11.647058823529413,3.3235294117647043,7,13,14,15.176470588235295,2.3823529411764692,0.17647058823529413,0.9705882352941178,8.529411764705882,2.647058823529411,12,7,15,13.911764705882351,2.0882352941176463,6.117647058823529,0.911764705882353
343,F1,24/04/16,Guingamp,Caen,1.0,10.676470588235297,3.7058823529411766,11,9,14,13.264705882352942,1.9705882352941169,0.14705882352941177,1.2352941176470587,12.470588235294121,4.64705882352941,14,4,16,12.20588235294118,1.4117647058823521,3.0588235294117645,1.0294117647058822
344,F1,24/04/16,Marseille,Nantes,1.0,12.235294117647054,4.705882352941176,8,16,10,13.588235294117649,1.852941176470588,0.23529411764705885,1.2941176470588227,11.147058823529413,3.499999999999999,11,11,12,16.147058823529413,2.117647058823529,2.0882352941176467,0.8823529411764707
345,F1,24/04/16,Montpellier,Troyes,2.0,10.029411764705882,3.617647058823528,11,7,16,12.73529411764706,1.8235294117647052,0.029411764705882353,1.1764705882352942,11.794117647058826,3.9705882352941178,3,8,23,11.411764705882355,1.7647058823529405,2.205882352941176,0.7058823529411765
346,F1,24/04/16,Rennes,Monaco,1.0,10.911764705882355,4.088235294117647,13,12,9,12.735294117647067,1.823529411764705,0.08823529411764705,1.4705882352941175,11.029411764705882,4.323529411764706,15,13,6,14.147058823529417,2.147058823529411,1.0588235294117647,1.4705882352941173
347,F1,24/04/16,St Etienne,Lorient,2.0,11.911764705882353,3.6764705882352935,16,6,12,15.441176470588237,1.8529411764705879,0.058823529411764705,1.176470588235294,11.117647058823529,4.205882352941175,10,13,11,12.441176470588237,1.7352941176470582,3.117647058823529,1.3529411764705876
348,F1,27/04/16,Lille,Angers,1.0,12.029411764705882,3.911764705882352,13,13,8,15.352941176470592,2.26470588235294,0.17647058823529413,1.0882352941176472,10.617647058823525,3.588235294117646,13,10,11,13.441176470588239,1.735294117647058,3.0882352941176467,1.1176470588235292
349,F1,29/04/16,Paris SG,Rennes,2.0,14.676470588235295,6.382352941176471,27,5,2,10.617647058823529,1.176470588235294,0.029411764705882353,2.6176470588235285,10.914285714285716,4.057142857142858,13,13,9,12.71428571428572,1.7999999999999992,1.057142857142857,1.457142857142857
350,F1,30/04/16,Caen,Bastia,1.0,12.457142857142863,4.657142857142857,14,5,16,12.25714285714286,1.371428571428571,0.17142857142857143,1.0285714285714287,8.77142857142857,2.7714285714285705,12,7,16,13.885714285714286,2.085714285714285,6.114285714285714,0.9428571428571431
351,F1,30/04/16,Lorient,Lille,0.0,11.057142857142857,4.114285714285714,10,13,12,12.342857142857145,1.7142857142857137,0.2,1.314285714285714,12.028571428571427,3.8857142857142852,13,14,8,15.257142857142862,2.2285714285714273,3.0857142857142854,1.0571428571428574
352,F1,30/04/16,Lyon,Ajaccio GFCO,2.0,14.742857142857144,5.199999999999999,17,8,10,13.62857142857143,1.7714285714285711,0.08571428571428572,1.657142857142857,11.542857142857143,3.37142857142857,8,13,14,15.342857142857145,2.428571428571428,3.0857142857142854,1.0285714285714287
353,F1,30/04/16,Monaco,Guingamp,2.0,11.000000000000002,4.371428571428571,15,14,6,14.28571428571429,2.171428571428571,0.08571428571428572,1.4571428571428569,10.685714285714289,3.6571428571428575,11,10,14,13.200000000000001,1.9428571428571422,2.114285714285714,1.2285714285714284
354,F1,30/04/16,Nantes,Nice,2.0,11.028571428571428,3.4857142857142853,11,12,12,16.34285714285715,2.142857142857143,0.14285714285714285,0.8857142857142859,10.314285714285715,4.3428571428571425,16,9,10,11.942857142857143,1.771428571428571,3.0857142857142854,1.5142857142857138
355,F1,30/04/16,Reims,Montpellier,0.0,10.942857142857145,4.114285714285714,9,9,17,13.600000000000003,2.085714285714286,0.17142857142857143,1.0857142857142859,10.17142857142857,3.7142857142857135,12,7,16,12.57142857142857,1.771428571428571,1.0285714285714285,1.2571428571428573
356,F1,30/04/16,St Etienne,Toulouse,1.0,11.914285714285716,3.7142857142857135,17,6,12,15.4,1.857142857142857,0.05714285714285714,1.2,11.05714285714286,4.0,7,12,16,14.057142857142859,1.885714285714285,5.142857142857142,1.1714285714285715
357,F1,30/04/16,Troyes,Bordeaux,0.0,11.942857142857147,4.057142857142858,3,8,24,11.257142857142858,1.771428571428571,0.2571428571428571,0.7142857142857144,11.676470588235299,3.5294117647058822,10,13,11,12.941176470588237,2.176470588235293,5.0588235294117645,1.2352941176470584
358,F1,01/05/16,Angers,Marseille,0.0,10.514285714285709,3.599999999999999,13,11,11,13.571428571428573,1.7999999999999994,0.17142857142857143,1.0857142857142856,12.085714285714282,4.657142857142857,8,17,10,13.600000000000001,1.8285714285714283,4.142857142857142,1.2857142857142851
359,F1,07/05/16,Ajaccio GFCO,Paris SG,0.0,11.36111111111111,3.3333333333333317,8,13,15,15.47222222222222,2.416666666666666,0.16666666666666669,1.027777777777778,15.02857142857143,6.542857142857144,28,5,2,10.485714285714286,1.1714285714285713,1.0,2.657142857142856
360,F1,07/05/16,Bastia,Angers,2.0,8.722222222222221,2.749999999999999,12,8,16,13.861111111111109,2.1111111111111103,0.2777777777777778,0.9166666666666669,10.555555555555554,3.5277777777777772,13,11,12,13.583333333333332,1.8055555555555551,3.083333333333333,1.0555555555555558
361,F1,07/05/16,Bordeaux,Lorient,2.0,11.714285714285715,3.685714285714286,11,13,11,12.82857142857143,2.1428571428571423,0.2,1.314285714285714,11.111111111111107,4.083333333333332,10,13,13,12.361111111111112,1.694444444444444,3.1111111111111107,1.2777777777777775
362,F1,07/05/16,Lille,Guingamp,1.0,12.083333333333332,3.916666666666666,14,14,8,15.222222222222223,2.222222222222221,0.16666666666666669,1.0555555555555556,10.611111111111107,3.666666666666667,11,10,15,13.249999999999996,1.9166666666666659,2.1111111111111107,1.25
363,F1,07/05/16,Lyon,Monaco,2.0,14.499999999999995,5.111111111111111,18,8,10,13.555555555555557,1.7499999999999998,0.08333333333333333,1.6666666666666665,11.138888888888891,4.472222222222222,16,14,6,14.27777777777778,2.166666666666666,1.0555555555555556,1.4999999999999996
364,F1,07/05/16,Marseille,Reims,2.0,12.083333333333334,4.638888888888888,9,17,10,13.583333333333334,1.8888888888888888,0.25000000000000006,1.2777777777777772,11.055555555555555,4.1944444444444455,9,9,18,13.555555555555559,2.083333333333333,2.1111111111111107,1.1111111111111112
365,F1,07/05/16,Montpellier,Rennes,2.0,10.166666666666668,3.7499999999999996,13,7,16,12.555555555555554,1.7499999999999993,0.05555555555555555,1.3055555555555556,10.86111111111111,4.000000000000001,13,13,10,12.583333333333336,1.7777777777777768,1.0555555555555554,1.4166666666666665
366,F1,07/05/16,Nantes,Caen,0.0,11.222222222222221,3.4999999999999996,12,12,12,16.13888888888889,2.1111111111111107,0.1388888888888889,0.8888888888888891,12.500000000000002,4.666666666666667,14,6,16,12.166666666666666,1.3611111111111105,4.055555555555555,1.0000000000000002
367,F1,07/05/16,Nice,St Etienne,2.0,10.16666666666667,4.277777777777778,16,9,11,11.944444444444445,1.7499999999999993,0.16666666666666669,1.4722222222222219,11.833333333333336,3.6111111111111107,17,7,12,15.555555555555559,1.861111111111111,1.0555555555555554,1.1666666666666667
368,F1,07/05/16,Toulouse,Troyes,2.0,11.000000000000002,4.083333333333334,7,13,16,14.138888888888886,1.8888888888888884,0.27777777777777785,1.138888888888889,12.111111111111112,4.138888888888889,3,8,25,11.25,1.8333333333333328,2.194444444444444,0.7500000000000001
369,F1,11/05/16,Bordeaux,Paris SG,1.0,11.694444444444443,3.777777777777778,12,13,11,12.916666666666668,2.083333333333333,0.19444444444444448,1.3611111111111107,14.86111111111111,6.527777777777778,29,5,2,10.5,1.1666666666666665,1.0,2.6944444444444438
370,F1,14/05/16,Angers,Toulouse,0.0,10.567567567567567,3.4864864864864855,13,11,13,13.621621621621626,1.7837837837837835,0.16216216216216217,1.027027027027027,11.081081081081079,4.081081081081082,8,13,16,14.027027027027026,1.8918918918918917,5.135135135135135,1.1351351351351349
371,F1,14/05/16,Caen,Bordeaux,2.0,12.405405405405405,4.621621621621621,15,6,16,12.108108108108105,1.378378378378378,0.16216216216216217,1.0270270270270268,11.594594594594593,3.7567567567567575,12,14,11,12.864864864864868,2.0540540540540544,5.054054054054054,1.351351351351351
372,F1,14/05/16,Guingamp,Nice,0.0,10.378378378378375,3.5675675675675675,11,11,15,13.48648648648648,1.9729729729729726,0.16216216216216217,1.2162162162162167,10.18918918918919,4.27027027027027,17,9,11,11.918918918918918,1.7567567567567566,3.0810810810810816,1.486486486486486
373,F1,14/05/16,Lorient,Ajaccio GFCO,2.0,11.08108108108108,4.027027027027026,10,13,14,12.270270270270274,1.6756756756756754,0.1891891891891892,1.2432432432432432,11.243243243243246,3.2702702702702706,8,13,16,15.2972972972973,2.3783783783783785,3.081081081081081,0.9999999999999998
374,F1,14/05/16,Monaco,Montpellier,2.0,11.135135135135135,4.378378378378376,16,14,7,14.297297297297298,2.1891891891891886,0.10810810810810811,1.486486486486486,10.351351351351353,3.783783783783784,14,7,16,12.459459459459461,1.7027027027027024,1.027027027027027,1.3243243243243246
375,F1,14/05/16,Paris SG,Nantes,2.0,14.702702702702704,6.405405405405406,29,6,2,10.405405405405405,1.189189189189189,0.02702702702702703,2.648648648648649,11.324324324324323,3.5405405405405412,12,12,13,15.94594594594595,2.1081081081081074,2.0810810810810807,0.8918918918918919
376,F1,14/05/16,Reims,Lyon,2.0,11.135135135135139,4.135135135135135,9,9,19,13.432432432432432,2.0540540540540535,0.16216216216216217,1.0810810810810811,14.72972972972973,5.378378378378379,19,8,10,13.432432432432433,1.7027027027027024,2.027027027027027,1.7837837837837838
377,F1,14/05/16,Rennes,Bastia,0.0,10.837837837837837,3.9459459459459456,13,13,11,12.378378378378379,1.7297297297297292,0.08108108108108109,1.3783783783783783,8.729729729729732,2.837837837837838,13,8,16,13.91891891891892,2.0810810810810816,6.108108108108109,0.9189189189189189
378,F1,14/05/16,St Etienne,Lille,0.0,11.567567567567572,3.540540540540542,17,7,13,15.513513513513516,1.8918918918918917,0.13513513513513514,1.1351351351351346,12.513513513513512,3.999999999999999,14,15,8,15.216216216216212,2.189189189189189,3.0810810810810816,1.027027027027027
379,F1,14/05/16,Troyes,Marseille,1.0,11.864864864864868,4.0540540540540535,3,8,26,11.513513513513512,1.8648648648648642,0.24324324324324326,0.7297297297297297,12.324324324324323,4.72972972972973,10,17,10,13.621621621621623,1.8918918918918912,4.135135135135136,1.2702702702702695
380,,,,,,0.0,0.0,0,0,0,0.0,0.0,0.0,0.0,0.0,0.0,0,0,0,0.0,0.0,0.0,0.0
