,Div,Date,HomeTeam,AwayTeam,FTR,HTS,HTST,HTW,HTD,HTL,HTF,HTY,HTR,HTG,ATS,ATST,ATW,ATD,ATL,ATF,ATY,ATR,ATG,Home attendance,Away attendance,Total avg
0,F1,4/8/2017,Monaco,Toulouse,2,0,0,0,0,0,0,0,0,0,0,0,0,0,0,0,0,0,0,9243,21412,30655
1,F1,5/8/2017,Lyon,Strasbourg,2,0,0,0,0,0,0,0,0,0,0,0,0,0,0,0,0,0,0,46005,20496,66501
2,F1,5/8/2017,Metz,Guingamp,0,0,0,0,0,0,0,0,0,0,0,0,0,0,0,0,0,0,0,14844,22165,37009
3,F1,5/8/2017,Montpellier,Caen,2,0,0,0,0,0,0,0,0,0,0,0,0,0,0,0,0,0,0,13458,20701,34159
4,F1,5/8/2017,Paris SG,Amiens,2,0,0,0,0,0,0,0,0,0,0,0,0,0,0,0,0,0,0,46930,22086,69016
5,F1,5/8/2017,St Etienne,Nice,2,0,0,0,0,0,0,0,0,0,0,0,0,0,0,0,0,0,0,28142,22201,50343
6,F1,5/8/2017,Troyes,Rennes,1,0,0,0,0,0,0,0,0,0,0,0,0,0,0,0,0,0,0,11723,21642,33365
7,F1,6/8/2017,Angers,Bordeaux,1,0,0,0,0,0,0,0,0,0,0,0,0,0,0,0,0,0,0,11065,22009,33074
8,F1,6/8/2017,Lille,Nantes,2,0,0,0,0,0,0,0,0,0,0,0,0,0,0,0,0,0,0,33200,22181,55381
9,F1,6/8/2017,Marseille,Dijon,2,0,0,0,0,0,0,0,0,0,0,0,0,0,0,0,0,0,0,47314,21658,68972
10,F1,11/8/2017,Nice,Troyes,0,6,2,0,1,1,8,1,0,0,11,4,0,1,0,13,1,0,1,22876,21602,44478
11,F1,11/8/2017,Rennes,Lyon,0,16,4,0,1,0,8,0,0,1,12,7,1,0,0,11,2,0,4,23111,24477,47588
12,F1,12/8/2017,Amiens,Angers,0,7,1,0,1,1,12,1,0,0,9,5,0,1,0,16,3,0,2,9489,21306,30795
13,F1,12/8/2017,Bordeaux,Metz,2,7,4,0,1,0,15,2,0,2,6,4,0,0,1,9,1,0,1,26048,22504,48552
14,F1,12/8/2017,Caen,St Etienne,0,8,1,0,1,1,11,1,0,0,8,3,1,0,0,11,2,0,1,17187,22820,40007
15,F1,12/8/2017,Nantes,Marseille,0,9,4,0,1,1,17,3,0,0,18,5,1,0,0,7,1,0,3,24559,26919,51478
16,F1,12/8/2017,Toulouse,Montpellier,2,6,3,0,1,1,23,3,0,2,10,2,1,0,0,9,2,0,1,16929,20958,37887
17,F1,13/08/17,Dijon,Monaco,0,12,1,0,1,1,10,0,0,0,17,7,1,0,0,12,1,0,3,12228,23813,36041
18,F1,13/08/17,Guingamp,Paris SG,0,13,5,1,1,0,13,2,0,3,16,5,1,0,0,9,0,0,2,14502,29502,44004
19,F1,13/08/17,Strasbourg,Lille,2,7,1,0,1,1,16,3,0,0,14,5,1,0,0,11,2,0,3,24064,21878,45942
20,F1,18/08/17,Metz,Monaco,0,6,2.5,0,1,2,9.5,1.5,0,0.5,16.5,6.5,2,0,0,12,1.5,0,3.5,14844,23813,38657
21,F1,19/08/17,Lyon,Bordeaux,1,14.5,7.5,2,1,0,13.5,2.5,0,3,9.5,4.5,1,1,0,16,1.5,0,2,46005,22009,68014
22,F1,19/08/17,Montpellier,Strasbourg,1,12,1.5,1,1,1,10.5,2.5,0,0.5,14.5,5,1,0,1,12,2,0,1.5,13458,20496,33954
23,F1,19/08/17,Nice,Guingamp,2,13,4,0,1,2,9.5,1.5,0,0.5,8.5,2.5,1,0,1,11,2,0,1.5,22876,22165,45041
24,F1,19/08/17,Rennes,Dijon,1,16.5,4.5,0,1,1,8.5,0.5,0,1,13.5,2,0,0,2,10,0,0,0.5,23111,21658,44769
25,F1,19/08/17,St Etienne,Amiens,2,7,3.5,2,1,0,13,1.5,0,1,8.5,1,0,0,2,10,2,0,0,28142,22086,50228
26,F1,19/08/17,Troyes,Nantes,0,10.5,4,1,2,0,10.5,2,0,1.5,11.5,3.5,0,0,2,15,2,0,0,11723,22181,33904
27,F1,20/08/17,Lille,Caen,0,13,3.5,1,1,1,12,2,0.5,1.5,9,2.5,0,0,2,11.5,1,0,0,33200,20701,53901
28,F1,20/08/17,Marseille,Angers,1,15.5,7.5,2,1,0,9.5,2,0,2,10.5,5.5,1,1,0,17,2.5,0,2,47314,21306,68620
29,F1,20/08/17,Paris SG,Toulouse,2,18.5,6.5,2,1,0,11,1,0,2.5,7,3.5,1,0,1,24,3.5,0,1.5,46930,21412,68342
30,F1,25/08/17,Paris SG,St Etienne,2,20.33333333,9.333333333,3,1,0,10,0.666666667,0.333333333,3.666666667,9,4,3,0,0,12.33333333,1.666666667,0,1.666666667,46930,22820,69750
31,F1,26/08/17,Amiens,Nice,2,11,1,0,2,3,10.66666667,2,0,0,13.33333333,5.333333333,1,0,2,10.33333333,1.666666667,0,1,9489,22201,31690
32,F1,26/08/17,Bordeaux,Troyes,2,11.66666667,5,1,2,0,16,1.666666667,0,2.333333333,9.666666667,3,1,1,1,9.333333333,1.666666667,0,1,26048,21602,47650
33,F1,26/08/17,Caen,Metz,2,9.666666667,2.666666667,1,2,2,11.66666667,1.333333333,0,0.666666667,7,3.333333333,0,0,3,12,1.666666667,0,0.333333333,17187,22504,39691
34,F1,26/08/17,Dijon,Montpellier,2,13,2.666666667,0,2,2,11,1.333333333,0,1,13.33333333,2.666666667,1,1,1,9,2.333333333,0,0.666666667,12228,20958,33186
35,F1,26/08/17,Nantes,Lyon,1,11.33333333,3.666666667,1,2,2,12.66666667,1.333333333,0.333333333,0.333333333,12.33333333,6.666666667,2,1,0,15.66666667,2.333333333,0.333333333,3,24559,24477,49036
36,F1,26/08/17,Toulouse,Rennes,2,7,2.666666667,1,2,2,22.33333333,3.666666667,0,1.666666667,15.66666667,5.333333333,0,2,1,8.666666667,1,0,1.333333333,16929,21642,38571
37,F1,27/08/17,Angers,Lille,1,10.66666667,5,1,3,0,13.66666667,2.333333333,0,1.666666667,13.66666667,3.666666667,1,0,2,11,2,1,1,11065,21878,32943
38,F1,27/08/17,Guingamp,Strasbourg,2,10,2,1,2,2,12.33333333,2,0,1,12,3.666666667,1,1,1,14,2.333333333,0,1.333333333,14502,20496,34998
39,F1,27/08/17,Monaco,Marseille,2,18.33333333,6,3,2,0,13.33333333,1.333333333,0,2.666666667,14.33333333,5.666666667,2,1,0,13,2.333333333,0.333333333,1.666666667,9243,26919,36162
40,F1,8/9/2017,Lille,Bordeaux,1,13.5,3.5,1,2,2,10.75,2.75,0.25,1,11.75,5.75,2,2,0,14.25,1.25,0,2.25,33200,22009,55209
41,F1,8/9/2017,Metz,Paris SG,0,7.5,3,0,2,4,13,1.75,0,0.25,18.75,8,4,0,0,12.5,1,0.25,3.5,14844,29502,44346
42,F1,9/9/2017,Caen,Dijon,2,11.25,3,2,2,2,11.5,1.5,0,0.75,11.5,2.5,1,1,2,12.75,1.5,0,1.25,17187,21658,38845
43,F1,9/9/2017,Montpellier,Nantes,0,12.75,2.5,1,3,2,10.25,2.25,0,0.75,10,3.25,1,1,2,12.75,1.25,1,0.25,13458,22181,35639
44,F1,9/9/2017,Nice,Monaco,2,13,4.75,1,2,3,9.5,2,0,0.75,17.25,6.5,4,0,0,12.75,1.5,0,3.5,22876,23813,46689
45,F1,9/9/2017,Strasbourg,Amiens,0,12.75,3.5,1,3,2,14,2.25,0,1,11.25,1.75,1,0,3,11.5,2.25,0,0.75,24064,22086,46150
46,F1,9/9/2017,Troyes,Toulouse,1,8.5,2.75,1,3,2,11.25,1.5,0,1,8,3.75,2,0,2,21.5,3.75,0,2,11723,21412,33135
47,F1,10/9/2017,Lyon,Guingamp,2,13.25,5.75,2,3,0,14.5,2,0.25,2.25,11,3,2,0,2,12.25,1.75,0,1.25,46005,22165,68170
48,F1,10/9/2017,Marseille,Rennes,0,13.25,5,2,3,1,13.25,2.5,0.25,1.5,15.25,4.75,0,2,2,12,1.5,1,1.5,47314,21642,68956
49,F1,10/9/2017,St Etienne,Angers,1,9.75,3.5,3,2,1,12.25,2,0,1.25,10.75,4.25,1,3,0,12.75,2.25,0,1.5,28142,21306,49448
50,F1,15/09/17,Toulouse,Bordeaux,0,7.8,3,2,3,2,19.8,3.6,0,1.6,12.8,4.8,2,3,0,14,1.8,0,1.8,16929,22009,38938
51,F1,16/09/17,Dijon,St Etienne,0,11,2.8,1,3,3,13.6,1.6,0,1.2,9.4,3.6,3,1,1,11.6,2.2,0.2,1.2,12228,22820,35048
52,F1,16/09/17,Guingamp,Lille,2,11.4,3.6,2,3,3,13,1.8,0,1.2,12.4,3.2,1,2,2,10.8,2.6,1.2,0.8,14502,21878,36380
53,F1,16/09/17,Monaco,Strasbourg,2,16,5.4,4,3,1,13,1.6,0,2.8,12.2,3.4,1,1,3,15.6,2,0.2,0.8,9243,20496,29739
54,F1,16/09/17,Nantes,Caen,2,10.4,3.4,2,4,2,12.6,1.4,0.2,0.4,11.4,3,3,0,2,13,1.4,0.2,1,24559,20701,45260
55,F1,16/09/17,Troyes,Montpellier,0,9,2.8,1,4,2,11.4,1.6,0,0.8,12.4,2.6,1,1,3,9.6,2,0.2,0.6,11723,20958,32681
56,F1,17/09/17,Amiens,Marseille,0,10.6,2,2,3,3,12,2.4,0,0.8,12.6,4.8,2,1,2,14.2,3.2,0.2,1.4,9489,26919,36408
57,F1,17/09/17,Angers,Metz,0,11.6,4.6,1,5,0,14,2.2,0.2,1.4,7.6,2.6,0,0,5,12.4,1.4,0.2,0.4,11065,22504,33569
58,F1,17/09/17,Paris SG,Lyon,2,19.6,8.8,5,2,0,11.6,1,0.2,3.8,13,5.4,3,2,0,14.8,2,0.2,2.2,46930,24477,71407
59,F1,17/09/17,Rennes,Nice,0,15.6,4.6,1,4,2,12.4,1.4,0.2,1.8,12.2,4.8,2,0,3,11.4,2,0,1.4,23111,22201,45312
60,F1,22/09/17,Lille,Monaco,0,12,3.5,1,4,3,11.83333333,2.333333333,0.333333333,0.666666667,15.66666667,5.333333333,5,0,1,13,1.666666667,0,2.833333333,33200,23813,57013
61,F1,22/09/17,Nice,Angers,1,11.16666667,4.5,3,3,3,12.33333333,2.5,0,1.333333333,12.66666667,4.666666667,1,4,1,14,2,1,1.166666667,22876,21306,44182
62,F1,23/09/17,Bordeaux,Guingamp,2,13,4.666666667,3,4,0,13.33333333,1.666666667,0,1.666666667,12.83333333,3.666666667,3,0,3,12.16666667,1.666666667,0,1.166666667,26048,22165,48213
63,F1,23/09/17,Caen,Amiens,2,10.83333333,2.666666667,3,3,3,12.83333333,1.5,0.166666667,0.833333333,10.16666667,2.166666667,2,0,4,11.83333333,2.333333333,0,0.666666667,17187,22086,39273
64,F1,23/09/17,Lyon,Dijon,1,12.83333333,5.333333333,3,4,1,14.5,2,0.166666667,1.833333333,12.16666667,3.5,1,1,4,13.5,1.833333333,0,1,46005,21658,67663
65,F1,23/09/17,Metz,Troyes,0,8,3,1,3,5,12.66666667,1.666666667,0.166666667,0.5,8.666666667,2.333333333,1,2,3,12.66666667,1.833333333,0.166666667,0.666666667,14844,21602,36446
66,F1,23/09/17,Montpellier,Paris SG,1,11.83333333,2.666666667,2,4,3,9.666666667,2.166666667,0.166666667,0.666666667,18.66666667,8.166666667,6,0,0,11.5,1.333333333,0.166666667,3.5,13458,29502,42960
67,F1,24/09/17,Marseille,Toulouse,2,14.16666667,5,3,4,2,14.33333333,3.166666667,0.166666667,1.5,9.166666667,3.333333333,2,1,3,19.33333333,3.5,0,1.333333333,47314,21412,68726
68,F1,24/09/17,St Etienne,Rennes,1,10.5,4,4,4,1,12,2.333333333,0.166666667,1.166666667,15.83333333,4.5,1,2,3,13.16666667,1.333333333,1,1.5,28142,21642,49784
69,F1,24/09/17,Strasbourg,Nantes,0,11.83333333,3,1,4,4,15,2,0.166666667,0.666666667,10,3.5,3,1,2,12.5,1.166666667,1,0.5,24064,22181,46245
70,F1,29/09/17,Monaco,Montpellier,1,15.14285714,5.571428571,6,4,1,13.14285714,1.714285714,0,3,10.85714286,2.571428571,2,2,3,10.42857143,2.142857143,0.142857143,0.571428571,9243,20958,30201
71,F1,30/09/17,Dijon,Strasbourg,1,12,3.857142857,1,4,4,14.28571429,2.285714286,0,1.285714286,13.14285714,3.428571429,1,1,5,13.85714286,1.857142857,0.142857143,0.714285714,12228,20496,32724
72,F1,30/09/17,Guingamp,Toulouse,1,12.42857143,3.714285714,3,4,4,12.42857143,1.714285714,0,1.142857143,9,3,2,1,4,18,3,0,1.142857143,14502,21412,35914
73,F1,30/09/17,Nantes,Metz,2,10.28571429,3.714285714,4,5,2,11.42857143,1.142857143,0.142857143,0.714285714,9,3.571428571,1,0,6,12.42857143,1.857142857,0.142857143,0.428571429,24559,22504,47063
74,F1,30/09/17,Paris SG,Bordeaux,2,17.42857143,7.142857143,6,3,0,11.71428571,1.428571429,0.142857143,3,14.14285714,5.142857143,4,3,0,13.42857143,2,0,1.857142857,46930,22009,68939
75,F1,30/09/17,Rennes,Caen,0,14.85714286,4.428571429,1,5,3,13.28571429,1.571428571,0.142857143,1.571428571,11.71428571,2.857142857,4,0,3,13,1.428571429,0.142857143,0.857142857,23111,20701,43812
76,F1,1/10/2017,Angers,Lyon,1,13,4.857142857,1,6,1,14.57142857,2,0.142857143,1.285714286,13.85714286,5.428571429,3,3,1,14.85714286,1.857142857,0.142857143,2,11065,24477,35542
77,F1,1/10/2017,Nice,Marseille,0,12,4.285714286,3,4,3,12.42857143,2.714285714,0,1.428571429,15.28571429,5.142857143,4,1,2,13.85714286,3,0.142857143,1.571428571,22876,26919,49795
78,F1,1/10/2017,Troyes,St Etienne,2,8.714285714,2.285714286,2,5,3,12.57142857,2,0.285714286,0.714285714,10.28571429,4,4,2,1,11.85714286,2.428571429,0.285714286,1.285714286,11723,22820,34543
79,F1,13/10/17,Lyon,Monaco,2,13.75,5.5,3,6,1,14.75,2,0.25,2.125,14.25,5,6,1,1,13.875,1.875,0,2.75,46005,23813,69818
80,F1,14/10/17,Caen,Angers,0,11.5,2.875,5,4,3,14.5,1.375,0.125,0.875,13.25,4.75,1,6,1,14.25,2,1,1.5,17187,21306,38493
81,F1,14/10/17,Dijon,Paris SG,0,12.125,4.125,1,5,4,13.75,2,0.125,1.25,16.625,7.375,7,1,0,11.5,1.375,0.125,3.375,12228,29502,41730
82,F1,14/10/17,Guingamp,Rennes,2,11.625,3.75,3,5,4,13,1.625,0,1.125,14.125,4.125,1,3,4,13.375,1.875,1,1.375,14502,21642,36144
83,F1,14/10/17,Lille,Troyes,1,11.85714286,3.285714286,1,4,4,12.71428571,2.142857143,0.285714286,0.571428571,9,2.875,3,2,3,11.875,2.125,1.25,0.875,33200,21602,54802
84,F1,14/10/17,St Etienne,Metz,2,10.75,4,4,6,2,12.5,2.25,0.375,1.25,9,3.25,1,0,7,12,2.125,1.125,0.375,28142,22504,50646
85,F1,14/10/17,Toulouse,Amiens,2,9.25,2.875,2,5,4,18,2.875,0,1.125,9,1.857142857,2,0,5,12.85714286,2.285714286,0,0.571428571,16929,22086,39015
86,F1,15/10/17,Bordeaux,Nantes,1,14.5,5.25,4,5,1,14,2,0,1.875,10.875,4,5,1,2,11.75,1.25,1,0.75,26048,22181,48229
87,F1,15/10/17,Montpellier,Nice,2,11.375,2.625,2,6,3,10.625,2,0.125,0.625,12.875,5,3,1,4,12.625,2.625,0,1.5,13458,22201,35659
88,F1,15/10/17,Strasbourg,Marseille,1,12.375,3.125,1,5,5,14.25,1.875,0.125,0.75,15.5,5.625,5,1,2,14.125,3,1.125,1.875,24064,26919,50983
89,F1,20/10/17,St Etienne,Montpellier,0,11.77777778,4.111111111,5,6,2,12.22222222,2.222222222,0.333333333,1.444444444,11.66666667,2.777777778,3,3,3,11,2.111111111,0.111111111,0.777777778,28142,20958,49100
90,F1,21/10/17,Amiens,Bordeaux,2,8.75,1.875,2,5,6,13.875,2.625,0.125,0.5,14.88888889,5,4,4,1,13.88888889,2.111111111,0,1.777777778,9489,22009,31498
91,F1,21/10/17,Angers,Toulouse,0,13.11111111,4.666666667,2,8,1,14.66666667,2.222222222,0.111111111,1.555555556,10,3.222222222,3,2,4,17.55555556,2.666666667,0,1.111111111,11065,21412,32477
92,F1,21/10/17,Metz,Dijon,0,9.111111111,3.111111111,1,5,8,12.44444444,2,0.222222222,0.444444444,12.44444444,4.222222222,1,3,5,13.33333333,2.111111111,0.111111111,1.222222222,14844,21658,36502
93,F1,21/10/17,Monaco,Caen,2,14.22222222,5.222222222,6,6,2,14,1.777777778,0,2.666666667,12.66666667,3.111111111,5,0,4,14.22222222,1.333333333,0.111111111,0.777777778,9243,20701,29944
94,F1,21/10/17,Nantes,Guingamp,2,11.22222222,4,5,6,2,12.11111111,1.333333333,0.111111111,0.777777778,12.11111111,4.333333333,4,1,4,13.66666667,1.777777778,0,1.222222222,24559,22165,46724
95,F1,21/10/17,Rennes,Lille,2,13.77777778,3.666666667,1,6,5,13.55555556,2.333333333,0.222222222,1.222222222,12.375,3.625,1,3,4,13.125,2,1.25,0.75,23111,21878,44989
96,F1,22/10/17,Marseille,Paris SG,1,16,5.777777778,5,6,2,13.55555556,3,0.222222222,2,16.77777778,7.444444444,8,1,0,11.66666667,1.666666667,0.111111111,3.222222222,47314,29502,76816
97,F1,22/10/17,Nice,Strasbourg,0,13.11111111,5.333333333,3,5,5,12.88888889,2.444444444,0,1.333333333,13.11111111,3.777777778,1,3,5,14.22222222,2,0.111111111,1,22876,20496,43372
98,F1,22/10/17,Troyes,Lyon,0,9.111111111,2.777777778,3,6,3,11.88888889,2.111111111,0.333333333,1,14.66666667,5.666666667,4,4,1,14.11111111,2.222222222,1.111111111,2.222222222,11723,24477,36200
99,F1,27/10/17,Paris SG,Nice,2,15.8,7,8,5,0,11.9,1.8,0.2,3.1,13.2,5.7,3,1,6,12.1,2.2,0,1.3,46930,22201,69131
100,F1,28/10/17,Bordeaux,Monaco,0,14.8,4.9,4,7,2,13.8,2,0,1.6,14.3,5.3,7,1,2,13.8,1.9,0,2.6,26048,23813,49861
101,F1,28/10/17,Caen,Troyes,2,12.2,2.9,5,5,5,14.5,1.4,0.1,0.7,9.1,2.8,3,3,4,11.9,2.1,1.3,0.9,17187,21602,38789
102,F1,28/10/17,Dijon,Nantes,2,12,4.4,2,6,5,13.5,2.1,0.1,1.3,11,3.9,6,2,2,12.2,1.5,1,0.9,12228,22181,34409
103,F1,28/10/17,Guingamp,Amiens,1,11.9,4.3,4,6,5,13.5,1.7,0,1.2,9.222222222,2.111111111,3,0,6,13.66666667,2.666666667,1,0.555555556,14502,22086,36588
104,F1,28/10/17,Montpellier,Rennes,0,12,2.9,4,7,3,11.6,2.2,0.1,0.8,13.3,3.9,2,3,5,13.5,2.2,2,1.2,13458,21642,35100
105,F1,28/10/17,Strasbourg,Angers,1,13.3,4,2,7,5,13.3,1.9,0.2,1.1,13.2,4.6,2,6,2,14.3,2.2,1,1.4,24064,21306,45370
106,F1,29/10/17,Lille,Marseille,0,11.77777778,3.333333333,1,6,5,13.55555556,2,0.444444444,0.666666667,15.5,5.5,5,3,2,14,3.1,1.1,2,33200,26919,60119
107,F1,29/10/17,Lyon,Metz,2,14.6,6.1,5,7,1,14,2.2,0.2,2.5,9.7,3.3,1,0,9,12.3,1.9,1.2,0.5,46005,22504,68509
108,F1,29/10/17,Toulouse,St Etienne,1,9.3,3,4,6,4,17.4,2.8,0,1.1,12.7,4.1,5,2,3,13.5,2.2,1.2,1.3,16929,22820,39749
109,F1,3/11/2017,Rennes,Bordeaux,2,12.72727273,3.727272727,3,7,5,13.81818182,2.181818182,0.181818182,1.181818182,14.54545455,4.818181818,4,4,3,14.54545455,2,0,1.454545455,23111,22009,45120
110,F1,4/11/2017,Angers,Paris SG,0,12.45454545,4.363636364,2,9,2,14.09090909,2.181818182,0.090909091,1.454545455,15.81818182,7.090909091,9,2,0,11.72727273,1.636363636,1.090909091,3.090909091,11065,29502,40567
111,F1,4/11/2017,Monaco,Guingamp,2,14.09090909,5.272727273,8,7,2,13.63636364,1.727272727,0,2.545454545,11.90909091,4.272727273,4,2,5,13.72727273,1.636363636,0,1.181818182,9243,22165,31408
112,F1,4/11/2017,Montpellier,Amiens,1,11.72727273,3,4,7,4,11.90909091,2.363636364,0.090909091,0.727272727,9,2.1,3,1,6,14.3,2.9,2,0.6,13458,22086,35544
113,F1,4/11/2017,Nantes,Toulouse,2,10.90909091,3.545454545,6,7,3,12.81818182,1.545454545,0.090909091,0.818181818,9.454545455,3.090909091,4,3,4,17.27272727,2.727272727,0,1,24559,21412,45971
114,F1,4/11/2017,Troyes,Strasbourg,2,9,2.818181818,3,7,5,12,2.181818182,0.363636364,0.818181818,13.36363636,4.181818182,2,4,5,13,2,1.090909091,1.181818182,11723,20496,32219
115,F1,5/11/2017,Marseille,Caen,2,15,5.272727273,6,8,2,14.27272727,3.090909091,0.181818182,1.909090909,12.54545455,2.909090909,6,0,5,14.27272727,1.363636364,0.090909091,0.727272727,47314,20701,68015
116,F1,5/11/2017,Metz,Lille,0,9.454545455,3.363636364,1,6,10,12.72727273,2,0.272727273,0.454545455,12.4,3.7,1,3,6,14,2,2.2,0.6,14844,21878,36722
117,F1,5/11/2017,Nice,Dijon,2,12.72727273,5.272727273,3,6,7,11.81818182,2,0,1.181818182,11.45454545,4.090909091,3,3,5,13.63636364,2.181818182,0.090909091,1.272727273,22876,21658,44534
118,F1,5/11/2017,St Etienne,Lyon,0,11.90909091,3.909090909,5,7,3,14,2.272727273,0.272727273,1.181818182,14.36363636,5.909090909,6,4,1,13.90909091,2,1.090909091,2.454545455,28142,24477,52619
119,F1,17/11/17,Amiens,Monaco,1,9.272727273,2,3,7,6,14.09090909,2.727272727,0.181818182,0.636363636,14.41666667,5.583333333,9,1,2,13.91666667,1.666666667,0,2.833333333,9489,23813,33302
120,F1,17/11/17,Lille,St Etienne,2,12.54545455,4,2,7,6,14.45454545,2,0.363636364,0.818181818,12,3.75,5,3,4,14.66666667,2.166666667,1.25,1.083333333,33200,22820,56020
121,F1,18/11/17,Dijon,Troyes,2,11.58333333,4.083333333,3,7,6,13.25,2.083333333,0.083333333,1.166666667,9.333333333,3.083333333,4,3,5,12.5,2.25,1.25,1,12228,21602,33830
122,F1,18/11/17,Guingamp,Angers,1,11.91666667,4.166666667,4,8,6,13.33333333,1.583333333,0,1.083333333,12.16666667,4.25,2,7,3,13.58333333,2.083333333,1,1.333333333,14502,21306,35808
123,F1,18/11/17,Paris SG,Nantes,2,15.75,7.083333333,10,6,0,11.83333333,1.75,0.166666667,3.25,10.91666667,3.75,7,2,3,13.41666667,1.583333333,1,0.916666667,46930,22181,69111
124,F1,18/11/17,Strasbourg,Rennes,2,13.08333333,4,2,9,6,12.58333333,1.916666667,0.25,1.083333333,12.16666667,3.583333333,4,3,5,13.83333333,2.166666667,2,1.166666667,24064,21642,45706
125,F1,18/11/17,Toulouse,Metz,1,9.5,3.083333333,4,8,5,17.16666667,2.833333333,0,1,10.25,3.5,1,0,11,12.75,2.083333333,1.166666667,0.416666667,16929,22504,39433
126,F1,19/11/17,Bordeaux,Marseille,1,13.83333333,4.416666667,4,8,4,15.5,2.25,0,1.333333333,16.08333333,5.75,7,3,2,13.5,2.833333333,1.083333333,2.166666667,26048,26919,52967
127,F1,19/11/17,Caen,Nice,1,12.41666667,2.916666667,6,6,6,13.83333333,1.25,0.083333333,0.666666667,12.58333333,5.166666667,4,1,7,12,1.916666667,0.083333333,1.166666667,17187,22201,39388
128,F1,19/11/17,Lyon,Montpellier,1,14.25,6.25,7,8,1,14.16666667,2,0.166666667,2.666666667,11.58333333,3,4,4,4,11.83333333,2.333333333,0.083333333,0.75,46005,20958,66963
129,F1,20/11/17,Amiens,Lille,2,9.333333333,2,3,8,6,14.16666667,2.666666667,0.166666667,0.666666667,12.5,4.083333333,3,3,6,14.08333333,2,2.166666667,1,9489,21878,31367
130,F1,24/11/17,St Etienne,Strasbourg,1,11.69230769,3.692307692,5,8,5,14.76923077,2.230769231,0.307692308,1.076923077,12.92307692,4.076923077,3,4,6,13,1.846153846,2.076923077,1.153846154,28142,20496,48638
131,F1,25/11/17,Caen,Bordeaux,2,12.84615385,3,6,7,6,13.53846154,1.307692308,0.076923077,0.692307692,13.46153846,4.307692308,4,5,4,15.53846154,2.384615385,0,1.307692308,17187,22009,39196
132,F1,25/11/17,Dijon,Toulouse,2,11.84615385,4.384615385,4,7,6,13.23076923,2,0.076923077,1.307692308,10.38461538,3.076923077,4,4,5,17.07692308,2.769230769,0,0.923076923,12228,21412,33640
133,F1,25/11/17,Metz,Amiens,0,10.38461538,3.615384615,1,7,11,12.61538462,2.153846154,0.307692308,0.384615385,9.230769231,2.153846154,4,3,6,14,2.692307692,2,0.846153846,14844,22086,36930
134,F1,25/11/17,Montpellier,Lille,2,11.84615385,2.923076923,4,9,4,11.61538462,2.230769231,0.076923077,0.692307692,12.46153846,3.846153846,3,3,7,13.76923077,2,2.153846154,0.923076923,13458,21878,35336
135,F1,25/11/17,Rennes,Nantes,2,12.23076923,3.615384615,4,8,6,13.38461538,2,0.230769231,1.153846154,10.69230769,3.538461538,7,2,4,13.69230769,1.692307692,1,0.923076923,23111,22181,45292
136,F1,25/11/17,Troyes,Angers,2,9.461538462,3.153846154,4,8,6,12.46153846,2.153846154,0.307692308,1,12,4.076923077,2,8,3,13.92307692,2.230769231,1,1.307692308,11723,21306,33029
137,F1,26/11/17,Marseille,Guingamp,2,15.92307692,5.538461538,7,9,2,13.53846154,2.769230769,0.153846154,2.076923077,11.69230769,4,4,3,6,13.46153846,1.769230769,0.076923077,1.076923077,47314,22165,69479
138,F1,26/11/17,Monaco,Paris SG,0,14.46153846,5.461538462,9,8,2,14,1.769230769,0,2.692307692,16.30769231,7.307692308,11,2,0,11.61538462,1.769230769,1.076923077,3.307692308,9243,29502,38745
139,F1,26/11/17,Nice,Lyon,0,12.53846154,5.307692308,4,7,7,11.92307692,2,0.076923077,1.153846154,14.30769231,6,7,5,1,13.92307692,2,1.076923077,2.461538462,22876,24477,47353
140,F1,28/11/17,Amiens,Dijon,2,9.357142857,2.142857143,5,9,6,13.57142857,2.5,0.142857143,0.928571429,11.92857143,4.428571429,5,3,6,13.07142857,2.071428571,0.071428571,1.428571429,9489,21658,31147
141,F1,28/11/17,Bordeaux,St Etienne,2,13.21428571,4.142857143,4,10,5,15.42857143,2.428571429,0,1.214285714,11.71428571,3.857142857,5,4,5,14.71428571,2.357142857,1.214285714,1.142857143,26048,22820,48868
142,F1,28/11/17,Strasbourg,Caen,1,12.71428571,4.071428571,3,10,6,12.78571429,1.857142857,0.214285714,1.214285714,12.78571429,2.928571429,7,1,6,13.5,1.357142857,0.071428571,0.714285714,24064,20701,44765
143,F1,29/11/17,Angers,Rennes,0,11.64285714,4,2,11,4,14,2.357142857,0.071428571,1.214285714,12.42857143,3.714285714,5,3,6,13.64285714,2.071428571,3,1.214285714,11065,21642,32707
144,F1,29/11/17,Guingamp,Montpellier,1,11.14285714,3.785714286,4,10,7,13.42857143,1.785714286,0.071428571,1,12.28571429,3.142857143,5,5,4,11.71428571,2.142857143,0.071428571,0.857142857,14502,20958,35460
145,F1,29/11/17,Lyon,Lille,0,14.07142857,6.071428571,8,10,1,13.85714286,2.071428571,0.142857143,2.642857143,12.28571429,3.857142857,3,3,8,13.78571429,2.285714286,2.142857143,0.857142857,46005,21878,67883
146,F1,29/11/17,Metz,Marseille,0,11.14285714,3.785714286,1,7,12,12.92857143,2.071428571,0.285714286,0.357142857,16.28571429,5.642857143,8,4,2,13.35714286,2.714285714,1.071428571,2,14844,26919,41763
147,F1,29/11/17,Nantes,Monaco,2,10.64285714,3.357142857,7,9,5,13.71428571,2,0.142857143,0.928571429,14,5.214285714,9,2,3,14.21428571,1.857142857,0,2.571428571,24559,23813,48372
148,F1,29/11/17,Paris SG,Troyes,2,16.42857143,7.142857143,12,7,0,11.71428571,1.928571429,0.142857143,3.214285714,9.428571429,3.142857143,5,3,6,12.64285714,2.142857143,1.214285714,1.142857143,46930,21602,68532
149,F1,29/11/17,Toulouse,Nice,0,10.5,3.142857143,4,10,6,17,2.714285714,0,0.928571429,12.35714286,5.142857143,4,2,8,12.42857143,2.214285714,0.142857143,1.071428571,16929,22201,39130
150,F1,1/12/2017,Dijon,Bordeaux,2,12.2,4.533333333,5,8,7,13.13333333,2.133333333,0.066666667,1.4,13.13333333,4.266666667,5,5,5,15.2,2.333333333,0,1.333333333,12228,22009,34237
151,F1,2/12/2017,Lille,Toulouse,2,11.93333333,3.8,4,10,8,13.73333333,2.2,0.266666667,0.933333333,10.73333333,3.133333333,4,4,7,16.93333333,2.733333333,0.066666667,0.933333333,33200,21412,54612
152,F1,2/12/2017,Monaco,Angers,2,13.66666667,4.933333333,9,9,4,14.06666667,1.733333333,0,2.4,11.53333333,4,2,8,5,13.66666667,2.2,1,1.2,9243,21306,30549
153,F1,2/12/2017,Nice,Metz,2,12.06666667,5.066666667,5,8,8,12.4,2.333333333,0.2,1.133333333,11,3.8,1,1,13,12.93333333,2,2.133333333,0.333333333,22876,22504,45380
154,F1,2/12/2017,Rennes,Amiens,2,12.13333333,3.666666667,6,9,6,13.46666667,2,0.2,1.266666667,9.266666667,2.333333333,6,3,6,13,2.333333333,2,1,23111,22086,45197
155,F1,2/12/2017,Strasbourg,Paris SG,2,12.26666667,4,3,11,6,12.8,1.8,0.2,1.133333333,16.6,7.066666667,13,2,0,11.86666667,1.8,1.066666667,3.133333333,24064,29502,53566
156,F1,2/12/2017,Troyes,Guingamp,0,9.2,3.133333333,5,9,7,12.86666667,2.066666667,0.266666667,1.066666667,11.06666667,3.6,4,4,7,13.53333333,1.733333333,0.066666667,0.933333333,11723,22165,33888
157,F1,3/12/2017,Caen,Lyon,0,12.93333333,2.8,7,8,6,13.46666667,1.4,0.066666667,0.666666667,14.53333333,6,8,5,2,13.46666667,1.933333333,1.066666667,2.533333333,17187,24477,41664
158,F1,3/12/2017,Montpellier,Marseille,1,11.86666667,3.2,5,10,4,12.33333333,2.2,0.066666667,0.8,16.6,5.8,9,4,2,13,2.533333333,1.066666667,2.066666667,13458,26919,40377
159,F1,3/12/2017,St Etienne,Nantes,1,11.66666667,3.933333333,5,10,6,15,2.333333333,0.266666667,1.066666667,11,3.466666667,8,2,5,13.4,1.866666667,2,0.933333333,28142,22181,50323
160,F1,8/12/2017,Bordeaux,Strasbourg,0,13.1875,4.375,5,11,6,15.125,2.3125,0,1.375,11.8125,3.875,4,6,6,13.25,1.9375,2.0625,1.1875,26048,20496,46544
161,F1,9/12/2017,Angers,Montpellier,1,11.3125,3.9375,2,12,6,14,2.25,0.0625,1.125,11.9375,3.25,5,7,4,12.125,2.3125,0.0625,0.8125,11065,20958,32023
162,F1,9/12/2017,Guingamp,Dijon,2,11.0625,3.6875,5,12,7,13.25,1.75,0.125,0.9375,12.5,4.5625,6,3,7,13.25,2.125,0.0625,1.5,14502,21658,36160
163,F1,9/12/2017,Metz,Rennes,1,11.125,3.875,1,8,14,13.1875,2,0.25,0.375,12.9375,3.75,7,3,6,13.25,1.9375,3,1.3125,14844,21642,36486
164,F1,9/12/2017,Monaco,Troyes,2,13.125,4.8125,10,9,4,14,1.8125,0,2.3125,9.5,3.125,5,3,8,12.875,2.0625,1.25,1,9243,21602,30845
165,F1,9/12/2017,Paris SG,Lille,2,17.375,6.9375,13,8,1,11.4375,1.875,0.125,3,11.8125,3.75,5,3,8,13.9375,2.1875,2.125,0.9375,46930,21878,68808
166,F1,9/12/2017,Toulouse,Caen,2,10.6875,3.125,4,11,8,17,2.75,0.0625,0.875,13.3125,2.875,7,2,7,13.75,1.375,0.0625,0.6875,16929,20701,37630
167,F1,10/12/2017,Amiens,Lyon,0,9.0625,2.3125,6,10,7,12.625,2.5,0.125,0.9375,14.3125,5.875,9,5,2,13.5625,2,1.0625,2.5,9489,24477,33966
168,F1,10/12/2017,Marseille,St Etienne,2,15.9375,5.5625,9,11,2,13.625,2.5,0.125,2,11.75,3.9375,5,5,6,15.1875,2.4375,1.1875,1.0625,47314,22820,70134
169,F1,10/12/2017,Nantes,Nice,0,11.6875,3.625,8,10,5,13.1875,1.8125,0.125,0.9375,12.25,5.1875,6,2,8,12.25,2.1875,1.125,1.25,24559,22201,46760
170,F1,15/12/17,St Etienne,Monaco,0,11.35294118,3.764705882,5,12,7,14.88235294,2.411764706,0.294117647,1,13.47058824,4.882352941,11,2,4,14,1.941176471,0,2.352941176,28142,23813,51955
171,F1,16/12/17,Caen,Guingamp,1,13.17647059,2.882352941,7,9,8,13.52941176,1.411764706,0.058823529,0.647058824,11.41176471,4,6,4,7,12.76470588,1.647058824,1.058823529,1.117647059,17187,22165,39352
172,F1,16/12/17,Dijon,Lille,2,12.23529412,4.352941176,6,9,8,12.88235294,2,0.117647059,1.411764706,11.52941176,3.647058824,5,3,9,14.23529412,2.176470588,2.117647059,0.941176471,12228,21878,34106
173,F1,16/12/17,Montpellier,Metz,0,11.82352941,3.411764706,5,12,4,12,2.294117647,0.058823529,0.823529412,11.23529412,4,1,2,14,13.23529412,2.058823529,2.117647059,0.411764706,13458,22504,35962
174,F1,16/12/17,Rennes,Paris SG,0,12.47058824,3.764705882,7,10,6,13.11764706,2,0.176470588,1.294117647,17.17647059,6.823529412,14,2,1,11.58823529,1.882352941,1.058823529,3,23111,29502,52613
175,F1,16/12/17,Strasbourg,Toulouse,2,11.70588235,3.882352941,5,12,6,13.05882353,1.882352941,0.176470588,1.294117647,10.64705882,3.117647059,5,4,8,16.88235294,2.647058824,0.058823529,0.941176471,24064,21412,45476
176,F1,16/12/17,Troyes,Amiens,2,9.235294118,3.117647059,5,10,9,13.41176471,2.235294118,0.294117647,1.058823529,9.352941176,2.529411765,6,3,8,12.52941176,2.411764706,2,0.941176471,11723,22086,33809
177,F1,17/12/17,Lyon,Marseille,2,14.17647059,5.705882353,10,12,2,13.64705882,2,0.117647059,2.470588235,16.05882353,5.647058824,10,5,2,13.58823529,2.411764706,1.058823529,2.058823529,46005,26919,72924
178,F1,17/12/17,Nantes,Angers,2,12.29411765,3.647058824,8,10,6,13.17647059,1.764705882,0.117647059,0.941176471,11.41176471,3.941176471,2,9,6,14.05882353,2.294117647,1,1.117647059,24559,21306,45865
179,F1,17/12/17,Nice,Bordeaux,2,12.23529412,5.176470588,7,9,8,12.23529412,2.294117647,0.176470588,1.294117647,13.11764706,4.235294118,5,5,7,15.05882353,2.352941176,0,1.294117647,22876,22009,44885
180,F1,20/12/17,Amiens,Nantes,0,9.444444444,2.555555556,6,11,9,12.61111111,2.388888889,0.111111111,0.888888889,12.16666667,3.666666667,9,3,6,12.94444444,1.833333333,2.055555556,0.944444444,9489,22181,31670
181,F1,20/12/17,Angers,Dijon,2,11.16666667,3.722222222,2,14,7,14.11111111,2.277777778,0.055555556,1.055555556,12.27777778,4.555555556,7,3,8,12.94444444,1.944444444,1.055555556,1.5,11065,21658,32723
182,F1,20/12/17,Bordeaux,Montpellier,0,12.94444444,4.055555556,5,12,8,15.05555556,2.333333333,0,1.222222222,11.66666667,3.388888889,5,8,5,11.88888889,2.222222222,0.055555556,0.833333333,26048,20958,47006
183,F1,20/12/17,Guingamp,St Etienne,2,11.22222222,4.055555556,6,13,7,12.77777778,1.777777778,0.111111111,1.055555556,11,3.722222222,5,5,8,14.66666667,2.333333333,2.222222222,0.944444444,14502,22820,37322
184,F1,20/12/17,Lille,Nice,1,11.38888889,3.722222222,5,12,10,13.94444444,2.111111111,0.222222222,0.888888889,12.16666667,5.055555556,8,2,8,12.11111111,2.222222222,1.111111111,1.277777778,33200,22201,55401
185,F1,20/12/17,Marseille,Troyes,2,16.22222222,5.611111111,10,12,3,13.88888889,2.388888889,0.111111111,1.944444444,9.777777778,3.333333333,6,3,9,13.66666667,2.333333333,1.222222222,1.055555556,47314,21602,68916
186,F1,20/12/17,Metz,Strasbourg,2,10.94444444,4,2,10,14,13.66666667,2.055555556,0.222222222,0.555555556,11.55555556,3.944444444,6,6,6,13.27777778,1.888888889,2.055555556,1.333333333,14844,20496,35340
187,F1,20/12/17,Monaco,Rennes,2,13.94444444,5.111111111,12,10,4,13.83333333,1.833333333,0,2.444444444,12.55555556,3.666666667,7,4,7,13.27777778,2.111111111,3.055555556,1.277777778,9243,21642,30885
188,F1,20/12/17,Paris SG,Caen,2,17.38888889,7,15,9,1,11.5,1.944444444,0.166666667,3.055555556,13.05555556,2.833333333,7,3,8,13.88888889,1.444444444,0.055555556,0.611111111,46930,20701,67631
189,F1,20/12/17,Toulouse,Lyon,0,10.66666667,3.111111111,5,12,9,16.77777778,2.722222222,0.055555556,0.944444444,13.83333333,5.666666667,11,5,2,13.44444444,1.888888889,1.055555556,2.444444444,16929,24477,41406
190,F1,12/1/2018,Strasbourg,Guingamp,0,11.31578947,3.842105263,6,13,7,13.26315789,1.842105263,0.157894737,1.263157895,12.05263158,4.157894737,7,5,7,12.78947368,1.842105263,1.052631579,1.105263158,24064,22165,46229
191,F1,13/01/18,Caen,Lille,0,12.84210526,2.894736842,7,11,9,13.78947368,1.473684211,0.052631579,0.631578947,11.05263158,3.578947368,5,4,10,14.15789474,2.105263158,2.105263158,0.894736842,17187,21878,39065
192,F1,13/01/18,Dijon,Metz,1,12.47368421,4.473684211,7,10,9,13.21052632,2.052631579,0.157894737,1.473684211,11.73684211,4.263157895,3,2,14,13.84210526,2.157894737,2.105263158,0.684210526,12228,22504,34732
193,F1,13/01/18,Montpellier,Monaco,1,11.78947368,3.526315789,6,13,5,11.94736842,2.263157895,0.052631579,0.894736842,13.94736842,5.052631579,13,2,4,14.21052632,1.894736842,0,2.421052632,13458,23813,37271
194,F1,13/01/18,Nice,Amiens,2,11.94736842,4.947368421,8,10,8,12.05263158,2.315789474,0.157894737,1.263157895,9.578947368,2.684210526,6,3,10,12.84210526,2.421052632,2,0.842105263,22876,22086,44962
195,F1,13/01/18,Rennes,Marseille,0,12.31578947,3.578947368,7,11,8,13.57894737,2.105263158,0.210526316,1.263157895,16.42105263,5.736842105,11,5,3,13.73684211,2.315789474,1.052631579,2,23111,26919,50030
196,F1,13/01/18,Troyes,Bordeaux,0,9.684210526,3.315789474,6,11,10,13.63157895,2.210526316,0.263157895,1.052631579,12.68421053,3.894736842,5,5,9,15,2.368421053,0,1.157894737,11723,22009,33732
197,F1,14/01/18,Lyon,Angers,1,13.84210526,5.894736842,12,13,2,13.31578947,1.894736842,0.105263158,2.421052632,11.84210526,4.105263158,3,9,7,14.21052632,2.315789474,1,1.105263158,46005,21306,67311
198,F1,14/01/18,Nantes,Paris SG,0,12.26315789,3.736842105,10,11,6,12.94736842,1.842105263,0.157894737,0.947368421,17.57894737,7,16,2,1,11.26315789,1.947368421,2.052631579,3.052631579,24559,29502,54061
199,F1,14/01/18,St Etienne,Toulouse,2,10.57894737,3.684210526,5,13,9,14.57894737,2.315789474,0.368421053,0.947368421,11,3.210526316,5,4,10,16.73684211,2.736842105,0.052631579,0.947368421,28142,21412,49554
200,F1,16/01/18,Bordeaux,Caen,0,12.55,3.9,6,13,9,14.9,2.25,0,1.15,12.95,3.1,7,3,10,13.85,1.55,0.1,0.6,26048,20701,46749
201,F1,16/01/18,Marseille,Strasbourg,2,16.5,5.7,12,13,3,13.95,2.3,0.1,2.05,11.45,3.8,6,6,8,13.3,1.8,2.05,1.2,47314,20496,67810
202,F1,16/01/18,Monaco,Nice,1,13.9,5.1,13,11,4,14,1.85,0,2.3,12.35,5.05,9,3,8,11.95,2.25,1.1,1.25,9243,22201,31444
203,F1,17/01/18,Amiens,Montpellier,1,9.55,2.7,6,12,11,12.85,2.3,0.1,0.8,12,3.55,6,9,5,12.1,2.4,0.05,0.85,9489,20958,30447
204,F1,17/01/18,Angers,Troyes,2,11.7,4,3,15,7,14.4,2.4,0.1,1.1,9.6,3.3,6,3,11,13.7,2.3,1.2,1,11065,21602,32667
205,F1,17/01/18,Guingamp,Lyon,0,11.95,4.2,8,14,7,12.85,1.85,0.1,1.15,14.1,5.95,12,6,2,13.2,1.9,1.05,2.35,14502,24477,38979
206,F1,17/01/18,Lille,Rennes,0,11.1,3.65,6,14,10,14,2.15,0.25,0.9,12.35,3.55,7,4,9,13.3,2.05,3.05,1.2,33200,21642,54842
207,F1,17/01/18,Metz,St Etienne,2,11.75,4.35,3,11,14,13.9,2.15,0.2,0.7,10.6,3.75,6,5,9,14.55,2.25,3.2,1,14844,22820,37664
208,F1,17/01/18,Paris SG,Dijon,2,17.7,6.8,17,10,1,11.25,1.95,0.15,2.95,12.45,4.6,7,4,9,13.05,2.05,2.1,1.45,46930,21658,68588
209,F1,17/01/18,Toulouse,Nantes,1,11.4,3.45,5,13,11,17,2.75,0.05,0.9,12.3,3.7,10,3,7,13.15,1.9,2.1,0.9,16929,22181,39110
210,F1,19/01/18,Caen,Marseille,0,12.80952381,3.095238095,8,12,10,13.76190476,1.714285714,0.095238095,0.666666667,16.42857143,5.761904762,13,5,3,13.57142857,2.285714286,1.047619048,2.047619048,17187,26919,44106
211,F1,20/01/18,Amiens,Guingamp,2,9.714285714,2.714285714,6,13,11,12.71428571,2.285714286,0.095238095,0.80952381,11.76190476,4.142857143,8,5,8,13.19047619,1.857142857,1.047619048,1.095238095,9489,22165,31654
212,F1,20/01/18,Montpellier,Toulouse,2,12.19047619,3.619047619,6,15,5,11.80952381,2.333333333,0.047619048,0.857142857,11.57142857,3.428571429,5,5,11,17,2.714285714,0.047619048,0.904761905,13458,21412,34870
213,F1,20/01/18,Nantes,Bordeaux,0,12.23809524,3.619047619,10,12,7,13.28571429,2,0.19047619,0.904761905,12.57142857,3.952380952,6,5,10,14.80952381,2.285714286,0.047619048,1.095238095,24559,22009,46568
214,F1,20/01/18,Rennes,Angers,2,12.80952381,3.952380952,8,12,9,12.85714286,1.952380952,0.19047619,1.238095238,11.71428571,4.047619048,4,10,7,14.42857143,2.285714286,2,1.19047619,23111,21306,44417
215,F1,20/01/18,Strasbourg,Dijon,2,11.0952381,3.714285714,6,14,9,13.38095238,1.857142857,0.142857143,1.142857143,12.14285714,4.428571429,7,4,10,13.19047619,2,2.095238095,1.380952381,24064,21658,45722
216,F1,20/01/18,Troyes,Lille,2,9.523809524,3.238095238,6,12,12,13.85714286,2.428571429,0.238095238,1,11.0952381,3.619047619,6,4,11,14.04761905,2.095238095,3.095238095,0.904761905,11723,21878,33601
217,F1,21/01/18,Lyon,Paris SG,2,14.42857143,6.285714286,13,15,2,13.33333333,1.904761905,0.095238095,2.333333333,17.95238095,7.142857143,18,2,1,11.0952381,1.857142857,2.047619048,3.19047619,46005,29502,75507
218,F1,21/01/18,Monaco,Metz,2,13.52380952,5,13,12,4,13.80952381,1.952380952,0,2.285714286,12.0952381,4.714285714,4,3,14,13.9047619,2.095238095,2.095238095,0.80952381,9243,22504,31747
219,F1,21/01/18,Nice,St Etienne,2,12.19047619,5.047619048,9,11,8,11.95238095,2.333333333,0.142857143,1.285714286,10.42857143,3.761904762,6,5,10,14.38095238,2.333333333,4.19047619,0.952380952,22876,22820,45696
220,F1,26/01/18,Dijon,Rennes,2,12.13636364,4.454545455,7,13,11,13.59090909,1.954545455,0.181818182,1.409090909,12.63636364,3.863636364,9,4,9,12.86363636,2,3.045454545,1.227272727,12228,21642,33870
221,F1,27/01/18,Angers,Amiens,2,11.59090909,4,4,16,8,14.54545455,2.409090909,0.136363636,1.136363636,9.863636364,2.863636364,7,4,11,12.54545455,2.181818182,2,0.909090909,11065,22086,33151
222,F1,27/01/18,Guingamp,Nantes,0,11.5,4,8,15,9,13.09090909,1.863636364,0.090909091,1.090909091,12.31818182,3.636363636,10,4,8,13.54545455,1.954545455,2.090909091,0.863636364,14502,22181,36683
223,F1,27/01/18,Metz,Nice,2,11.68181818,4.590909091,4,12,15,13.95454545,2.045454545,0.227272727,0.818181818,11.95454545,4.909090909,10,4,8,12.09090909,2.363636364,1.090909091,1.272727273,14844,22201,37045
224,F1,27/01/18,Paris SG,Montpellier,2,17.63636364,6.954545455,18,11,2,11.09090909,1.909090909,0.181818182,3.090909091,12.63636364,3.681818182,7,10,5,12.09090909,2.272727273,0.045454545,0.909090909,46930,20958,67888
225,F1,27/01/18,St Etienne,Caen,2,10.36363636,3.681818182,6,15,11,14.77272727,2.272727273,0.363636364,0.909090909,12.45454545,3.045454545,8,3,11,13.95454545,1.727272727,0.090909091,0.636363636,28142,20701,48843
226,F1,27/01/18,Toulouse,Troyes,2,11.45454545,3.409090909,5,15,12,16.81818182,2.772727273,0.090909091,0.909090909,9.409090909,3.181818182,7,3,12,13.81818182,2.318181818,1.181818182,1,16929,21602,38531
227,F1,28/01/18,Bordeaux,Lyon,2,12.40909091,3.909090909,7,14,10,14.63636364,2.272727273,0.045454545,1.090909091,14.27272727,6.272727273,14,6,2,13.45454545,1.909090909,1.045454545,2.318181818,26048,24477,50525
228,F1,28/01/18,Lille,Strasbourg,2,11,3.5,6,15,12,13.86363636,2.090909091,0.227272727,0.863636364,11.31818182,3.954545455,7,6,9,13.54545455,1.818181818,2.045454545,1.227272727,33200,20496,53696
229,F1,28/01/18,Marseille,Monaco,1,16.22727273,5.681818182,14,14,3,13.63636364,2.318181818,0.090909091,2.045454545,13.5,5.045454545,14,4,4,13.68181818,1.909090909,0,2.318181818,47314,23813,71127
230,F1,2/2/2018,Marseille,Metz,2,16.26086957,5.695652174,14,15,3,13.91304348,2.347826087,0.086956522,2.043478261,11.82608696,4.608695652,5,3,15,14.47826087,2.130434783,3.086956522,0.869565217,47314,22504,69818
231,F1,3/2/2018,Amiens,St Etienne,0,9.565217391,2.739130435,7,14,12,12.82608696,2.217391304,0.086956522,0.869565217,10.43478261,3.695652174,7,5,11,14.65217391,2.260869565,4.173913043,0.956521739,9489,22820,32309
232,F1,3/2/2018,Lille,Paris SG,0,10.86956522,3.565217391,7,15,12,13.47826087,2.043478261,0.217391304,0.913043478,17.34782609,6.956521739,19,2,2,11.30434783,1.869565217,3.043478261,3.130434783,33200,29502,62702
233,F1,3/2/2018,Montpellier,Angers,2,12.7826087,3.652173913,7,16,6,12.04347826,2.260869565,0.043478261,0.869565217,11.7826087,4.130434783,5,10,8,14.52173913,2.347826087,3,1.130434783,13458,21306,34764
234,F1,3/2/2018,Nice,Toulouse,0,12,4.913043478,10,12,9,12.39130435,2.47826087,0.173913043,1.260869565,11.82608696,3.565217391,6,5,12,16.56521739,2.695652174,1.043478261,0.913043478,22876,21412,44288
235,F1,3/2/2018,Strasbourg,Bordeaux,0,11.30434783,3.869565217,7,15,10,13.43478261,1.782608696,0.130434783,1.217391304,12.26086957,3.913043478,8,5,10,14.73913043,2.304347826,0.086956522,1.173913043,24064,22009,46073
236,F1,4/2/2018,Caen,Nantes,2,12.52173913,3.043478261,8,13,12,14.08695652,1.695652174,0.086956522,0.652173913,12.34782609,3.695652174,11,4,8,13.69565217,2,2.086956522,0.956521739,17187,22181,39368
237,F1,4/2/2018,Monaco,Lyon,2,13.30434783,4.956521739,14,13,4,13.73913043,1.913043478,0,2.304347826,14.04347826,6.173913043,14,6,3,13.39130435,1.956521739,1.043478261,2.260869565,9243,24477,33720
238,F1,4/2/2018,Rennes,Guingamp,0,12.65217391,3.869565217,9,13,10,13.04347826,2,0.173913043,1.217391304,11.26086957,3.826086957,8,5,10,12.91304348,1.869565217,1.043478261,1.043478261,23111,22165,45276
239,F1,9/2/2018,St Etienne,Marseille,1,10.66666667,3.875,8,16,11,14.70833333,2.208333333,0.333333333,1,16.33333333,5.875,15,6,3,13.70833333,2.291666667,1.041666667,2.208333333,28142,26919,55061
240,F1,10/2/2018,Angers,Monaco,0,11.625,4.041666667,5,17,9,14.33333333,2.333333333,0.125,1.125,13.25,5.041666667,15,5,4,13.91666667,1.958333333,0.041666667,2.333333333,11065,23813,34878
241,F1,10/2/2018,Bordeaux,Amiens,2,12.04166667,3.916666667,9,15,10,14.75,2.375,0.083333333,1.208333333,9.5,2.625,7,4,13,12.70833333,2.208333333,2,0.833333333,26048,22086,48134
242,F1,10/2/2018,Dijon,Nice,2,12.2173913,4.434782609,8,13,11,13.43478261,2,0.173913043,1.434782609,12.08333333,4.791666667,10,4,10,12.45833333,2.458333333,2.083333333,1.208333333,12228,22201,34429
243,F1,10/2/2018,Guingamp,Caen,1,11.25,3.833333333,9,16,10,12.875,1.958333333,0.083333333,1.041666667,12.66666667,3.208333333,9,3,12,13.95833333,1.666666667,0.083333333,0.75,14502,20701,35203
244,F1,10/2/2018,Metz,Montpellier,0,12.08333333,4.75,5,13,16,14.58333333,2.041666667,0.208333333,0.958333333,12.58333333,3.625,8,10,6,11.95833333,2.166666667,0.041666667,0.916666667,14844,20958,35802
245,F1,10/2/2018,Toulouse,Paris SG,0,11.58333333,3.458333333,7,16,12,16.41666667,2.666666667,0.083333333,0.916666667,17.41666667,7.041666667,20,2,2,11,1.833333333,3.041666667,3.125,16929,29502,46431
246,F1,11/2/2018,Lyon,Rennes,0,14,6.083333333,14,17,4,13.45833333,2,0.083333333,2.25,12.66666667,3.916666667,9,4,11,13.33333333,2,3.041666667,1.166666667,46005,21642,67647
247,F1,11/2/2018,Nantes,Lille,1,12.41666667,3.708333333,11,14,9,13.5,2,0.166666667,1,10.83333333,3.541666667,7,4,13,13.375,2,3.083333333,0.875,24559,21878,46437
248,F1,11/2/2018,Strasbourg,Troyes,2,11.20833333,3.708333333,7,15,11,13.41666667,1.75,0.125,1.166666667,9.043478261,3.043478261,7,3,13,13.86956522,2.391304348,2.173913043,0.956521739,24064,21602,45666
249,F1,16/02/18,Monaco,Dijon,2,13.12,5.08,16,14,4,13.6,1.88,0.04,2.4,12.16666667,4.375,9,4,11,13.45833333,2,2.083333333,1.5,9243,21658,30901
250,F1,17/02/18,Amiens,Toulouse,1,9.88,2.76,7,15,14,12.72,2.16,0.08,0.88,11.24,3.36,7,5,13,16.56,2.72,1.04,0.88,9489,21412,30901
251,F1,17/02/18,Angers,St Etienne,0,11.6,3.92,5,17,10,14.2,2.28,0.12,1.08,10.52,3.84,8,6,11,14.6,2.12,4.16,1.04,11065,22820,33885
252,F1,17/02/18,Caen,Rennes,1,12.64,3.16,9,14,12,14.08,1.68,0.08,0.72,12.4,3.88,10,4,11,13.12,1.96,3.04,1.2,17187,21642,38829
253,F1,17/02/18,Montpellier,Guingamp,1,12.72,3.8,9,17,6,11.92,2.12,0.04,0.92,11.04,3.72,9,6,10,12.84,1.92,1.04,1,13458,22165,35623
254,F1,17/02/18,Paris SG,Strasbourg,2,17.56,7,21,13,2,11.08,1.84,0.16,3.04,11.24,3.64,8,6,11,13.24,1.76,2.04,1.2,46930,20496,67426
255,F1,17/02/18,Troyes,Metz,2,9.166666667,3.083333333,7,14,14,13.875,2.375,0.25,0.958333333,12.08,4.76,5,3,17,14.6,2.04,3.08,0.92,11723,22504,34227
256,F1,18/02/18,Lille,Lyon,1,10.68,3.56,7,16,13,13.28,1.96,0.2,0.92,14.2,6.08,14,6,5,13.56,2,1.04,2.16,33200,24477,57677
257,F1,18/02/18,Marseille,Bordeaux,2,16.16,5.8,15,16,3,13.64,2.2,0.08,2.2,12.12,3.92,10,5,10,14.6,2.28,0.08,1.28,47314,22009,69323
258,F1,18/02/18,Nice,Nantes,1,12.16,4.8,10,13,11,12.52,2.48,0.16,1.24,12.72,3.8,11,5,9,13.32,1.92,2.08,1.04,22876,22181,45057
259,F1,20/02/18,Troyes,Dijon,1,9.52,3.32,8,14,14,13.68,2.32,0.24,0.96,11.96,4.36,9,4,12,13.44,1.96,2.08,1.44,11723,21658,33381
260,F1,23/02/18,Strasbourg,Montpellier,1,11.26923077,3.576923077,8,16,12,13.30769231,1.807692308,0.115384615,1.230769231,12.96153846,3.846153846,9,11,6,11.76923077,2.076923077,0.038461538,0.923076923,24064,20958,45022
261,F1,24/02/18,Dijon,Caen,2,11.76923077,4.230769231,9,15,12,13.38461538,1.923076923,0.153846154,1.384615385,12.84615385,3.269230769,9,5,12,13.69230769,1.692307692,0.076923077,0.769230769,12228,20701,32929
262,F1,24/02/18,Guingamp,Metz,1,10.76923077,3.615384615,9,18,10,12.92307692,1.884615385,0.076923077,1,12,4.730769231,5,3,18,14.38461538,2.038461538,3.076923077,0.884615385,14502,22504,37006
263,F1,24/02/18,Lille,Angers,0,10.80769231,3.615384615,7,17,13,13.23076923,1.884615385,0.192307692,0.961538462,11.88461538,3.923076923,5,10,11,14.19230769,2.230769231,3,1.038461538,33200,21306,54506
264,F1,24/02/18,Nantes,Amiens,0,12.57692308,3.769230769,11,16,9,13.15384615,1.846153846,0.153846154,1.038461538,9.730769231,2.692307692,7,5,14,12.65384615,2.115384615,2.038461538,0.846153846,24559,22086,46645
265,F1,24/02/18,Rennes,Troyes,2,12.34615385,3.923076923,10,15,11,12.92307692,1.884615385,0.153846154,1.230769231,9.5,3.307692308,8,4,14,13.73076923,2.307692308,2.153846154,0.923076923,23111,21602,44713
266,F1,24/02/18,Toulouse,Monaco,1,11.26923077,3.423076923,7,17,13,16.5,2.615384615,0.076923077,0.846153846,13.15384615,5.076923077,17,5,4,13.5,1.884615385,0.038461538,2.461538462,16929,23813,40742
267,F1,25/02/18,Bordeaux,Nice,1,11.84615385,3.807692308,10,16,11,14.5,2.269230769,0.076923077,1.230769231,12.15384615,4.769230769,10,5,11,12.53846154,2.461538462,2.076923077,1.230769231,26048,22201,48249
268,F1,25/02/18,Lyon,St Etienne,1,14.15384615,6.038461538,14,18,5,13.38461538,2.076923077,0.076923077,2.153846154,10.5,3.807692308,9,6,11,14.57692308,2.115384615,4.153846154,1.038461538,46005,22820,68825
269,F1,25/02/18,Paris SG,Marseille,2,17.65384615,7.153846154,22,13,2,11,1.846153846,0.153846154,3.115384615,16,5.884615385,16,7,3,13.53846154,2.192307692,1.038461538,2.153846154,46930,26919,73849
270,F1,2/3/2018,Monaco,Bordeaux,2,13,5.074074074,17,15,4,13.55555556,1.925925926,0.037037037,2.481481481,12.25925926,3.888888889,10,6,11,14.59259259,2.259259259,0.074074074,1.185185185,9243,22009,31252
271,F1,2/3/2018,Nice,Lille,2,11.81481481,4.592592593,10,15,11,12.7037037,2.444444444,0.148148148,1.185185185,10.92592593,3.592592593,7,6,14,13.18518519,1.814814815,3.074074074,0.962962963,22876,21878,44754
272,F1,3/3/2018,Amiens,Rennes,0,9.666666667,2.62962963,8,17,14,12.77777778,2.111111111,0.111111111,0.851851852,12.2962963,4,11,5,11,12.77777778,1.925925926,3.037037037,1.259259259,9489,21642,31131
273,F1,3/3/2018,Angers,Guingamp,2,11.96296296,4.111111111,6,18,11,14.07407407,2.222222222,0.111111111,1.074074074,11,3.777777778,9,8,10,13,1.925925926,1.037037037,1.037037037,11065,22165,33230
274,F1,3/3/2018,Metz,Toulouse,1,11.74074074,4.62962963,5,15,18,14.44444444,2.111111111,0.185185185,0.925925926,11.18518519,3.518518519,7,7,13,16.37037037,2.555555556,1.037037037,0.925925926,14844,21412,36256
275,F1,3/3/2018,St Etienne,Dijon,1,10.40740741,3.740740741,9,19,11,14.88888889,2.148148148,0.296296296,1.037037037,11.81481481,4.185185185,10,5,12,13.11111111,1.888888889,2.074074074,1.407407407,28142,21658,49800
276,F1,3/3/2018,Troyes,Paris SG,0,9.444444444,3.185185185,8,16,15,13.62962963,2.259259259,0.259259259,0.888888889,17.37037037,7,23,2,2,11.37037037,2,3.037037037,3.111111111,11723,29502,41225
277,F1,4/3/2018,Caen,Strasbourg,2,12.85185185,3.222222222,9,16,13,13.77777778,1.777777778,0.074074074,0.740740741,11.25925926,3.555555556,8,7,12,13.44444444,1.814814815,2.037037037,1.185185185,17187,20496,37683
278,F1,4/3/2018,Marseille,Nantes,1,15.96296296,5.888888889,16,17,4,13.7037037,2.296296296,0.074074074,2.074074074,13.11111111,3.777777778,11,6,10,13.03703704,1.851851852,2.074074074,1,47314,22181,69495
279,F1,4/3/2018,Montpellier,Lyon,1,12.77777778,3.777777778,9,19,6,11.74074074,2.111111111,0.037037037,0.888888889,13.96296296,6,14,8,5,13.22222222,2.037037037,1.037037037,2.111111111,13458,24477,37935
280,F1,9/3/2018,Strasbourg,Monaco,0,11.25,3.5,8,18,13,13.39285714,1.821428571,0.107142857,1.142857143,13.17857143,5.071428571,18,6,4,13.39285714,1.857142857,0.035714286,2.464285714,24064,23813,47877
281,F1,10/3/2018,Bordeaux,Angers,1,12.03571429,3.785714286,10,18,12,14.53571429,2.214285714,0.071428571,1.178571429,12.07142857,4.178571429,7,10,11,14.07142857,2.178571429,3,1.142857143,26048,21306,47354
282,F1,10/3/2018,Dijon,Amiens,1,11.71428571,4.214285714,10,16,12,13.17857143,1.964285714,0.142857143,1.428571429,9.821428571,2.642857143,8,5,15,13,2.107142857,2.035714286,0.821428571,12228,22086,34314
283,F1,10/3/2018,Lille,Montpellier,1,10.96428571,3.642857143,7,18,15,13.14285714,1.785714286,0.178571429,0.964285714,12.67857143,3.821428571,9,13,6,11.85714286,2.107142857,0.035714286,0.892857143,33200,20958,54158
284,F1,10/3/2018,Nantes,Troyes,2,12.96428571,3.75,11,17,10,13.25,1.928571429,0.178571429,1,9.464285714,3.142857143,8,4,16,13.39285714,2.285714286,3.142857143,0.857142857,24559,21602,46161
285,F1,10/3/2018,Paris SG,Metz,2,17.46428571,7.214285714,24,14,2,11.17857143,1.964285714,0.142857143,3.071428571,11.75,4.5,5,5,18,14.17857143,2.035714286,3.107142857,0.928571429,46930,22504,69434
286,F1,10/3/2018,Rennes,St Etienne,1,12.5,4.035714286,12,16,11,12.89285714,1.964285714,0.142857143,1.285714286,10.5,3.857142857,9,8,11,14.71428571,2.071428571,4.142857143,1.071428571,23111,22820,45931
287,F1,11/3/2018,Guingamp,Nice,0,11.03571429,3.75,9,20,11,12.82142857,1.892857143,0.071428571,1,12.21428571,4.785714286,11,6,11,12.57142857,2.464285714,2.071428571,1.214285714,14502,22201,36703
288,F1,11/3/2018,Lyon,Caen,2,14.14285714,5.928571429,14,20,5,12.96428571,2.035714286,0.071428571,2.071428571,12.64285714,3.25,10,5,13,13.78571429,1.857142857,0.071428571,0.785714286,46005,20701,66706
289,F1,11/3/2018,Toulouse,Marseille,0,11.42857143,3.535714286,7,19,13,16.28571429,2.607142857,0.071428571,0.928571429,16.17857143,5.857142857,16,8,4,13.46428571,2.321428571,1.035714286,2.035714286,16929,26919,43848
290,F1,14/03/18,Paris SG,Angers,2,17.48275862,7.310344828,25,14,2,11.13793103,1.896551724,0.137931034,3.137931034,11.96551724,4.034482759,7,11,11,13.79310345,2.103448276,3,1.103448276,46930,21306,68236
291,F1,16/03/18,Monaco,Lille,2,13.06896552,5.034482759,19,16,4,13.4137931,1.827586207,0.034482759,2.482758621,10.75862069,3.586206897,7,7,15,13.27586207,1.793103448,3.068965517,0.965517241,9243,21878,31121
292,F1,17/03/18,Amiens,Troyes,1,9.827586207,2.689655172,8,18,15,13,2.034482759,0.103448276,0.827586207,9.413793103,3.034482759,8,4,17,13.13793103,2.24137931,3.137931034,0.827586207,9489,21602,31091
293,F1,17/03/18,Angers,Caen,2,12.23333333,4.166666667,7,20,12,13.7,2.1,0.1,1.1,12.4137931,3.172413793,10,5,14,13.5862069,1.827586207,0.068965517,0.75862069,11065,20701,31766
294,F1,17/03/18,Bordeaux,Rennes,0,12.03448276,3.724137931,10,19,12,14.37931034,2.137931034,0.068965517,1.137931034,12.68965517,4.137931034,12,6,11,13,1.896551724,3.034482759,1.275862069,26048,21642,47690
295,F1,17/03/18,Montpellier,Dijon,1,12.68965517,3.827586207,9,21,6,11.86206897,2.103448276,0.034482759,0.896551724,11.65517241,4.172413793,10,7,12,13.13793103,2,2.068965517,1.413793103,13458,21658,35116
296,F1,17/03/18,Toulouse,Strasbourg,1,11.34482759,3.551724138,7,19,14,16.27586207,2.586206897,0.068965517,0.931034483,11.86206897,3.551724138,8,7,14,13.37931034,1.75862069,2.034482759,1.137931034,16929,20496,37425
297,F1,18/03/18,Marseille,Lyon,0,16.4137931,5.965517241,17,19,4,13.65517241,2.344827586,0.068965517,2.034482759,14.34482759,5.862068966,15,9,5,12.62068966,2,1.034482759,2.034482759,47314,24477,71791
298,F1,18/03/18,Metz,Nantes,1,11.55172414,4.448275862,5,17,19,14.03448276,2,0.206896552,0.896551724,13.17241379,3.724137931,12,7,10,13,1.862068966,3.068965517,1,14844,22181,37025
299,F1,18/03/18,Nice,Paris SG,0,12.37931034,4.793103448,12,16,11,12.4137931,2.413793103,0.137931034,1.344827586,17.36666667,7.3,26,2,2,11,1.866666667,3.066666667,3.1,22876,29502,52378
300,F1,18/03/18,St Etienne,Guingamp,2,10.44827586,3.827586207,9,21,11,14.68965517,2.137931034,0.275862069,1.068965517,11.06896552,3.827586207,9,8,12,13.20689655,1.931034483,1.034482759,1.034482759,28142,22165,50307
301,F1,31/03/18,Dijon,Marseille,0,11.6,4.266666667,10,18,12,13.13333333,2.066666667,0.133333333,1.433333333,16.2,5.933333333,17,8,5,13.6,2.333333333,1.033333333,2.033333333,12228,26919,39147
302,F1,1/4/2018,Caen,Montpellier,0,12.26666667,3.133333333,10,18,15,13.43333333,1.833333333,0.066666667,0.733333333,12.86666667,4.066666667,9,15,6,12,2.066666667,0.033333333,0.933333333,17187,20958,38145
303,F1,1/4/2018,Guingamp,Bordeaux,2,11,3.8,9,21,13,13.16666667,1.966666667,0.066666667,1,11.93333333,3.666666667,10,7,13,14.33333333,2.133333333,0.066666667,1.1,14502,22009,36511
304,F1,1/4/2018,Lille,Amiens,0,10.86666667,3.633333333,7,20,16,13.16666667,1.733333333,0.166666667,0.966666667,9.766666667,2.633333333,8,7,15,13,2,2.033333333,0.833333333,33200,22086,55286
305,F1,1/4/2018,Lyon,Toulouse,2,14.23333333,5.866666667,16,21,5,12.66666667,2.033333333,0.066666667,2.066666667,11.33333333,3.633333333,7,9,14,16.13333333,2.566666667,1.033333333,0.966666667,46005,21412,67417
306,F1,1/4/2018,Nantes,St Etienne,0,13.23333333,3.733333333,12,18,10,12.9,1.8,0.166666667,1,10.63333333,3.9,10,9,11,14.73333333,2.133333333,4.133333333,1.1,24559,22820,47379
307,F1,1/4/2018,Strasbourg,Metz,1,11.86666667,3.566666667,8,19,14,13.3,1.733333333,0.1,1.166666667,11.43333333,4.433333333,5,6,19,13.8,2,3.1,0.9,24064,22504,46568
308,F1,1/4/2018,Troyes,Nice,0,9.466666667,3.1,8,18,17,13.06666667,2.2,0.233333333,0.833333333,12.43333333,4.766666667,12,6,12,12.26666667,2.333333333,2.066666667,1.333333333,11723,22201,33924
309,F1,4/4/2018,Rennes,Monaco,1,12.46666667,4.1,13,18,11,12.83333333,1.866666667,0.133333333,1.3,12.96666667,5,20,6,4,13.4,1.833333333,0.033333333,2.466666667,23111,23813,46924
310,F1,6/4/2018,St Etienne,Paris SG,1,10.77419355,4.032258065,11,22,11,14.64516129,2.064516129,0.258064516,1.161290323,17.41935484,7.290322581,27,2,2,11.03225806,1.838709677,3.064516129,3.064516129,28142,29502,57644
311,F1,7/4/2018,Amiens,Caen,2,9.774193548,2.612903226,9,20,15,13.06451613,2,0.096774194,0.838709677,12.12903226,3.193548387,10,5,16,13.70967742,1.838709677,0.064516129,0.741935484,9489,20701,30190
312,F1,7/4/2018,Angers,Strasbourg,1,12.25806452,4.225806452,8,20,12,13.61290323,2.064516129,0.096774194,1.161290323,12.06451613,3.612903226,8,9,14,13.38709677,1.838709677,2.064516129,1.193548387,11065,20496,31561
313,F1,7/4/2018,Bordeaux,Lille,2,12.03225806,3.741935484,10,20,14,14.32258065,2.129032258,0.064516129,1.096774194,11,3.612903226,7,7,17,13.03225806,1.677419355,3.064516129,0.935483871,26048,21878,47926
314,F1,7/4/2018,Guingamp,Troyes,2,11.09677419,3.870967742,10,21,13,13.12903226,1.935483871,0.064516129,1.032258065,9.516129032,3.096774194,8,5,18,13.16129032,2.161290323,3.129032258,0.806451613,14502,21602,36104
315,F1,7/4/2018,Monaco,Nantes,2,12.80645161,4.903225806,20,17,4,13.51612903,1.838709677,0.032258065,2.419354839,13.4516129,3.741935484,12,8,11,13,1.838709677,3.064516129,0.967741935,9243,22181,31424
316,F1,7/4/2018,Toulouse,Dijon,0,11.29032258,3.709677419,7,21,15,15.90322581,2.516129032,0.064516129,0.935483871,11.61290323,4.193548387,10,8,13,13.06451613,2.064516129,2.096774194,1.419354839,16929,21658,38587
317,F1,8/4/2018,Marseille,Montpellier,1,16.03225806,5.903225806,18,20,5,13.64516129,2.35483871,0.064516129,2.064516129,12.74193548,4.129032258,10,15,6,11.96774194,2.064516129,0.032258065,1,47314,20958,68272
318,F1,8/4/2018,Metz,Lyon,0,11.41935484,4.451612903,5,19,19,14.09677419,2.064516129,0.225806452,0.935483871,14.41935484,5.838709677,17,9,5,12.70967742,2,1.032258065,2.064516129,14844,24477,39321
319,F1,8/4/2018,Nice,Rennes,1,12.51612903,4.806451613,13,17,12,12.03225806,2.258064516,0.129032258,1.35483871,12.70967742,4.193548387,13,7,11,13.32258065,1.806451613,3.032258065,1.290322581,22876,21642,44518
320,F1,13/04/18,Angers,Nice,1,11.96875,4.15625,8,21,12,13.5,2.03125,0.09375,1.15625,12.4375,4.71875,13,7,12,11.875,2.3125,2.0625,1.34375,11065,22201,33266
321,F1,14/04/18,Lille,Guingamp,1,10.875,3.53125,7,21,18,13,1.71875,0.1875,0.9375,11.21875,4.0625,11,8,13,13.0625,1.90625,1.03125,1.125,33200,22165,55365
322,F1,14/04/18,Lyon,Amiens,2,14.40625,5.84375,18,22,5,12.53125,1.9375,0.0625,2.15625,9.8125,2.65625,10,7,15,13.09375,2.03125,2.03125,0.90625,46005,22086,68091
323,F1,14/04/18,Nantes,Dijon,1,13.34375,3.75,12,19,12,12.9375,1.875,0.15625,0.96875,11.5,4.15625,11,8,13,13.125,2.03125,2.09375,1.40625,24559,21658,46217
324,F1,14/04/18,Rennes,Metz,0,12.59375,4.15625,13,20,11,13.28125,1.875,0.125,1.28125,11.375,4.46875,5,7,20,14.21875,2.0625,4.09375,0.90625,23111,22504,45615
325,F1,14/04/18,Strasbourg,St Etienne,0,12.03125,3.65625,8,21,14,13.5,1.8125,0.125,1.1875,10.9375,4.0625,11,10,11,14.34375,2.03125,4.125,1.15625,24064,22820,46884
326,F1,15/04/18,Montpellier,Bordeaux,0,12.53125,4.0625,10,24,6,11.96875,2.03125,0.03125,0.96875,12.125,3.8125,11,7,14,14.3125,2.09375,0.0625,1.125,13458,22009,35467
327,F1,15/04/18,Paris SG,Monaco,2,17.125,7.125,27,16,2,11.1875,1.90625,0.1875,3,12.59375,4.84375,21,7,4,13.46875,1.90625,0.03125,2.40625,46930,23813,70743
328,F1,15/04/18,Troyes,Marseille,0,9.46875,3.125,8,19,19,13.125,2.125,0.21875,0.78125,15.90625,5.8125,18,9,5,13.65625,2.34375,1.03125,2,11723,26919,38642
329,F1,20/04/18,Dijon,Lyon,0,11.51515152,4.151515152,11,20,13,13,1.96969697,0.151515152,1.393939394,14.72727273,5.909090909,19,9,5,12.42424242,1.878787879,1.03030303,2.181818182,12228,24477,36705
330,F1,20/04/18,Nantes,Rennes,1,13.39393939,3.696969697,12,20,12,12.96969697,1.818181818,0.151515152,0.96969697,12.63636364,4.121212121,13,8,12,13.06060606,1.848484848,3.03030303,1.272727273,24559,21642,46201
331,F1,21/04/18,Amiens,Strasbourg,2,9.666666667,2.636363636,10,21,16,13.03030303,1.96969697,0.090909091,0.878787879,12.15151515,3.727272727,8,10,15,13.42424242,1.848484848,2.060606061,1.151515152,9489,20496,29985
332,F1,21/04/18,Guingamp,Monaco,2,11.06060606,4.03030303,11,22,13,13.12121212,1.878787879,0.060606061,1.151515152,12.54545455,4.757575758,21,7,5,13.3030303,1.939393939,0.03030303,2.363636364,14502,23813,38315
333,F1,21/04/18,Marseille,Lille,2,16.06060606,5.909090909,19,22,5,13.48484848,2.333333333,0.060606061,2.03030303,10.84848485,3.515151515,7,8,18,13.06060606,1.727272727,4.060606061,0.96969697,47314,21878,69192
334,F1,21/04/18,Metz,Caen,1,11.24242424,4.515151515,6,20,20,14.3030303,2.121212121,0.212121212,0.939393939,12.1875,3.3125,10,5,17,13.71875,1.8125,0.0625,0.71875,14844,20701,35545
335,F1,21/04/18,Toulouse,Angers,2,11.5625,3.75,7,21,16,15.875,2.5,0.0625,0.90625,11.96969697,4.121212121,8,13,12,13.51515152,2,3,1.151515152,16929,21306,38235
336,F1,22/04/18,Bordeaux,Paris SG,0,12.03030303,3.818181818,12,21,14,14.12121212,2.090909091,0.060606061,1.181818182,16.96969697,7.121212121,28,3,2,11.09090909,1.878787879,4.060606061,3.121212121,26048,29502,55550
337,F1,22/04/18,Nice,Montpellier,2,12.51515152,4.787878788,13,19,12,11.66666667,2.333333333,0.121212121,1.333333333,12.72727273,4.090909091,10,16,7,11.87878788,2.060606061,0.03030303,0.96969697,22876,20958,43834
338,F1,22/04/18,St Etienne,Troyes,2,10.75757576,3.96969697,12,24,11,14.21212121,2,0.242424242,1.151515152,9.545454545,3.242424242,8,5,20,13.18181818,2.121212121,3.121212121,0.818181818,28142,21602,49744
339,F1,25/04/18,Caen,Toulouse,1,11.96969697,3.333333333,10,20,17,13.63636364,1.787878788,0.060606061,0.727272727,11.63636364,3.878787879,8,9,16,15.72727273,2.454545455,1.03030303,0.939393939,17187,21412,38599
340,F1,27/04/18,Montpellier,St Etienne,0,12.5,4.029411765,10,25,8,11.91176471,2,0.029411765,0.941176471,10.97058824,4.029411765,13,10,11,13.94117647,1.941176471,4.117647059,1.176470588,13458,22820,36278
341,F1,28/04/18,Bordeaux,Dijon,2,12.29411765,3.941176471,12,21,15,14.14705882,2.029411765,0.058823529,1.147058824,11.67647059,4.176470588,11,9,14,12.94117647,1.941176471,2.088235294,1.411764706,26048,21658,47706
342,F1,28/04/18,Lille,Metz,2,10.94117647,3.5,7,23,19,12.91176471,1.705882353,0.176470588,0.970588235,11.35294118,4.470588235,6,8,20,14.14705882,2.117647059,4.088235294,0.941176471,33200,22504,55704
343,F1,28/04/18,Lyon,Nantes,2,14.79411765,6.058823529,20,23,5,12.41176471,1.882352941,0.058823529,2.264705882,13.38235294,3.794117647,12,10,12,13.08823529,1.941176471,3.088235294,0.970588235,46005,22181,68186
344,F1,28/04/18,Monaco,Amiens,1,12.29411765,4.647058824,21,19,6,13.41176471,1.941176471,0.058823529,2.323529412,9.588235294,2.705882353,11,7,16,13.23529412,2.029411765,2.029411765,0.941176471,9243,22086,31329
345,F1,28/04/18,Strasbourg,Nice,1,12.23529412,3.676470588,8,22,16,13.35294118,1.852941176,0.117647059,1.147058824,12.61764706,4.764705882,14,8,12,11.61764706,2.264705882,2.058823529,1.323529412,24064,22201,46265
346,F1,28/04/18,Troyes,Caen,2,9.441176471,3.235294118,8,20,21,13.41176471,2.117647059,0.205882353,0.823529412,11.88235294,3.235294118,10,7,17,13.5,1.794117647,0.058823529,0.705882353,11723,20701,32424
347,F1,29/04/18,Angers,Marseille,1,11.82352941,4,8,23,13,13.44117647,2,0.088235294,1.117647059,16.14705882,5.970588235,20,9,5,13.35294118,2.264705882,1.029411765,2.117647059,11065,26919,37984
348,F1,29/04/18,Paris SG,Guingamp,1,16.76470588,6.970588235,29,17,2,11,1.852941176,0.176470588,3.058823529,11.44117647,4.264705882,12,9,13,13.11764706,1.823529412,1.029411765,1.205882353,46930,22165,69095
349,F1,29/04/18,Rennes,Toulouse,2,12.79411765,4.264705882,13,21,12,13.02941176,1.852941176,0.117647059,1.264705882,11.44117647,3.823529412,8,10,16,15.58823529,2.411764706,1.029411765,0.911764706,23111,21412,44523
350,F1,4/5/2018,Amiens,Paris SG,1,9.514285714,2.657142857,11,22,16,13.22857143,2.028571429,0.114285714,0.914285714,16.68571429,6.857142857,29,4,2,11,1.857142857,4.057142857,3.028571429,9489,29502,38991
351,F1,6/5/2018,Caen,Monaco,0,11.91428571,3.2,10,22,18,13.57142857,1.8,0.057142857,0.714285714,12.4,4.542857143,21,8,6,13.28571429,1.914285714,1.057142857,2.257142857,17187,23813,41000
352,F1,6/5/2018,Dijon,Guingamp,2,11.62857143,4.142857143,11,21,15,12.91428571,1.885714286,0.142857143,1.4,11.74285714,4.285714286,12,10,13,13,1.771428571,1.028571429,1.228571429,12228,22165,34393
353,F1,6/5/2018,Lyon,Troyes,2,15.08571429,6.2,21,23,5,12.25714286,1.857142857,0.057142857,2.257142857,9.314285714,3.228571429,9,5,21,13.25714286,2.085714286,3.114285714,0.885714286,46005,21602,67607
354,F1,6/5/2018,Marseille,Nice,2,16.05714286,5.942857143,20,23,5,13.22857143,2.285714286,0.057142857,2.085714286,12.57142857,4.828571429,14,9,12,11.65714286,2.314285714,2.057142857,1.314285714,47314,22201,69515
355,F1,6/5/2018,Metz,Angers,0,11.42857143,4.457142857,6,22,21,14.08571429,2.114285714,0.2,0.942857143,11.88571429,4.057142857,8,14,13,13.31428571,1.971428571,3,1.114285714,14844,21306,36150
356,F1,6/5/2018,Nantes,Montpellier,0,13.34285714,3.8,12,22,13,13.11428571,1.914285714,0.171428571,0.942857143,12.85714286,4.057142857,10,16,9,11.82857143,1.942857143,0.028571429,0.914285714,24559,20958,45517
357,F1,6/5/2018,Rennes,Strasbourg,2,12.6,4.228571429,14,21,12,12.97142857,1.857142857,0.142857143,1.285714286,12.14285714,3.628571429,8,11,16,13.48571429,1.857142857,2.057142857,1.142857143,23111,20496,43607
358,F1,6/5/2018,St Etienne,Bordeaux,0,10.85714286,4.057142857,14,25,11,13.74285714,1.942857143,0.228571429,1.171428571,12.22857143,3.942857143,13,7,15,14.14285714,2,0.057142857,1.2,28142,22009,50151
359,F1,6/5/2018,Toulouse,Lille,0,11.45714286,3.771428571,8,23,17,15.54285714,2.371428571,0.057142857,0.914285714,11.05714286,3.657142857,8,8,19,12.85714286,1.657142857,4.057142857,1.028571429,16929,21878,38807
360,F1,11/5/2018,Guingamp,Marseille,1,11.52777778,4.194444444,12,24,14,12.88888889,1.75,0.055555556,1.222222222,16.11111111,6,21,10,5,13.36111111,2.25,1.027777778,2.083333333,14502,26919,41421
361,F1,12/5/2018,Amiens,Metz,2,9.583333333,2.722222222,11,23,16,13.25,2.027777778,0.111111111,0.944444444,11.33333333,4.444444444,6,8,22,14.02777778,2.083333333,4.083333333,0.944444444,9489,22504,31993
362,F1,12/5/2018,Angers,Nantes,0,12.02777778,4.055555556,9,25,13,13.25,1.916666667,0.083333333,1.138888889,13.27777778,3.75,12,10,14,13.13888889,1.861111111,3.083333333,0.916666667,11065,22181,33246
363,F1,12/5/2018,Bordeaux,Toulouse,2,12.19444444,3.972222222,14,22,15,14.08333333,2.027777778,0.055555556,1.25,11.30555556,3.777777778,8,10,18,15.5,2.416666667,1.055555556,0.944444444,26048,21412,47460
364,F1,12/5/2018,Lille,Dijon,2,11.22222222,3.777777778,9,24,19,12.94444444,1.666666667,0.166666667,1.083333333,11.83333333,4.277777778,12,9,15,12.83333333,1.861111111,2.083333333,1.444444444,33200,21658,54858
365,F1,12/5/2018,Monaco,St Etienne,2,12.52777778,4.527777778,22,21,6,13.36111111,1.916666667,0.083333333,2.25,11,4.027777778,14,10,12,13.69444444,1.944444444,4.111111111,1.166666667,9243,22820,32063
366,F1,12/5/2018,Montpellier,Troyes,1,12.83333333,4.138888889,11,26,9,11.72222222,1.972222222,0.027777778,0.944444444,9.416666667,3.25,9,5,22,13.13888889,2.083333333,3.111111111,0.861111111,13458,21602,35060
367,F1,12/5/2018,Nice,Caen,2,12.52777778,4.75,14,21,13,11.66666667,2.277777778,0.111111111,1.305555556,12.02777778,3.25,10,7,19,13.58333333,1.777777778,0.083333333,0.722222222,22876,20701,43577
368,F1,12/5/2018,Paris SG,Rennes,0,16.86111111,6.888888889,29,19,2,10.97222222,1.805555556,0.166666667,3,12.63888889,4.166666667,15,9,12,12.88888889,1.833333333,3.055555556,1.305555556,46930,21642,68572
369,F1,12/5/2018,Strasbourg,Lyon,2,12,3.611111111,8,24,17,13.41666667,1.833333333,0.111111111,1.138888889,15.13888889,6.166666667,22,9,5,12.16666667,1.861111111,1.027777778,2.277777778,24064,24477,48541
370,F1,19/05/18,Caen,Paris SG,1,12.02702703,3.297297297,10,23,20,13.7027027,1.756756757,0.108108108,0.72972973,16.78378378,6.837837838,29,5,3,11,1.783783784,4.054054054,2.918918919,17187,29502,46689
371,F1,19/05/18,Dijon,Angers,2,11.83783784,4.351351351,12,22,16,12.78378378,1.864864865,0.135135135,1.432432432,12.08108108,4,9,14,14,13.08108108,1.864864865,3,1.108108108,12228,21306,33534
372,F1,19/05/18,Lyon,Nice,2,14.94594595,6.081081081,22,24,6,12.37837838,1.837837838,0.054054054,2.27027027,12.75675676,4.837837838,15,9,13,11.62162162,2.216216216,2.054054054,1.378378378,46005,22201,68206
373,F1,19/05/18,Marseille,Amiens,2,16.10810811,5.972972973,21,24,5,13.40540541,2.189189189,0.081081081,2.108108108,9.567567568,2.702702703,12,9,16,13.27027027,2,3.027027027,0.972972973,47314,22086,69400
374,F1,19/05/18,Metz,Bordeaux,0,11.37837838,4.351351351,6,23,23,14.05405405,2.081081081,0.189189189,0.918918919,12.27027027,4.027027027,15,7,15,13.91891892,2,0.054054054,1.324324324,14844,22009,36853
375,F1,19/05/18,Nantes,Strasbourg,2,13.24324324,3.702702703,13,23,14,13.08108108,1.837837838,0.162162162,0.945945946,11.91891892,3.621621622,9,11,17,13.72972973,1.918918919,2.054054054,1.189189189,24559,20496,45055
376,F1,19/05/18,Rennes,Montpellier,1,12.56756757,4.108108108,16,22,12,12.86486486,1.783783784,0.135135135,1.324324324,13.08108108,4.108108108,11,17,9,11.67567568,1.918918919,0.027027027,0.945945946,23111,20958,44069
377,F1,19/05/18,St Etienne,Lille,2,11,4,14,26,13,13.62162162,1.918918919,0.216216216,1.135135135,11.27027027,3.756756757,10,8,19,12.81081081,1.621621622,4.054054054,1.108108108,28142,21878,50020
378,F1,19/05/18,Toulouse,Guingamp,2,11.27027027,3.783783784,8,24,19,15.62162162,2.432432432,0.081081081,0.972972973,11.81081081,4.27027027,12,11,14,13.08108108,1.756756757,1.027027027,1.27027027,16929,22165,39094
379,F1,19/05/18,Troyes,Monaco,0,9.405405405,3.216216216,9,22,22,13.02702703,2.027027027,0.189189189,0.864864865,12.67567568,4.540540541,23,8,6,13.37837838,1.891891892,1.081081081,2.216216216,11723,23813,35536
