,Div,Date,Time,HomeTeam,AwayTeam,FTR,HTS,HTST,HTW,HTD,HTL,HTF,HTY,HTR,HTG,ATS,ATST,ATW,ATD,ATL,ATF,ATY,ATR,ATG,HATT,HMIL,HDEF,AATT,AMIL,ADEF
0,F1,09/08/2019,19:45,Monaco,Lyon,0.0,0.0,0.0,0,0,0,0.0,0.0,0.0,0.0,0.0,0.0,0,0,0,0.0,0.0,0.0,0.0,80,78,76,79,78,77
1,F1,10/08/2019,16:30,Marseille,Reims,0.0,0.0,0.0,0,0,0,0.0,0.0,0.0,0.0,0.0,0.0,0,0,0,0.0,0.0,0.0,0.0,80,78,77,71,73,73
2,F1,10/08/2019,19:00,Angers,Bordeaux,2.0,0.0,0.0,0,0,0,0.0,0.0,0.0,0.0,0.0,0.0,0,0,0,0.0,0.0,0.0,0.0,74,75,74,75,75,76
3,F1,10/08/2019,19:00,Brest,Toulouse,1.0,0.0,0.0,0,0,0,0.0,0.0,0.0,0.0,0.0,0.0,0,0,0,0.0,0.0,0.0,0.0,72,72,72,72,74,71
4,F1,10/08/2019,19:00,Dijon,St Etienne,0.0,0.0,0.0,0,0,0,0.0,0.0,0.0,0.0,0.0,0.0,0,0,0,0.0,0.0,0.0,0.0,72,72,70,73,76,74
5,F1,10/08/2019,19:00,Montpellier,Rennes,0.0,0.0,0.0,0,0,0,0.0,0.0,0.0,0.0,0.0,0.0,0,0,0,0.0,0.0,0.0,0.0,78,74,75,76,77,76
6,F1,10/08/2019,19:00,Nice,Amiens,2.0,0.0,0.0,0,0,0,0.0,0.0,0.0,0.0,0.0,0.0,0,0,0,0.0,0.0,0.0,0.0,74,76,74,73,73,71
7,F1,11/08/2019,14:00,Lille,Nantes,2.0,0.0,0.0,0,0,0,0.0,0.0,0.0,0.0,0.0,0.0,0,0,0,0.0,0.0,0.0,0.0,77,77,76,75,73,74
8,F1,11/08/2019,16:00,Strasbourg,Metz,1.0,0.0,0.0,0,0,0,0.0,0.0,0.0,0.0,0.0,0.0,0,0,0,0.0,0.0,0.0,0.0,75,74,74,73,72,72
9,F1,11/08/2019,20:00,Paris SG,Nimes,2.0,0.0,0.0,0,0,0,0.0,0.0,0.0,0.0,0.0,0.0,0,0,0,0.0,0.0,0.0,0.0,88,84,83,72,70,72
10,F1,16/08/2019,19:45,Lyon,Angers,2.0,13.0,3.0,1,1,0,17.0,2.0,0.0,3.0,14.0,4.0,1,0,0,11.0,2.0,0.0,3.0,79,78,77,74,75,74
11,F1,17/08/2019,16:30,Nantes,Marseille,1.0,13.0,3.0,0,1,1,17.0,4.0,0.0,1.0,10.0,2.0,0,0,1,18.0,1.0,0.0,0.0,75,73,74,80,78,77
12,F1,17/08/2019,19:00,Amiens,Lille,2.0,8.0,2.0,0,1,1,8.0,4.0,1.0,1.0,13.0,3.0,1,0,0,13.0,2.0,0.0,2.0,73,73,71,77,77,76
13,F1,17/08/2019,19:00,Bordeaux,Montpellier,1.0,8.0,3.0,0,1,1,15.0,1.0,0.0,1.0,24.0,5.0,0,0,1,20.0,3.0,0.0,0.0,75,75,76,78,74,75
14,F1,17/08/2019,19:00,Metz,Monaco,2.0,7.0,3.0,0,1,0,12.0,1.0,0.0,1.0,7.0,1.0,0,0,1,10.0,2.0,1.0,0.0,73,72,72,80,78,76
15,F1,17/08/2019,19:00,Nimes,Nice,0.0,5.0,1.0,0,1,1,8.0,0.0,0.0,0.0,17.0,6.0,1,0,0,10.0,3.0,0.0,2.0,72,70,72,74,76,74
16,F1,17/08/2019,19:00,Toulouse,Dijon,2.0,13.0,3.0,0,1,0,14.0,0.0,0.0,1.0,15.0,7.0,0,0,1,17.0,0.0,0.0,1.0,72,74,71,72,72,70
17,F1,18/08/2019,14:00,St Etienne,Brest,1.0,12.0,4.0,1,1,0,10.0,2.0,0.0,2.0,16.0,5.0,0,1,0,11.0,0.0,0.0,1.0,73,76,74,72,72,72
18,F1,18/08/2019,16:00,Reims,Strasbourg,1.0,8.0,5.0,1,1,0,8.0,0.0,0.0,2.0,13.0,2.0,0,1,0,6.0,0.0,0.0,1.0,71,73,73,75,74,74
19,F1,18/08/2019,20:00,Rennes,Paris SG,2.0,9.0,3.0,1,1,0,19.0,3.0,1.0,1.0,12.0,5.0,1,0,0,17.0,2.0,0.0,3.0,76,77,76,88,84,83
20,F1,24/08/2019,19:00,Amiens,Nantes,0.0,8.0,2.5,1,1,1,10.5,2.5,0.5,1.0,13.0,4.5,0,1,1,16.5,2.0,0.0,0.5,73,73,71,75,73,74
21,F1,24/08/2019,19:00,Angers,Metz,2.0,12.0,3.5,1,1,1,12.5,2.0,0.0,1.5,12.5,6.5,1,1,0,14.0,1.0,0.0,2.0,74,75,74,73,72,72
22,F1,24/08/2019,19:00,Brest,Reims,2.0,12.5,4.5,0,2,0,9.5,1.0,0.0,1.0,9.5,3.0,1,1,0,13.0,1.0,0.0,1.0,72,72,72,71,73,73
23,F1,24/08/2019,19:00,Dijon,Bordeaux,0.0,16.5,6.0,0,1,2,11.0,0.0,0.0,0.5,10.5,3.5,0,1,1,15.0,1.5,0.0,1.0,72,72,70,75,75,76
24,F1,25/08/2019,14:00,Monaco,Nimes,1.0,9.5,3.5,0,1,2,8.5,2.0,1.0,0.0,11.5,3.0,0,0,2,14.5,2.5,1.0,0.5,80,78,76,72,70,72
25,F1,25/08/2019,16:00,Strasbourg,Rennes,0.0,8.5,1.5,0,2,0,12.5,0.0,0.0,0.5,10.0,3.5,2,0,0,17.0,2.0,1.0,1.5,75,74,74,76,77,76
26,F1,25/08/2019,20:00,Paris SG,Toulouse,2.0,10.5,3.5,1,1,1,18.0,3.5,0.0,2.0,15.5,5.0,1,1,0,12.5,1.0,0.0,1.0,88,84,83,72,74,71
27,F1,27/08/2019,18:00,Montpellier,Lyon,2.0,17.0,4.5,0,1,1,20.5,2.0,0.0,0.5,12.0,6.0,2,0,0,12.0,1.5,0.0,4.5,78,74,75,79,78,77
28,F1,28/08/2019,18:00,Lille,St Etienne,2.0,11.5,2.0,1,1,1,10.0,1.5,0.5,1.0,15.5,4.5,1,1,0,13.0,1.5,0.0,1.5,77,77,76,73,76,74
29,F1,28/08/2019,20:00,Nice,Marseille,0.0,11.5,4.5,2,1,0,11.0,4.0,0.5,2.0,9.5,2.0,0,1,1,18.0,2.0,0.0,0.0,74,76,74,80,78,77
30,F1,30/08/2019,19:45,Metz,Paris SG,0.0,9.666666666666668,5.000000000000001,1,2,1,11.999999999999998,1.3333333333333333,0.0,1.3333333333333333,14.0,6.0,2,0,1,14.666666666666664,2.333333333333333,0.0,2.6666666666666665,73,72,72,88,84,83
31,F1,31/08/2019,16:30,Lyon,Bordeaux,1.0,12.666666666666668,5.333333333333333,2,2,1,11.666666666666664,2.333333333333333,0.3333333333333333,3.0,10.333333333333334,3.333333333333333,1,1,1,16.0,1.6666666666666663,0.0,1.3333333333333333,79,78,77,75,75,76
32,F1,31/08/2019,19:00,Angers,Dijon,2.0,13.0,4.0,2,1,1,13.333333333333336,1.6666666666666663,0.0,2.0,14.333333333333336,4.333333333333333,0,0,3,11.333333333333336,0.0,0.0,0.3333333333333333,74,75,74,72,72,70
33,F1,31/08/2019,19:00,Nantes,Montpellier,2.0,17.0,5.0,1,3,1,15.333333333333332,1.6666666666666663,0.0,1.0,17.666666666666668,4.666666666666667,1,1,1,18.333333333333336,2.0,0.0,0.6666666666666666,75,73,74,78,74,75
34,F1,31/08/2019,19:00,Nimes,Brest,2.0,12.333333333333336,3.333333333333333,0,2,2,15.333333333333332,2.0,0.6666666666666666,1.0,10.999999999999998,4.333333333333333,1,2,0,12.333333333333332,1.0,0.0,1.0,72,70,72,72,72,72
35,F1,31/08/2019,19:00,Toulouse,Amiens,2.0,11.333333333333332,3.333333333333333,1,2,1,12.666666666666668,1.0,0.0,0.6666666666666666,6.333333333333332,2.0,1,0,2,10.0,2.0,1.3333333333333333,1.0,72,74,71,73,73,71
36,F1,01/09/2019,14:00,Reims,Lille,2.0,9.666666666666666,2.6666666666666665,1,3,1,13.333333333333332,1.0,0.0,0.6666666666666666,13.0,3.666666666666667,2,0,1,9.666666666666666,1.0,1.0,1.6666666666666663,71,73,73,77,77,76
37,F1,01/09/2019,14:00,Rennes,Nice,0.0,9.0,3.666666666666666,3,2,0,15.666666666666664,2.0,0.3333333333333333,1.6666666666666663,11.666666666666668,4.0,2,0,1,9.666666666666668,3.0000000000000004,1.0,1.6666666666666663,76,77,76,74,76,74
38,F1,01/09/2019,16:00,Strasbourg,Monaco,1.0,12.0,2.0,0,2,1,12.666666666666664,1.3333333333333333,0.3333333333333333,0.3333333333333333,11.666666666666668,4.333333333333334,0,1,2,10.333333333333334,2.0,1.6666666666666663,0.6666666666666666,75,74,74,80,78,76
39,F1,01/09/2019,20:00,Marseille,St Etienne,2.0,10.333333333333334,3.0,1,2,1,16.333333333333332,1.6666666666666663,0.0,0.6666666666666666,13.333333333333332,4.333333333333333,1,1,1,12.666666666666664,1.0,0.0,1.0,80,78,77,73,76,74
40,F1,13/09/2019,18:00,Lille,Angers,2.0,12.5,3.5,2,2,2,11.0,1.25,0.5,1.25,12.75,3.75,3,0,1,12.75,1.25,0.0,2.0,77,77,76,74,75,74
41,F1,13/09/2019,19:45,Amiens,Lyon,1.0,7.25,1.75,1,2,3,9.5,1.75,0.5,0.75,12.0,4.75,2,1,1,11.75,2.75,1.25,2.5,73,73,71,79,78,77
42,F1,14/09/2019,16:30,Paris SG,Strasbourg,2.0,13.0,5.5,3,2,1,14.25,1.75,0.0,2.5,12.5,2.75,0,3,1,13.0,2.0,0.25,0.75,88,84,83,75,74,74
43,F1,14/09/2019,19:00,Bordeaux,Metz,2.0,12.25,4.0,1,4,1,15.5,2.0,0.0,1.25,9.0,4.25,1,1,2,11.75,1.25,0.0,1.0,75,75,76,73,72,72
44,F1,14/09/2019,19:00,Brest,Rennes,1.0,10.0,4.0,1,3,1,13.5,1.75,0.0,0.75,9.5,3.5,3,0,1,15.0,2.0,1.0,1.5,72,72,72,76,77,76
45,F1,14/09/2019,19:00,Dijon,Nimes,1.0,12.0,3.75,0,2,4,12.75,0.5,0.0,0.25,14.5,4.5,1,1,2,14.25,2.25,0.5,1.5,72,72,70,72,70,72
46,F1,14/09/2019,19:00,Montpellier,Nice,2.0,15.25,3.75,1,2,2,16.75,2.0,0.0,0.5,11.5,4.75,3,0,1,10.5,3.0,1.0,1.75,78,74,75,74,76,74
47,F1,15/09/2019,14:00,Nantes,Reims,2.0,16.25,5.5,2,3,1,15.0,1.75,0.0,1.0,10.25,3.25,2,1,1,14.75,1.5,0.0,1.0,75,73,74,71,73,73
48,F1,15/09/2019,16:00,St Etienne,Toulouse,1.0,13.0,4.0,1,4,2,11.25,1.25,0.0,0.75,11.75,3.5,2,1,1,13.25,0.75,0.0,1.0,73,76,74,72,74,71
49,F1,15/09/2019,20:00,Monaco,Marseille,0.0,12.75,4.75,0,3,2,12.0,2.25,0.75,1.0,10.0,2.75,2,1,1,16.25,2.5,0.0,0.75,80,78,76,80,78,77
50,F1,20/09/2019,19:45,Strasbourg,Nantes,2.0,11.2,2.8000000000000003,0,4,2,12.8,2.0,0.2,0.6000000000000001,14.6,5.2,3,1,1,15.6,1.6,0.0,1.0,75,74,74,75,73,74
51,F1,21/09/2019,16:30,Marseille,Montpellier,1.0,10.6,3.4000000000000004,3,3,1,15.8,2.6,0.0,1.4,15.6,4.6,2,1,2,16.8,2.0,0.0,0.8,80,78,77,78,74,75
52,F1,21/09/2019,19:00,Bordeaux,Brest,1.0,12.8,4.4,2,4,1,15.999999999999998,2.0,0.0,1.4,10.0,3.6,1,3,1,12.8,1.8000000000000005,0.0,0.6000000000000001,75,75,76,72,72,72
53,F1,21/09/2019,19:00,Metz,Amiens,0.0,10.2,4.0,1,3,3,12.4,1.4,0.0,0.8,8.0,1.7999999999999998,1,1,3,10.0,2.0,1.2,1.0,73,72,72,73,73,71
54,F1,21/09/2019,19:00,Nice,Dijon,2.0,11.8,4.8,3,3,2,10.6,2.8,0.2,1.6,12.8,3.4,0,1,4,13.0,1.0,0.0,0.2,74,76,74,72,72,70
55,F1,21/09/2019,19:00,Nimes,Toulouse,2.0,13.0,4.2,1,3,2,13.6,2.0,0.4,1.2000000000000002,11.4,4.199999999999998,2,2,1,13.2,0.6000000000000001,0.0,1.2000000000000002,72,70,72,72,74,71
56,F1,21/09/2019,19:00,Reims,Monaco,1.0,10.000000000000002,2.8000000000000003,2,4,2,14.8,1.8000000000000005,0.0,0.8,12.6,5.4,0,2,3,11.4,2.4000000000000004,1.4,1.4,71,73,73,80,78,76
57,F1,22/09/2019,14:00,Rennes,Lille,1.0,9.4,3.2,3,3,1,14.4,2.0,0.2,1.2,12.6,3.6000000000000005,3,0,2,9.4,1.2,2.0,1.4,76,77,76,77,77,76
58,F1,22/09/2019,16:00,Angers,St Etienne,2.0,11.8,3.8,3,2,2,13.4,1.4,0.0,1.8,13.2,4.0,1,2,2,12.0,1.6,0.0,1.0,74,75,74,73,76,74
59,F1,22/09/2019,20:00,Lyon,Paris SG,0.0,12.000000000000002,5.0,2,4,1,12.2,2.6,0.4,2.4,13.6,5.800000000000002,4,0,1,13.8,1.7999999999999998,0.0,2.2,79,78,77,88,84,83
60,F1,24/09/2019,18:00,Dijon,Marseille,1.0,12.833333333333332,4.0,0,4,5,13.0,1.3333333333333333,0.0,0.3333333333333333,12.833333333333336,3.6666666666666665,3,2,1,15.0,2.833333333333333,0.3333333333333333,1.3333333333333333,72,72,70,80,78,77
61,F1,24/09/2019,20:00,Monaco,Nice,2.0,12.5,5.166666666666667,0,4,3,11.166666666666664,2.333333333333333,0.5,1.1666666666666663,12.5,5.0,4,0,2,10.0,2.666666666666667,1.0,1.6666666666666663,80,78,76,74,76,74
62,F1,25/09/2019,18:00,Amiens,Bordeaux,0.0,8.166666666666666,2.333333333333333,2,4,3,10.333333333333332,1.8333333333333333,0.3333333333333333,1.1666666666666663,13.666666666666668,4.5,2,3,1,14.833333333333336,2.333333333333333,0.0,1.4999999999999998,73,73,71,75,75,76
63,F1,25/09/2019,18:00,Brest,Lyon,1.0,10.499999999999998,3.5,1,5,1,12.5,2.0,0.0,0.8333333333333333,12.0,4.166666666666666,2,2,2,11.5,2.333333333333333,1.1666666666666667,2.0,72,72,72,79,78,77
64,F1,25/09/2019,18:00,Lille,Strasbourg,2.0,13.0,4.0,3,3,2,9.666666666666666,1.1666666666666663,0.3333333333333333,1.3333333333333333,12.166666666666668,3.166666666666667,1,3,2,12.5,2.0,0.16666666666666666,0.8333333333333333,77,77,76,75,74,74
65,F1,25/09/2019,18:00,Montpellier,Nimes,2.0,13.500000000000002,4.166666666666666,2,3,2,16.833333333333336,2.1666666666666665,0.16666666666666666,0.8333333333333333,14.0,4.166666666666667,2,2,2,13.666666666666668,1.8333333333333333,0.3333333333333333,1.1666666666666667,78,74,75,72,70,72
66,F1,25/09/2019,18:00,Nantes,Rennes,2.0,13.833333333333336,4.833333333333334,3,4,2,15.666666666666664,1.6666666666666663,0.0,1.0,9.666666666666666,3.1666666666666665,3,2,1,14.333333333333332,2.0,1.0,1.1666666666666663,75,73,74,76,77,76
67,F1,25/09/2019,18:00,St Etienne,Metz,0.0,12.0,3.6666666666666665,1,6,3,12.0,1.5,0.0,1.0,10.666666666666666,4.000000000000001,1,1,4,12.499999999999998,1.3333333333333333,0.0,0.8333333333333333,73,76,74,73,72,72
68,F1,25/09/2019,18:00,Toulouse,Angers,0.0,10.999999999999998,3.8333333333333335,2,4,2,12.833333333333336,1.0,0.16666666666666666,1.0,12.166666666666668,4.0,4,0,2,13.333333333333332,1.3333333333333333,0.0,2.1666666666666665,72,74,71,74,75,74
69,F1,25/09/2019,20:00,Paris SG,Reims,0.0,14.833333333333332,6.0,5,3,1,12.5,1.6666666666666667,0.0,2.0,10.999999999999998,3.0,2,2,2,14.999999999999998,1.5,0.0,0.6666666666666666,88,84,83,71,73,73
70,F1,28/09/2019,12:30,Lyon,Nantes,0.0,11.857142857142856,4.285714285714286,2,5,2,11.285714285714285,2.0,0.2857142857142857,2.0,13.0,4.428571428571429,4,1,2,15.714285714285712,1.714285714285714,0.0,0.9999999999999998,79,78,77,75,73,74
71,F1,28/09/2019,16:30,Bordeaux,Paris SG,0.0,13.857142857142856,4.714285714285714,3,6,1,14.571428571428573,2.2857142857142856,0.0,1.7142857142857142,14.428571428571427,5.571428571428571,5,0,2,12.142857142857142,1.5714285714285712,0.0,1.714285714285714,75,75,76,88,84,83
72,F1,28/09/2019,19:00,Angers,Amiens,1.0,13.571428571428573,4.285714285714286,5,3,2,13.142857142857142,1.1428571428571428,0.0,2.142857142857143,8.571428571428571,2.4285714285714284,2,1,4,11.0,1.8571428571428568,1.1428571428571428,1.1428571428571428,74,75,74,73,73,71
73,F1,28/09/2019,19:00,Metz,Toulouse,1.0,10.857142857142858,3.5714285714285707,2,4,4,12.428571428571427,1.4285714285714284,0.0,0.857142857142857,10.285714285714286,3.4285714285714284,2,2,3,13.142857142857142,1.0,1.0,0.8571428571428571,73,72,72,72,74,71
74,F1,28/09/2019,19:00,Monaco,Brest,2.0,13.142857142857142,5.142857142857143,1,4,3,11.000000000000002,2.2857142857142856,0.42857142857142855,1.4285714285714286,10.857142857142858,3.714285714285714,1,5,1,12.000000000000002,1.7142857142857142,0.0,1.0,80,78,76,72,72,72
75,F1,28/09/2019,19:00,Nice,Lille,1.0,12.142857142857144,4.714285714285714,4,4,3,10.571428571428571,2.714285714285714,0.14285714285714285,1.5714285714285712,12.857142857142856,4.142857142857142,4,1,2,9.285714285714286,0.9999999999999998,2.0,1.4285714285714284,74,76,74,77,77,76
76,F1,28/09/2019,19:00,Reims,Dijon,0.0,11.285714285714285,2.8571428571428568,3,6,2,14.428571428571427,1.5714285714285712,0.0,0.8571428571428571,13.571428571428573,4.285714285714286,0,2,5,12.428571428571427,1.5714285714285714,0.0,0.2857142857142857,71,73,73,72,72,70
77,F1,29/09/2019,14:00,Strasbourg,Montpellier,2.0,11.142857142857142,2.8571428571428568,1,5,3,12.428571428571427,1.8571428571428568,0.14285714285714285,0.7142857142857142,13.285714285714285,4.142857142857142,3,2,2,16.42857142857143,2.2857142857142856,1.0,0.857142857142857,75,74,74,78,74,75
78,F1,29/09/2019,16:00,Nimes,St Etienne,0.0,14.142857142857142,4.0,2,4,3,14.428571428571427,2.142857142857143,0.2857142857142857,1.0,12.428571428571427,3.5714285714285707,1,2,4,11.999999999999998,1.857142857142857,0.0,0.857142857142857,72,70,72,73,76,74
79,F1,29/09/2019,20:00,Marseille,Rennes,1.0,12.285714285714285,3.4285714285714284,3,5,1,14.857142857142856,2.8571428571428568,0.2857142857142857,1.1428571428571428,9.142857142857146,3.0,3,2,2,14.714285714285715,2.2857142857142856,1.0,0.9999999999999998,80,78,77,76,77,76
80,F1,04/10/2019,19:45,Amiens,Marseille,2.0,8.5,2.625,2,5,4,11.25,1.625,0.25,1.125,12.875,3.625,3,4,1,15.25,3.0,0.25,1.125,73,73,71,80,78,77
81,F1,05/10/2019,16:30,Paris SG,Angers,2.0,15.25,5.75,6,4,2,12.25,1.75,0.0,1.625,14.75,4.5,5,1,2,12.75,1.125,0.0,2.0,88,84,83,74,75,74
82,F1,05/10/2019,19:00,Brest,Metz,2.0,10.125,3.375,1,7,2,12.375,1.75,0.0,1.0,11.125,3.5,2,2,4,12.125,1.375,0.0,1.0,72,72,72,73,72,72
83,F1,05/10/2019,19:00,Dijon,Strasbourg,2.0,13.25,4.25,1,6,5,13.5,1.625,0.0,0.5,10.75,2.875,2,3,3,13.125,2.125,0.125,0.75,72,72,70,75,74,74
84,F1,05/10/2019,19:00,Montpellier,Monaco,2.0,13.0,4.0,3,4,3,16.0,2.25,0.125,0.75,14.125,6.125,2,3,3,10.5,2.125,1.25,1.75,78,74,75,80,78,76
85,F1,05/10/2019,19:00,Nantes,Nice,2.0,12.75,4.125,5,5,2,15.0,1.75,0.0,1.0,12.125,4.75,4,1,3,10.25,2.625,1.0,1.5,75,73,74,74,76,74
86,F1,05/10/2019,19:00,Toulouse,Bordeaux,0.0,10.875,3.75,2,5,3,13.625,1.0,0.125,1.0,12.625,4.25,3,3,2,14.0,2.0,0.0,1.5,72,74,71,75,75,76
87,F1,06/10/2019,14:00,Lille,Nimes,1.0,12.625,4.375,4,4,2,9.875,1.125,0.25,1.375,15.125,4.5,2,2,4,14.125,2.0,0.25,0.875,77,77,76,72,70,72
88,F1,06/10/2019,16:00,Rennes,Reims,0.0,9.5,2.875,3,6,2,14.5,2.0,0.125,1.0,12.125,2.75,3,2,3,13.625,1.5,0.0,0.875,76,77,76,71,73,73
89,F1,06/10/2019,20:00,St Etienne,Lyon,2.0,11.625,3.625,2,7,4,12.375,2.125,0.125,0.875,12.125,4.625,2,3,3,11.125,2.0,1.125,1.75,73,76,74,79,78,77
90,F1,18/10/2019,19:45,Nice,Paris SG,0.0,11.444444444444445,4.4444444444444455,4,6,4,9.888888888888893,2.5555555555555562,0.1111111111111111,1.3333333333333337,15.222222222222221,6.0,7,0,2,12.222222222222225,1.8888888888888888,0.0,1.8888888888888893,74,76,74,88,84,83
91,F1,19/10/2019,16:30,Lyon,Dijon,1.0,11.444444444444445,4.333333333333333,2,6,4,11.888888888888886,2.0,0.2222222222222222,1.5555555555555558,12.666666666666668,4.111111111111111,2,2,5,12.777777777777779,1.7777777777777777,0.0,0.5555555555555556,79,78,77,72,72,70
92,F1,19/10/2019,19:00,Angers,Brest,0.0,14.222222222222221,4.2222222222222205,5,5,3,12.555555555555555,1.1111111111111112,0.0,1.7777777777777777,9.777777777777779,3.333333333333334,2,5,2,12.333333333333332,1.7777777777777777,0.0,1.1111111111111112,74,75,74,72,72,72
93,F1,19/10/2019,19:00,Metz,Nantes,2.0,11.222222222222225,3.555555555555556,2,6,5,12.444444444444445,1.3333333333333337,0.0,0.8888888888888891,12.888888888888886,4.222222222222221,6,1,2,14.888888888888886,1.666666666666667,0.0,1.0000000000000002,73,72,72,75,73,74
94,F1,19/10/2019,19:00,Nimes,Amiens,1.0,15.0,4.4444444444444455,2,5,4,13.666666666666664,1.8888888888888893,0.2222222222222222,1.0,8.777777777777779,2.8888888888888884,3,2,4,11.777777777777775,1.5555555555555558,1.1111111111111112,1.3333333333333333,72,70,72,73,73,71
95,F1,19/10/2019,19:00,Reims,Montpellier,2.0,12.222222222222221,3.2222222222222223,4,7,3,14.222222222222221,1.6666666666666667,0.0,0.8888888888888888,13.444444444444445,4.666666666666667,4,2,3,16.22222222222222,2.1111111111111107,1.0,1.0,71,73,73,78,74,75
96,F1,19/10/2019,19:00,Toulouse,Lille,2.0,11.333333333333332,3.7777777777777777,2,5,4,13.888888888888891,1.3333333333333333,0.1111111111111111,1.0,13.222222222222221,4.666666666666667,4,3,2,10.888888888888891,1.3333333333333333,2.0,1.4444444444444446,72,74,71,77,77,76
97,F1,20/10/2019,14:00,Bordeaux,St Etienne,0.0,12.333333333333332,4.222222222222221,4,7,2,14.222222222222221,2.0,0.0,1.6666666666666663,10.999999999999998,3.666666666666667,3,2,4,12.444444444444445,2.0,1.0,0.8888888888888891,75,75,76,73,76,74
98,F1,20/10/2019,16:00,Monaco,Rennes,2.0,14.111111111111109,5.8888888888888875,2,5,4,10.555555555555557,2.1111111111111107,0.4444444444444444,1.6666666666666663,10.444444444444443,2.8888888888888893,3,3,3,14.333333333333336,1.8888888888888893,1.0,0.8888888888888891,80,78,76,76,77,76
99,F1,20/10/2019,20:00,Marseille,Strasbourg,2.0,12.888888888888891,3.666666666666667,3,7,2,15.222222222222221,3.0000000000000004,0.2222222222222222,1.1111111111111112,11.222222222222221,2.7777777777777786,2,3,4,13.222222222222221,2.2222222222222223,0.1111111111111111,0.6666666666666667,80,78,77,75,74,74
100,F1,25/10/2019,19:45,Nantes,Monaco,0.0,12.500000000000002,4.0,6,6,3,14.7,1.6,0.1,0.8999999999999999,14.1,5.800000000000002,3,3,4,11.0,2.1,2.2,1.8,75,73,74,80,78,76
101,F1,26/10/2019,16:30,Lille,Bordeaux,2.0,12.8,4.4,4,6,3,10.9,1.6,0.2,1.4,12.3,4.4,4,3,3,13.499999999999998,1.7999999999999998,0.0,1.5,77,77,76,75,75,76
102,F1,26/10/2019,19:00,Brest,Dijon,2.0,9.4,3.1,3,8,2,12.2,1.6,0.0,1.1,12.0,3.8,2,3,5,12.599999999999998,1.6,0.0,0.5,72,72,72,72,72,70
103,F1,26/10/2019,19:00,Lyon,Metz,2.0,12.7,4.9,2,7,4,11.9,1.8,0.2,1.4,11.1,3.4,3,2,5,12.8,1.4,0.0,0.9,79,78,77,73,72,72
104,F1,26/10/2019,19:00,Montpellier,Angers,1.0,12.999999999999998,4.199999999999998,4,5,4,15.7,1.9,0.1,0.8999999999999999,15.7,4.4,5,1,4,12.3,1.1,0.0,1.6,78,74,75,74,75,74
105,F1,26/10/2019,19:00,Reims,Nimes,1.0,12.2,3.4000000000000004,5,7,3,14.7,1.7000000000000002,0.0,0.9,14.6,4.3,2,4,4,13.4,1.9,0.2,1.0000000000000002,71,73,73,72,70,72
106,F1,26/10/2019,19:00,Strasbourg,Nice,2.0,11.1,2.7,2,7,5,13.4,2.2,0.1,0.6,11.3,4.2,4,1,5,10.1,2.6,1.2,1.3000000000000005,75,74,74,74,76,74
107,F1,27/10/2019,14:00,Rennes,Toulouse,2.0,10.4,2.9,3,7,4,14.4,2.0,0.1,1.0,11.9,4.0,3,3,4,13.999999999999998,1.4,1.0,1.1,76,77,76,72,74,71
108,F1,27/10/2019,16:00,St Etienne,Amiens,1.0,10.499999999999998,3.6,4,8,4,13.000000000000002,2.1,0.1,0.8999999999999999,9.2,3.1,3,3,4,12.1,1.8000000000000005,1.1,1.3,73,76,74,73,73,71
109,F1,27/10/2019,20:00,Paris SG,Marseille,2.0,16.099999999999998,6.4,8,5,2,12.5,1.9,0.0,2.1,12.7,3.9,4,4,2,15.000000000000002,3.0,0.2,1.2,88,84,83,80,78,77
110,F1,01/11/2019,19:45,Dijon,Paris SG,2.0,12.181818181818182,3.9090909090909087,2,8,6,12.181818181818182,1.4545454545454546,0.0,0.4545454545454546,15.636363636363635,6.454545454545455,9,0,2,12.272727272727273,1.9090909090909087,0.0,2.272727272727273,72,72,70,88,84,83
111,F1,02/11/2019,16:30,Marseille,Lille,2.0,12.0,3.636363636363636,4,8,3,14.181818181818185,2.818181818181817,0.18181818181818185,1.0909090909090908,12.636363636363635,4.2727272727272725,5,3,3,11.454545454545453,1.4545454545454546,2.0,1.5454545454545454,80,78,77,77,77,76
112,F1,02/11/2019,19:00,Amiens,Brest,2.0,9.363636363636363,3.272727272727273,3,7,4,12.545454545454545,1.9090909090909092,0.18181818181818185,1.3636363636363635,9.909090909090908,3.4545454545454537,4,5,2,11.999999999999998,1.4545454545454546,0.09090909090909093,1.181818181818182,73,73,71,72,72,72
113,F1,02/11/2019,19:00,Angers,Strasbourg,2.0,15.454545454545453,4.545454545454545,5,6,4,12.27272727272727,1.272727272727273,0.0,1.4545454545454546,11.909090909090908,3.0,3,3,5,14.181818181818182,2.090909090909091,0.09090909090909093,0.6363636363636364,74,75,74,75,74,74
114,F1,02/11/2019,19:00,Metz,Montpellier,1.0,11.545454545454547,3.3636363636363638,3,7,6,12.454545454545453,1.4545454545454546,0.0,0.8181818181818182,13.090909090909092,4.090909090909091,4,3,4,15.545454545454547,1.9090909090909087,1.0,0.8181818181818182,73,72,72,78,74,75
115,F1,02/11/2019,19:00,Toulouse,Lyon,0.0,12.18181818181818,4.090909090909091,3,6,5,14.545454545454545,1.4545454545454546,0.09090909090909093,1.181818181818182,13.181818181818182,5.090909090909091,3,4,4,11.909090909090908,1.7272727272727273,1.0909090909090908,1.4545454545454546,72,74,71,79,78,77
116,F1,03/11/2019,14:00,Bordeaux,Nantes,2.0,11.636363636363635,4.090909090909091,4,8,4,13.909090909090908,1.8181818181818183,0.0,1.3636363636363638,12.727272727272727,4.0,6,1,4,14.181818181818182,1.6363636363636365,1.0,0.8181818181818183,75,75,76,75,73,74
117,F1,03/11/2019,16:00,Nice,Reims,2.0,11.09090909090909,4.2727272727272725,4,7,6,10.272727272727273,2.636363636363636,0.3636363636363637,1.1818181818181817,11.999999999999998,3.3636363636363638,5,3,3,14.727272727272725,1.818181818181818,0.0,0.8181818181818182,74,76,74,71,73,73
118,F1,03/11/2019,20:00,St Etienne,Monaco,2.0,10.909090909090908,3.3636363636363638,4,9,4,13.363636363636365,2.090909090909091,0.09090909090909093,1.0,13.454545454545455,5.454545454545452,4,3,4,11.181818181818182,2.090909090909091,2.1818181818181817,1.7272727272727268,73,76,74,80,78,76
119,F1,08/11/2019,19:45,Nice,Bordeaux,1.0,11.166666666666664,4.416666666666666,5,7,6,10.333333333333334,2.5000000000000004,0.3333333333333333,1.25,11.500000000000002,4.333333333333334,5,3,4,14.250000000000002,2.0,0.0,1.4166666666666667,74,76,74,75,75,76
120,F1,09/11/2019,16:30,Brest,Paris SG,0.0,10.249999999999998,3.416666666666667,4,9,3,11.916666666666664,1.4166666666666663,0.08333333333333333,1.0833333333333333,15.999999999999998,6.249999999999999,9,0,3,12.0,1.916666666666667,0.0,2.1666666666666665,72,72,72,88,84,83
121,F1,09/11/2019,19:00,Lille,Metz,1.0,12.083333333333332,4.083333333333333,5,7,4,11.749999999999998,1.5833333333333333,0.16666666666666666,1.4999999999999998,11.5,3.4166666666666674,3,3,6,12.416666666666664,1.4166666666666667,0.0,0.9166666666666666,77,77,76,73,72,72
122,F1,09/11/2019,19:00,Monaco,Dijon,2.0,13.25,5.166666666666667,4,7,5,11.083333333333336,2.0000000000000004,0.4166666666666666,1.583333333333333,11.999999999999998,4.083333333333334,3,3,6,12.166666666666664,1.5833333333333333,0.0,0.5833333333333333,80,78,76,72,72,70
123,F1,09/11/2019,19:00,Reims,Angers,1.0,11.916666666666664,3.333333333333333,5,9,4,14.916666666666664,1.9166666666666667,0.08333333333333333,0.7500000000000001,14.916666666666668,4.583333333333333,6,2,4,12.333333333333336,1.25,0.0,1.4166666666666663,71,73,73,74,75,74
124,F1,09/11/2019,19:00,Strasbourg,Nimes,2.0,11.583333333333336,3.0,3,8,6,14.666666666666664,2.0,0.08333333333333333,0.5833333333333333,13.90909090909091,4.0,2,5,4,13.363636363636365,1.818181818181818,0.18181818181818185,0.9090909090909092,75,74,74,72,70,72
125,F1,10/11/2019,14:00,Rennes,Amiens,2.0,10.727272727272727,3.181818181818181,4,7,4,14.727272727272727,1.9090909090909092,0.09090909090909093,1.181818181818182,9.083333333333334,3.166666666666666,4,4,4,12.499999999999998,2.0,1.0833333333333333,1.3333333333333333,76,77,76,73,73,71
126,F1,10/11/2019,16:00,Montpellier,Toulouse,2.0,13.0,4.083333333333333,4,7,4,15.833333333333336,1.9166666666666667,0.08333333333333333,0.9166666666666666,12.166666666666664,4.166666666666667,3,3,6,14.166666666666668,1.5833333333333337,1.0,1.25,78,74,75,72,74,71
127,F1,10/11/2019,16:00,Nantes,St Etienne,0.0,12.416666666666664,3.833333333333333,6,7,5,14.416666666666664,1.7499999999999998,0.08333333333333333,0.75,11.0,3.5,5,3,4,13.333333333333336,2.0,1.0,1.0,75,73,74,73,76,74
128,F1,10/11/2019,20:00,Marseille,Lyon,2.0,11.916666666666664,3.416666666666667,5,8,3,14.083333333333336,2.666666666666667,0.16666666666666666,1.1666666666666667,13.833333333333336,5.333333333333333,4,4,4,11.25,1.5833333333333333,1.0833333333333333,1.5833333333333337,80,78,77,79,78,77
129,F1,22/11/2019,19:45,Paris SG,Lille,2.0,16.153846153846153,6.384615384615383,10,7,3,12.076923076923075,1.9230769230769231,0.0,2.1538461538461537,12.153846153846152,4.153846153846153,5,4,4,12.076923076923075,1.6153846153846154,2.0,1.3846153846153846,88,84,83,77,77,76
130,F1,23/11/2019,16:30,Lyon,Nice,2.0,13.615384615384615,5.230769230769232,4,9,5,11.076923076923077,1.4615384615384617,0.15384615384615385,1.5384615384615383,11.076923076923077,4.461538461538462,5,2,6,10.538461538461537,2.4615384615384617,2.1538461538461537,1.2307692307692306,79,78,77,74,76,74
131,F1,23/11/2019,19:00,Amiens,Strasbourg,0.0,9.384615384615383,3.384615384615385,4,8,5,12.846153846153848,2.1538461538461537,0.15384615384615385,1.3076923076923077,12.230769230769232,3.5384615384615388,4,3,6,14.538461538461535,2.0,0.07692307692307693,0.8461538461538463,73,73,71,75,74,74
132,F1,23/11/2019,19:00,Angers,Nimes,2.0,14.769230769230768,4.384615384615386,6,7,4,12.230769230769232,1.3846153846153846,0.07692307692307693,1.3076923076923077,13.583333333333336,4.0,2,5,5,13.000000000000002,1.8333333333333333,1.1666666666666667,0.9166666666666669,74,75,74,72,70,72
133,F1,23/11/2019,19:00,Brest,Nantes,1.0,10.769230769230768,3.4615384615384617,4,9,4,11.769230769230774,1.3846153846153846,0.07692307692307693,1.0769230769230769,12.153846153846152,4.0,6,1,6,13.769230769230768,1.6923076923076923,1.0,0.8461538461538461,72,72,72,75,73,74
134,F1,23/11/2019,19:00,Dijon,Rennes,2.0,12.230769230769232,4.0,3,9,7,11.846153846153848,1.4615384615384617,0.0,0.5384615384615385,11.666666666666664,3.8333333333333335,5,3,4,14.5,2.0,1.0,1.3333333333333333,72,72,70,76,77,76
135,F1,23/11/2019,19:00,Metz,Reims,1.0,10.923076923076923,3.2307692307692317,3,9,6,12.461538461538463,1.4615384615384617,0.0,0.8461538461538461,11.692307692307693,3.2307692307692304,5,4,4,14.846153846153845,1.8461538461538465,1.0,0.6923076923076923,73,72,72,71,73,73
136,F1,24/11/2019,14:00,Bordeaux,Monaco,2.0,11.384615384615385,4.3076923076923075,5,9,4,14.384615384615385,2.0,0.0,1.3846153846153848,13.615384615384615,5.307692307692308,5,3,5,11.076923076923077,2.0,3.1538461538461537,1.5384615384615383,75,75,76,80,78,76
137,F1,24/11/2019,16:00,St Etienne,Montpellier,1.0,11.0,3.5384615384615383,6,10,4,13.0,1.846153846153846,0.07692307692307693,1.153846153846154,12.615384615384615,4.0,5,4,4,16.076923076923073,1.9230769230769231,1.0,1.0769230769230769,73,76,74,78,74,75
138,F1,24/11/2019,20:00,Toulouse,Marseille,0.0,11.692307692307693,4.0,3,7,7,14.384615384615385,1.6153846153846154,0.07692307692307693,1.1538461538461535,11.769230769230774,3.4615384615384617,6,4,3,14.076923076923075,2.6923076923076934,0.2307692307692308,1.2307692307692308,72,74,71,80,78,77
139,F1,29/11/2019,19:45,Marseille,Brest,2.0,11.928571428571429,3.714285714285714,7,9,3,14.0,2.7142857142857144,0.21428571428571427,1.2857142857142854,10.928571428571427,3.5,4,6,4,11.5,1.4285714285714284,0.07142857142857142,1.0714285714285712,80,78,77,72,72,72
140,F1,30/11/2019,16:30,Strasbourg,Lyon,0.0,12.571428571428571,3.928571428571429,5,9,6,14.071428571428573,1.9285714285714284,0.07142857142857142,1.0714285714285712,13.285714285714285,5.1428571428571415,5,4,5,11.214285714285717,1.4999999999999998,1.1428571428571428,1.571428571428571,75,74,74,79,78,77
141,F1,30/11/2019,19:00,Lille,Dijon,2.0,12.214285714285715,4.428571428571427,5,9,5,12.0,1.4999999999999998,0.14285714285714285,1.2857142857142854,12.499999999999998,4.142857142857143,4,3,7,12.285714285714288,1.4285714285714284,0.0,0.6428571428571428,77,77,76,72,72,70
142,F1,30/11/2019,19:00,Montpellier,Amiens,2.0,12.285714285714285,3.8571428571428568,5,8,4,16.285714285714292,2.0,0.07142857142857142,1.0,9.071428571428571,3.1428571428571432,4,4,6,12.428571428571427,2.1428571428571423,1.1428571428571428,1.2142857142857142,78,74,75,73,73,71
143,F1,30/11/2019,19:00,Nice,Angers,2.0,11.499999999999998,4.6428571428571415,5,9,7,10.714285714285717,2.5714285714285707,0.3571428571428571,1.2142857142857142,15.214285714285715,4.571428571428571,7,3,4,12.214285714285715,1.4285714285714284,1.0,1.2857142857142856,74,76,74,74,75,74
144,F1,30/11/2019,19:00,Nimes,Metz,1.0,13.307692307692307,3.8461538461538463,2,9,6,12.461538461538463,1.769230769230769,0.2307692307692308,0.8461538461538463,10.785714285714288,3.1428571428571423,3,5,6,12.571428571428573,1.4999999999999996,0.0,0.857142857142857,72,70,72,73,72,72
145,F1,30/11/2019,19:00,Reims,Bordeaux,1.0,12.142857142857144,3.4285714285714284,5,11,4,14.714285714285715,1.8571428571428563,0.14285714285714285,0.7142857142857142,11.785714285714285,4.428571428571429,6,4,4,14.5,2.071428571428571,0.0,1.4285714285714284,71,73,73,75,75,76
146,F1,01/12/2019,14:00,Nantes,Toulouse,2.0,12.071428571428571,4.0,6,8,6,13.571428571428571,1.6428571428571423,0.07142857142857142,0.857142857142857,11.571428571428573,3.928571428571429,3,3,8,14.499999999999998,1.714285714285714,1.0714285714285714,1.0714285714285712,75,73,74,72,74,71
147,F1,01/12/2019,16:00,Rennes,St Etienne,2.0,11.615384615384615,3.846153846153847,5,8,5,14.538461538461537,2.0,0.07692307692307693,1.3076923076923077,10.857142857142858,3.4285714285714284,6,4,4,13.357142857142856,1.928571428571428,1.0,1.0714285714285712,76,77,76,73,76,74
148,F1,03/12/2019,18:00,Angers,Marseille,0.0,14.866666666666667,4.533333333333333,7,8,5,12.26666666666667,1.4,0.06666666666666668,1.2666666666666666,13.4,4.133333333333334,8,4,3,13.8,2.5333333333333337,0.2,1.3333333333333333,74,75,74,80,78,77
149,F1,03/12/2019,18:00,Bordeaux,Nimes,2.0,11.333333333333336,4.2,6,10,4,14.466666666666667,2.0,0.0,1.4,13.357142857142856,3.7857142857142856,2,6,6,12.428571428571427,1.714285714285714,1.1428571428571428,0.857142857142857,75,75,76,72,70,72
150,F1,03/12/2019,18:00,Brest,Strasbourg,2.0,10.466666666666667,3.333333333333333,4,11,5,11.666666666666664,1.4666666666666666,0.06666666666666668,1.0666666666666669,12.333333333333332,3.8,5,3,7,13.933333333333335,2.0,0.06666666666666668,1.0666666666666669,72,72,72,75,74,74
151,F1,03/12/2019,20:05,Lyon,Lille,0.0,12.933333333333332,5.066666666666666,6,10,5,11.2,1.4666666666666666,0.2,1.6,12.666666666666668,4.466666666666667,6,4,5,12.266666666666666,1.5333333333333332,2.0,1.2666666666666666,79,78,77,77,77,76
152,F1,04/12/2019,18:00,Dijon,Montpellier,1.0,12.2,3.8666666666666667,4,10,8,12.533333333333333,1.4,0.0,0.6,12.8,4.266666666666667,6,5,4,16.066666666666666,1.933333333333333,1.0,1.2,72,72,70,78,74,75
153,F1,04/12/2019,18:00,Metz,Rennes,0.0,10.733333333333333,3.2,3,11,6,13.0,1.7999999999999998,0.0,0.8666666666666666,11.785714285714285,3.928571428571428,6,3,5,14.571428571428573,1.928571428571428,1.0,1.357142857142857,73,72,72,76,77,76
154,F1,04/12/2019,18:00,St Etienne,Nice,2.0,10.466666666666667,3.266666666666667,6,12,5,13.199999999999998,2.0,0.06666666666666668,1.0666666666666669,11.4,4.800000000000002,6,2,7,10.666666666666666,2.533333333333333,3.1333333333333333,1.3333333333333333,73,76,74,74,76,74
155,F1,04/12/2019,18:00,Toulouse,Monaco,0.0,11.266666666666667,3.8666666666666667,3,8,9,14.533333333333333,1.7999999999999998,0.2,1.0666666666666669,13.428571428571429,5.142857142857143,5,3,6,11.714285714285715,2.2142857142857135,4.142857142857142,1.4999999999999998,72,74,71,80,78,76
156,F1,04/12/2019,20:05,Paris SG,Nantes,2.0,15.785714285714288,6.2142857142857135,11,7,3,12.142857142857142,1.928571428571428,0.0,2.1428571428571423,12.666666666666664,4.266666666666667,7,2,6,13.666666666666664,1.6,1.0,0.9333333333333332,88,84,83,75,73,74
157,F1,06/12/2019,18:00,Lille,Brest,2.0,12.375,4.3125,7,10,5,12.0625,1.5625,0.125,1.25,10.5,3.625,5,6,5,11.5,1.5,0.0625,1.3125,77,77,76,72,72,72
158,F1,06/12/2019,19:45,Nimes,Lyon,0.0,12.933333333333332,3.6000000000000005,2,11,7,12.466666666666667,1.6666666666666663,0.2,0.7999999999999999,12.8125,4.9375,6,4,6,11.3125,1.4375,1.125,1.5,72,70,72,79,78,77
159,F1,07/12/2019,16:30,Montpellier,Paris SG,0.0,13.125,4.375,6,9,4,16.3125,2.0,0.0625,1.25,15.399999999999995,6.2,12,0,3,12.066666666666665,1.8666666666666665,0.0,2.1333333333333333,78,74,75,88,84,83
160,F1,07/12/2019,19:00,Monaco,Amiens,2.0,13.73333333333333,5.266666666666668,6,9,6,11.6,2.1333333333333333,0.4,1.5333333333333332,8.866666666666667,3.0666666666666664,4,4,7,12.6,2.1333333333333333,2.1333333333333333,1.2666666666666666,80,78,76,73,73,71
161,F1,07/12/2019,19:00,Nice,Metz,2.0,11.6875,4.75,6,10,8,10.6875,2.5625,0.3125,1.3125,11.3125,3.25,3,6,7,13.0,1.8125,0.0,0.8125,74,76,74,73,72,72
162,F1,07/12/2019,19:00,Rennes,Angers,2.0,11.8,3.8,7,9,5,14.133333333333335,1.7999999999999998,0.06666666666666668,1.3333333333333333,14.5,4.375,7,3,6,12.1875,1.375,1.0,1.1875,76,77,76,74,75,74
163,F1,07/12/2019,19:00,Strasbourg,Toulouse,2.0,12.125,3.75,5,10,8,13.75,1.9375,0.0625,1.0,11.4375,3.8125,3,3,10,14.75,1.6875,2.0625,1.0625,75,74,74,72,74,71
164,F1,08/12/2019,14:00,Reims,St Etienne,2.0,12.599999999999998,3.6,5,12,4,14.666666666666668,1.8666666666666665,0.2,0.7333333333333333,10.75,3.5,7,4,5,13.3125,2.0,1.0,1.25,71,73,73,73,76,74
165,F1,08/12/2019,16:00,Nantes,Dijon,2.0,12.5625,4.25,7,9,7,13.6875,1.625,0.0625,0.875,12.5625,3.75,4,4,8,12.6875,1.5,0.0,0.6875,75,73,74,72,72,70
166,F1,08/12/2019,20:00,Marseille,Bordeaux,2.0,13.1875,4.125,9,10,3,13.625,2.4375,0.1875,1.375,11.375,4.4375,7,5,4,14.4375,2.0,0.0,1.6875,80,78,77,75,75,76
167,F1,13/12/2019,19:45,Lille,Montpellier,2.0,12.588235294117649,4.647058823529411,8,10,5,11.941176470588234,1.4705882352941178,0.1176470588235294,1.2352941176470589,12.705882352941178,4.1764705882352935,6,6,5,16.352941176470587,2.1764705882352944,1.0588235294117647,1.2352941176470589,77,77,76,78,74,75
168,F1,14/12/2019,16:30,Metz,Marseille,1.0,11.705882352941178,3.2352941176470584,3,12,8,13.0,1.823529411764706,0.0,0.823529411764706,13.882352941176471,4.235294117647058,10,4,3,13.411764705882351,2.411764705882353,0.1764705882352941,1.4705882352941178,73,72,72,80,78,77
169,F1,14/12/2019,19:00,Amiens,Dijon,1.0,8.625,3.0,4,10,8,12.3125,2.0,0.25,1.1875,12.117647058823529,3.5882352941176463,4,4,9,12.764705882352944,1.5294117647058825,0.0,0.6470588235294118,73,73,71,72,72,70
170,F1,14/12/2019,19:00,Angers,Monaco,1.0,14.352941176470585,4.1764705882352935,7,9,7,12.176470588235292,1.3529411764705883,0.05882352941176471,1.1764705882352942,14.125,5.4375,7,3,6,11.5,2.0,4.125,1.625,74,75,74,80,78,76
171,F1,14/12/2019,19:00,Brest,Nice,1.0,10.235294117647056,3.4117647058823533,5,12,6,11.352941176470587,1.4705882352941178,0.05882352941176471,1.2352941176470589,11.823529411764708,4.764705882352942,7,2,8,10.529411764705884,2.411764705882353,3.117647058823529,1.4705882352941178,72,72,72,74,76,74
172,F1,14/12/2019,19:00,Nimes,Nantes,0.0,12.5,3.5,2,11,8,12.3125,1.6875,0.3125,0.75,12.823529411764705,4.352941176470588,8,2,7,13.588235294117649,1.5882352941176472,1.0,0.8823529411764707,72,70,72,75,73,74
173,F1,14/12/2019,19:00,Toulouse,Reims,0.0,11.588235294117649,4.117647058823529,3,9,11,14.294117647058822,1.647058823529412,0.1764705882352941,1.1176470588235294,12.4375,3.5625,6,6,4,14.375,1.875,2.0625,0.875,72,74,71,71,73,73
174,F1,15/12/2019,14:00,Bordeaux,Strasbourg,0.0,10.882352941176471,4.294117647058823,7,11,5,14.117647058823529,1.9411764705882355,0.0,1.647058823529412,12.470588235294116,3.9411764705882346,6,3,8,13.52941176470588,1.823529411764706,0.05882352941176471,1.1764705882352942,75,75,76,75,74,74
175,F1,15/12/2019,16:00,Lyon,Rennes,0.0,13.352941176470587,5.11764705882353,7,11,6,11.52941176470588,1.4705882352941178,0.1764705882352941,1.647058823529412,11.5625,3.75,8,3,5,14.1875,1.875,1.0,1.375,79,78,77,76,77,76
176,F1,15/12/2019,20:00,St Etienne,Paris SG,0.0,10.764705882352938,3.5294117647058822,7,13,6,13.352941176470589,2.0,0.05882352941176471,1.2352941176470589,15.3125,6.125,13,0,3,12.4375,1.9375,0.0,2.1875,73,76,74,88,84,83
177,F1,21/12/2019,19:45,Dijon,Metz,1.0,12.000000000000002,3.666666666666666,4,13,9,12.500000000000002,1.6111111111111112,0.0,0.6666666666666667,11.388888888888891,3.2222222222222223,3,7,8,13.111111111111107,1.9444444444444449,0.0,0.8333333333333335,72,72,70,73,72,72
178,F1,21/12/2019,19:45,Marseille,Nimes,2.0,14.000000000000002,4.277777777777779,10,11,3,13.388888888888884,2.333333333333333,0.16666666666666666,1.4444444444444449,12.705882352941178,3.5294117647058822,2,6,9,12.588235294117649,1.5882352941176472,1.2352941176470589,0.7058823529411765,80,78,77,72,70,72
179,F1,21/12/2019,19:45,Monaco,Lille,2.0,13.705882352941178,5.235294117647058,7,10,6,11.705882352941178,2.058823529411765,0.35294117647058826,1.5294117647058825,12.666666666666664,4.888888888888889,9,4,5,11.999999999999998,1.5555555555555558,2.0,1.2777777777777781,80,78,76,77,77,76
180,F1,21/12/2019,19:45,Montpellier,Brest,2.0,12.555555555555555,4.166666666666666,6,10,6,16.277777777777775,2.1111111111111107,0.1111111111111111,1.2222222222222223,10.555555555555557,3.4444444444444446,5,7,6,11.444444444444445,1.5555555555555558,0.05555555555555555,1.166666666666667,78,74,75,72,72,72
181,F1,21/12/2019,19:45,Nantes,Angers,0.0,12.666666666666664,4.388888888888889,9,10,7,14.0,1.6666666666666672,0.05555555555555555,0.8888888888888891,14.111111111111107,4.222222222222221,7,4,7,12.388888888888886,1.5,1.0,1.1111111111111112,75,73,74,74,75,74
182,F1,21/12/2019,19:45,Nice,Toulouse,2.0,12.0,4.888888888888889,7,11,8,10.555555555555557,2.3888888888888893,0.2777777777777778,1.3888888888888893,11.444444444444445,4.166666666666666,3,3,12,14.444444444444445,1.5555555555555558,2.055555555555556,1.0555555555555558,74,76,74,72,74,71
183,F1,21/12/2019,19:45,Paris SG,Amiens,2.0,15.647058823529411,6.529411764705883,14,9,3,12.235294117647056,1.8823529411764708,0.0,2.2941176470588243,8.470588235294116,2.9411764705882355,4,5,8,12.470588235294118,1.9411764705882355,2.117647058823529,1.1764705882352942,88,84,83,73,73,71
184,F1,21/12/2019,19:45,Reims,Lyon,1.0,12.294117647058822,3.5882352941176467,7,13,4,14.352941176470587,1.8823529411764708,0.1764705882352941,0.8823529411764707,13.166666666666664,5.000000000000001,7,4,7,11.999999999999998,1.5555555555555558,1.1111111111111112,1.5555555555555558,71,73,73,79,78,77
185,F1,21/12/2019,19:45,Rennes,Bordeaux,2.0,11.588235294117643,3.882352941176471,9,10,5,14.235294117647062,1.9411764705882355,0.05882352941176471,1.3529411764705883,10.999999999999998,4.222222222222221,7,5,6,14.000000000000002,2.0000000000000004,0.0,1.5555555555555556,76,77,76,75,75,76
186,F1,21/12/2019,19:45,Strasbourg,St Etienne,2.0,12.166666666666664,3.9444444444444438,7,11,8,13.499999999999995,1.8333333333333337,0.05555555555555555,1.1666666666666667,10.777777777777775,3.4444444444444438,7,4,7,12.833333333333332,1.9444444444444449,1.0555555555555556,1.1666666666666667,75,74,74,73,76,74
187,F1,10/01/2020,19:45,Rennes,Marseille,0.0,11.611111111111109,3.9444444444444446,10,10,5,14.055555555555555,1.8333333333333337,0.05555555555555555,1.3333333333333337,14.26315789473684,4.526315789473684,11,5,3,13.31578947368421,2.368421052631579,0.15789473684210525,1.5263157894736843,76,77,76,80,78,77
188,F1,11/01/2020,16:30,Bordeaux,Lyon,0.0,11.105263157894735,4.105263157894736,7,12,7,13.947368421052628,2.052631578947368,0.0,1.4736842105263157,13.26315789473684,4.94736842105263,7,5,7,12.210526315789473,1.6315789473684208,1.1052631578947367,1.526315789473684,75,75,76,79,78,77
189,F1,11/01/2020,19:00,Amiens,Montpellier,0.0,8.444444444444445,2.9444444444444438,4,12,9,12.333333333333336,1.8888888888888893,0.2222222222222222,1.1666666666666667,12.789473684210524,4.2631578947368425,7,6,6,16.052631578947366,2.052631578947368,1.0526315789473684,1.368421052631579,73,73,71,78,74,75
190,F1,11/01/2020,19:00,Angers,Nice,1.0,14.052631578947368,4.368421052631579,8,11,7,12.052631578947368,1.4210526315789471,0.05263157894736842,1.1578947368421049,12.157894736842106,4.894736842105263,8,3,8,10.473684210526317,2.3157894736842106,3.1052631578947367,1.4736842105263157,74,75,74,74,76,74
191,F1,11/01/2020,19:00,Metz,Strasbourg,2.0,11.26315789473684,3.210526315789473,3,14,8,12.947368421052632,2.0,0.05263157894736842,0.8947368421052629,11.789473684210524,3.8947368421052633,8,3,8,13.63157894736842,1.8947368421052628,0.05263157894736842,1.2105263157894737,73,72,72,75,74,74
192,F1,11/01/2020,19:00,Nimes,Reims,2.0,12.666666666666668,3.611111111111111,2,12,10,12.333333333333332,1.6111111111111114,0.2777777777777778,0.7222222222222222,12.277777777777775,3.555555555555556,7,7,4,14.166666666666668,1.8888888888888893,2.055555555555556,0.8888888888888891,72,70,72,71,73,73
193,F1,11/01/2020,19:00,Toulouse,Brest,0.0,11.26315789473684,3.947368421052631,3,10,13,14.631578947368427,1.6842105263157894,0.15789473684210525,1.0,10.894736842105265,3.473684210526315,5,7,7,11.631578947368416,1.5263157894736836,0.05263157894736842,1.1052631578947367,72,74,71,72,72,72
194,F1,12/01/2020,14:00,St Etienne,Nantes,0.0,10.526315789473683,3.3157894736842106,7,14,8,12.842105263157894,1.9473684210526316,0.10526315789473684,1.1578947368421049,12.473684210526313,4.2105263157894735,9,2,8,14.052631578947365,1.6315789473684208,1.0,0.8947368421052628,73,76,74,75,73,74
195,F1,12/01/2020,16:00,Dijon,Lille,2.0,12.36842105263158,3.736842105263158,4,14,9,12.526315789473687,1.6315789473684208,0.0,0.7368421052631579,12.473684210526313,4.842105263157894,9,4,6,12.157894736842106,1.5263157894736838,2.0,1.2631578947368418,72,72,70,77,77,76
196,F1,12/01/2020,20:00,Paris SG,Monaco,1.0,16.0,6.722222222222222,15,9,3,12.444444444444445,1.777777777777778,0.0,2.3888888888888893,13.777777777777775,5.277777777777778,8,4,6,11.611111111111109,2.2222222222222223,4.166666666666666,1.7222222222222223,88,84,83,80,78,76
197,F1,15/01/2020,18:00,Amiens,Reims,1.0,8.368421052631579,2.947368421052631,4,12,10,12.63157894736842,1.8947368421052628,0.21052631578947367,1.1578947368421049,11.947368421052635,3.4736842105263155,7,7,5,14.789473684210524,2.052631578947368,3.0526315789473686,0.8421052631578947,73,73,71,71,73,73
198,F1,15/01/2020,18:00,Nimes,Rennes,0.0,12.68421052631579,3.631578947368421,3,12,10,12.578947368421053,1.5789473684210524,0.2631578947368421,0.7894736842105262,11.473684210526313,3.842105263157895,10,3,6,14.105263157894733,1.8421052631578947,1.0,1.263157894736842,72,70,72,76,77,76
199,F1,15/01/2020,20:00,Monaco,Paris SG,0.0,13.894736842105265,5.315789473684212,8,11,6,11.473684210526313,2.263157894736842,0.3684210526315789,1.7894736842105257,15.842105263157894,6.684210526315789,15,1,3,12.105263157894738,1.684210526315789,0.0,2.421052631578947,80,78,76,88,84,83
200,F1,24/01/2020,19:45,Nice,Rennes,1.0,11.95,4.75,8,12,8,10.55,2.35,0.25,1.4500000000000002,11.3,3.75,11,3,6,14.4,1.9,1.0,1.2500000000000002,74,76,74,76,77,76
201,F1,25/01/2020,16:30,Marseille,Angers,1.0,14.05,4.5,12,12,3,13.500000000000002,2.5,0.15000000000000002,1.4999999999999998,14.15,4.6000000000000005,8,5,7,12.000000000000002,1.4,1.0,1.1500000000000004,80,78,77,74,75,74
202,F1,25/01/2020,19:00,Brest,Amiens,2.0,11.1,3.75,6,15,7,11.549999999999995,1.4500000000000004,0.05,1.3000000000000005,8.25,2.95,4,6,10,13.3,1.8500000000000003,2.1,1.15,72,72,72,73,73,71
203,F1,25/01/2020,19:00,Monaco,Strasbourg,0.0,13.85,5.25,8,11,7,11.349999999999998,2.25,0.35,1.75,11.9,3.85,8,3,9,13.750000000000005,1.9000000000000004,0.05,1.15,80,78,76,75,74,74
204,F1,25/01/2020,19:00,Montpellier,Dijon,2.0,12.7,4.25,8,11,6,15.9,2.0,0.1,1.4,12.5,3.9,5,6,9,12.45,1.65,0.05,0.75,78,74,75,72,72,70
205,F1,25/01/2020,19:00,Reims,Metz,0.0,11.65,3.35,7,16,5,14.85,2.1000000000000005,0.2,0.8500000000000002,11.15,3.25,4,8,8,12.9,1.95,1.0,0.9000000000000002,71,73,73,73,72,72
206,F1,25/01/2020,19:00,St Etienne,Nimes,2.0,10.5,3.2,7,14,9,12.9,1.9500000000000004,0.1,1.1,12.35,3.5,3,6,11,13.1,1.5500000000000005,1.2000000000000002,0.7500000000000002,73,76,74,72,70,72
207,F1,26/01/2020,14:00,Lyon,Toulouse,2.0,13.7,5.000000000000001,8,13,7,12.2,1.7,0.15000000000000002,1.5500000000000005,11.299999999999995,4.0,3,3,14,14.85,1.65,2.05,1.05,79,78,77,72,74,71
208,F1,26/01/2020,16:00,Nantes,Bordeaux,0.0,12.400000000000002,4.2,10,11,8,13.85,1.6000000000000003,0.05,0.95,10.8,4.0,7,5,8,13.849999999999998,2.0,0.0,1.4500000000000002,75,73,74,75,75,76
209,F1,26/01/2020,20:00,Lille,Paris SG,0.0,12.45,4.9,9,12,7,12.55,1.65,0.15000000000000002,1.2000000000000004,15.9,6.95,16,1,3,12.2,1.7500000000000002,0.0,2.5000000000000004,77,77,76,88,84,83
210,F1,31/01/2020,19:45,Rennes,Nantes,2.0,11.761904761904766,3.809523809523809,11,12,6,14.380952380952374,1.857142857142857,0.047619047619047616,1.238095238095238,12.142857142857144,3.9999999999999987,10,2,9,13.714285714285715,1.6666666666666667,1.0476190476190477,0.9047619047619048,76,77,76,75,73,74
211,F1,01/02/2020,16:30,Paris SG,Montpellier,2.0,15.714285714285715,6.857142857142856,17,12,3,12.095238095238097,1.7142857142857142,0.0,2.4761904761904767,12.857142857142858,4.285714285714286,9,6,6,15.904761904761903,2.0,1.0476190476190477,1.4285714285714284,88,84,83,78,74,75
212,F1,01/02/2020,19:00,Amiens,Toulouse,1.0,8.238095238095237,2.952380952380953,4,14,11,13.476190476190476,1.9523809523809528,0.19047619047619047,1.1428571428571432,11.238095238095235,4.0,3,3,15,14.380952380952385,1.619047619047619,2.0476190476190474,1.0,73,73,71,72,74,71
213,F1,01/02/2020,19:00,Angers,Reims,0.0,13.666666666666664,4.380952380952381,8,13,7,12.047619047619044,1.4285714285714284,0.047619047619047616,1.0952380952380956,11.857142857142858,3.2857142857142856,7,8,6,14.666666666666664,2.047619047619048,3.0476190476190474,0.8095238095238095,74,75,74,71,73,73
214,F1,01/02/2020,19:00,Dijon,Brest,2.0,12.190476190476193,3.809523809523809,5,15,10,12.571428571428571,1.666666666666667,0.09523809523809523,0.7619047619047619,11.047619047619053,3.7142857142857135,7,7,7,11.619047619047615,1.4761904761904765,0.047619047619047616,1.3333333333333337,72,72,70,72,72,72
215,F1,01/02/2020,19:00,Nimes,Monaco,2.0,12.333333333333332,3.523809523809524,3,13,12,13.23809523809524,1.5714285714285716,0.2380952380952381,0.7619047619047619,13.761904761904766,5.142857142857143,8,5,8,11.190476190476193,2.1904761904761907,4.142857142857142,1.7142857142857144,72,70,72,80,78,76
216,F1,01/02/2020,19:00,Strasbourg,Lille,0.0,11.857142857142858,4.0,9,13,9,13.523809523809526,1.8095238095238095,0.047619047619047616,1.238095238095238,12.285714285714285,4.761904761904762,9,4,8,12.904761904761903,1.714285714285714,3.0,1.1428571428571432,75,74,74,77,77,76
217,F1,02/02/2020,14:00,Nice,Lyon,2.0,12.476190476190474,4.714285714285714,8,13,8,10.666666666666666,2.2380952380952377,0.2380952380952381,1.4285714285714286,13.666666666666664,5.000000000000001,9,5,7,12.0,1.6190476190476186,1.0952380952380951,1.619047619047619,74,76,74,79,78,77
218,F1,02/02/2020,16:00,Metz,St Etienne,2.0,10.952380952380953,3.2857142857142856,5,15,8,12.714285714285715,1.9047619047619049,0.047619047619047616,0.9047619047619048,10.619047619047619,3.3333333333333326,8,4,9,13.190476190476188,2.0,1.0476190476190477,1.1428571428571428,73,72,72,73,76,74
219,F1,02/02/2020,20:00,Bordeaux,Marseille,1.0,10.809523809523807,3.9047619047619038,8,13,8,13.857142857142856,2.0,0.0,1.4285714285714286,13.809523809523812,4.380952380952381,12,6,3,13.666666666666664,2.4285714285714284,0.14285714285714285,1.4285714285714284,75,75,76,80,78,77
220,F1,04/02/2020,18:00,Lille,Rennes,2.0,12.136363636363633,4.727272727272727,10,13,8,13.318181818181815,1.818181818181818,0.13636363636363635,1.1818181818181814,11.818181818181815,4.045454545454544,12,4,6,14.318181818181815,1.9999999999999996,1.0,1.318181818181818,77,77,76,76,77,76
221,F1,04/02/2020,18:00,Monaco,Angers,2.0,13.40909090909091,5.09090909090909,8,12,9,11.136363636363637,2.227272727272727,0.4090909090909092,1.6818181818181817,13.727272727272727,4.3636363636363615,8,6,8,12.181818181818182,1.4090909090909092,1.0,1.0909090909090908,80,78,76,74,75,74
222,F1,04/02/2020,20:05,Nantes,Paris SG,0.0,11.954545454545455,4.045454545454545,10,12,10,13.863636363636365,1.7727272727272725,0.09090909090909093,0.9545454545454546,15.90909090909091,6.954545454545455,18,1,3,12.272727272727273,1.8181818181818177,0.0,2.5909090909090904,75,73,74,88,84,83
223,F1,05/02/2020,18:00,Brest,Bordeaux,1.0,11.409090909090908,3.727272727272726,7,16,8,11.863636363636365,1.454545454545454,0.045454545454545456,1.2727272727272725,10.863636363636363,3.8636363636363633,8,6,8,13.681818181818182,2.0,0.0,1.3636363636363635,72,72,72,75,75,76
224,F1,05/02/2020,18:00,Lyon,Amiens,1.0,13.681818181818182,5.090909090909091,9,14,8,11.86363636363636,1.6363636363636358,0.18181818181818185,1.5909090909090908,8.272727272727273,2.9999999999999987,4,7,11,13.500000000000002,2.0,2.090909090909091,1.0909090909090906,79,78,77,73,73,71
225,F1,05/02/2020,18:00,Montpellier,Metz,1.0,12.545454545454547,4.181818181818182,9,12,7,15.909090909090908,2.0909090909090904,0.18181818181818185,1.363636363636363,10.909090909090908,3.4090909090909083,6,8,8,12.636363636363635,1.8181818181818181,1.0,0.9999999999999998,78,74,75,73,72,72
226,F1,05/02/2020,18:00,Nimes,Dijon,2.0,12.772727272727273,3.727272727272726,4,13,12,13.227272727272727,1.6818181818181814,0.2272727272727273,0.8636363636363635,12.181818181818182,3.8636363636363615,6,6,10,12.409090909090908,1.5909090909090904,1.0454545454545454,0.8636363636363636,72,70,72,72,72,70
227,F1,05/02/2020,18:00,Reims,Nice,1.0,11.863636363636365,3.318181818181817,8,17,6,14.590909090909092,2.045454545454545,0.18181818181818185,0.9545454545454544,12.454545454545453,4.818181818181818,9,5,8,10.954545454545457,2.272727272727272,3.136363636363636,1.454545454545454,71,73,73,74,76,74
228,F1,05/02/2020,18:00,Toulouse,Strasbourg,0.0,11.27272727272727,3.8636363636363615,3,12,15,14.409090909090908,1.636363636363636,0.13636363636363635,0.9545454545454546,11.909090909090908,3.9545454545454537,9,3,10,13.454545454545453,1.7727272727272718,0.045454545454545456,1.227272727272727,72,74,71,75,74,74
229,F1,05/02/2020,20:00,St Etienne,Marseille,0.0,10.90909090909091,3.5,8,15,10,13.40909090909091,1.9999999999999991,0.09090909090909093,1.136363636363636,13.909090909090908,4.363636363636363,12,7,3,13.681818181818185,2.4090909090909083,0.13636363636363635,1.3636363636363638,73,76,74,80,78,77
230,F1,07/02/2020,19:45,Angers,Lille,0.0,13.82608695652174,4.3478260869565215,8,14,9,11.999999999999998,1.434782608695652,0.043478260869565216,1.043478260869565,12.217391304347828,4.6521739130434785,11,4,8,13.391304347826091,1.869565217391304,3.0,1.1739130434782608,74,75,74,77,77,76
231,F1,08/02/2020,16:30,Marseille,Toulouse,2.0,13.521739130434785,4.304347826086956,13,15,3,13.56521739130435,2.478260869565217,0.13043478260869565,1.3913043478260865,11.30434782608696,3.739130434782609,3,4,16,14.08695652173913,1.6086956521739129,2.0434782608695654,0.9130434782608694,80,78,77,72,74,71
232,F1,08/02/2020,19:00,Amiens,Monaco,0.0,8.217391304347826,2.9565217391304355,4,16,11,13.52173913043478,2.0,0.17391304347826084,1.043478260869565,13.08695652173913,4.999999999999999,9,5,9,11.21739130434783,2.2173913043478257,6.130434782608696,1.652173913043478,73,73,71,80,78,76
233,F1,08/02/2020,19:00,Dijon,Nantes,1.0,12.08695652173913,3.8260869565217392,6,16,11,13.043478260869565,1.6521739130434778,0.08695652173913042,0.8260869565217391,12.086956521739133,4.08695652173913,10,2,11,13.652173913043477,1.7826086956521734,1.0434782608695652,0.9565217391304346,72,72,70,75,73,74
234,F1,08/02/2020,19:00,Metz,Bordeaux,0.0,11.21739130434783,3.608695652173913,6,16,8,12.782608695652176,1.7826086956521734,0.043478260869565216,1.0,10.956521739130432,3.91304347826087,8,7,8,13.30434782608696,1.9130434782608687,0.0,1.3478260869565215,73,72,72,75,75,76
235,F1,08/02/2020,19:00,Nice,Nimes,0.0,12.130434782608695,4.782608695652173,9,14,8,10.782608695652176,2.1739130434782608,0.2608695652173913,1.434782608695652,12.695652173913045,3.782608695652174,5,6,12,13.391304347826088,1.6086956521739126,1.1739130434782608,0.9130434782608696,74,76,74,72,70,72
236,F1,08/02/2020,19:00,Rennes,Brest,1.0,11.782608695652176,4.043478260869565,12,13,7,14.391304347826084,1.9565217391304344,0.043478260869565216,1.260869565217391,11.652173913043477,3.695652173913043,7,8,8,11.956521739130435,1.4782608695652169,0.08695652173913042,1.2608695652173911,76,77,76,72,72,72
237,F1,09/02/2020,14:00,Montpellier,St Etienne,2.0,12.52173913043478,4.304347826086956,9,13,7,15.782608695652172,2.08695652173913,0.17391304347826084,1.3478260869565213,10.913043478260873,3.4782608695652173,8,4,11,13.173913043478262,1.9999999999999996,1.0434782608695652,1.0869565217391304,78,74,75,73,76,74
238,F1,09/02/2020,16:00,Strasbourg,Reims,2.0,12.043478260869565,4.043478260869565,10,14,10,13.304347826086955,1.7826086956521734,0.043478260869565216,1.217391304347826,12.0,3.347826086956521,8,9,6,14.43478260869565,2.043478260869565,3.0434782608695654,0.9565217391304346,75,74,74,71,73,73
239,F1,09/02/2020,20:00,Paris SG,Lyon,2.0,16.043478260869566,6.956521739130436,19,13,3,12.652173913043477,1.9130434782608687,0.0,2.5652173913043472,13.521739130434785,5.0,9,6,8,11.695652173913045,1.6086956521739124,2.0869565217391304,1.5217391304347818,88,84,83,79,78,77
240,F1,14/02/2020,19:45,Monaco,Montpellier,2.0,13.041666666666664,5.041666666666668,10,13,9,11.458333333333336,2.2500000000000004,0.375,1.6666666666666663,12.333333333333336,4.25,10,7,7,15.791666666666664,2.041666666666667,3.083333333333333,1.3333333333333333,80,78,76,78,74,75
241,F1,15/02/2020,16:30,Amiens,Paris SG,1.0,8.208333333333334,2.875,4,16,12,13.541666666666668,1.9583333333333333,0.16666666666666666,1.0416666666666663,16.041666666666668,6.875,20,1,3,12.583333333333336,1.8750000000000004,0.0,2.625,73,73,71,88,84,83
242,F1,15/02/2020,19:00,Bordeaux,Dijon,1.0,11.125,3.9583333333333344,9,16,8,13.208333333333336,1.9166666666666663,0.0,1.3750000000000002,12.291666666666664,3.833333333333334,6,7,11,12.833333333333336,1.6666666666666663,1.0416666666666667,0.9166666666666664,75,75,76,72,72,70
243,F1,15/02/2020,19:00,Nantes,Metz,1.0,11.916666666666668,4.0,10,13,11,13.541666666666668,1.7916666666666663,0.08333333333333333,1.0416666666666663,11.208333333333336,3.625,6,9,9,12.458333333333332,1.7916666666666667,1.0416666666666667,0.9999999999999998,75,73,74,73,72,72
244,F1,15/02/2020,19:00,Nimes,Angers,2.0,12.583333333333332,3.8333333333333335,6,14,12,13.375000000000002,1.7083333333333333,0.2083333333333333,1.0,13.624999999999995,4.208333333333333,8,6,10,11.916666666666664,1.5416666666666667,1.0,0.9999999999999998,72,70,72,74,75,74
245,F1,15/02/2020,19:00,Toulouse,Nice,0.0,11.25,3.7083333333333335,3,13,17,13.833333333333336,1.6250000000000002,0.125,0.875,11.875000000000002,4.708333333333334,9,6,9,10.666666666666668,2.166666666666667,3.166666666666666,1.4166666666666667,72,74,71,74,76,74
246,F1,16/02/2020,14:00,Lyon,Strasbourg,1.0,13.249999999999998,4.874999999999999,9,16,9,11.79166666666667,1.6249999999999998,0.16666666666666666,1.5416666666666667,12.041666666666664,4.083333333333333,11,3,10,13.291666666666664,1.75,0.04166666666666666,1.2916666666666663,79,78,77,75,74,74
247,F1,16/02/2020,16:00,Brest,St Etienne,2.0,11.5,3.6666666666666665,7,18,8,12.041666666666664,1.5833333333333337,0.08333333333333333,1.2083333333333333,11.166666666666664,3.541666666666666,8,4,12,13.25,2.041666666666666,1.0416666666666667,1.0416666666666663,72,72,72,73,76,74
248,F1,16/02/2020,16:00,Reims,Rennes,2.0,11.708333333333332,3.208333333333333,8,19,7,14.333333333333336,2.041666666666666,0.16666666666666666,0.9166666666666666,12.0,3.9583333333333344,12,5,7,14.083333333333336,1.9583333333333333,1.0,1.2083333333333333,71,73,73,76,77,76
249,F1,16/02/2020,20:00,Lille,Marseille,0.0,12.208333333333336,4.625000000000001,12,14,8,13.458333333333332,1.916666666666667,0.125,1.208333333333333,13.45833333333333,4.25,14,7,3,13.250000000000002,2.4166666666666665,0.125,1.3750000000000004,77,77,76,80,78,77
250,F1,21/02/2020,18:00,Nice,Brest,1.0,11.96,4.6800000000000015,10,15,9,10.6,2.08,0.28,1.4400000000000004,11.44,3.640000000000001,8,9,8,12.000000000000002,1.6000000000000003,0.08,1.2800000000000002,74,76,74,72,72,72
251,F1,21/02/2020,19:45,Metz,Lyon,0.0,11.04,3.5600000000000014,6,17,9,12.399999999999995,1.7600000000000002,0.12,0.9600000000000002,12.920000000000002,4.760000000000002,9,7,9,12.000000000000005,1.6800000000000006,2.08,1.52,73,72,72,79,78,77
252,F1,22/02/2020,16:30,Marseille,Nantes,0.0,13.12,4.16,15,16,3,13.2,2.5200000000000014,0.12,1.4,12.16,4.120000000000001,10,4,11,13.56,1.7200000000000004,1.04,1.0,80,78,77,75,73,74
253,F1,22/02/2020,19:00,Angers,Montpellier,2.0,13.480000000000002,4.040000000000001,8,15,11,12.08,1.5600000000000005,0.08,0.9600000000000002,12.36,4.160000000000001,10,7,8,15.48,2.04,3.08,1.2800000000000002,74,75,74,78,74,75
254,F1,22/02/2020,19:00,Dijon,Monaco,1.0,12.04,3.8000000000000016,6,18,11,12.72,1.6400000000000006,0.08,0.96,13.160000000000005,4.920000000000002,11,5,9,11.52,2.2,6.12,1.64,72,72,70,80,78,76
255,F1,22/02/2020,19:00,Lille,Toulouse,2.0,12.24,4.560000000000001,12,14,9,13.560000000000002,1.84,0.12,1.2000000000000004,11.560000000000002,3.760000000000001,3,4,18,13.839999999999998,1.64,2.12,0.84,77,77,76,72,74,71
256,F1,22/02/2020,19:00,Strasbourg,Amiens,1.0,11.839999999999998,3.9600000000000013,11,15,10,13.32,1.7200000000000006,0.04,1.2800000000000002,8.320000000000004,2.9600000000000013,4,9,12,13.840000000000002,2.0000000000000004,2.08,1.16,75,74,74,73,73,71
257,F1,23/02/2020,14:00,St Etienne,Reims,1.0,11.159999999999998,3.5600000000000014,8,17,13,13.160000000000002,2.080000000000001,0.08,1.08,11.68,3.200000000000001,9,9,7,14.320000000000002,2.0000000000000004,3.04,0.92,73,76,74,71,73,73
258,F1,23/02/2020,16:00,Rennes,Nimes,2.0,11.68,3.880000000000001,12,15,8,14.199999999999998,1.9200000000000008,0.04,1.16,12.520000000000005,3.760000000000001,7,6,12,13.12,1.6800000000000002,1.16,1.0,76,77,76,72,70,72
259,F1,23/02/2020,20:00,Paris SG,Bordeaux,2.0,16.000000000000004,7.000000000000003,20,14,3,12.480000000000002,1.88,0.0,2.680000000000001,11.12,3.880000000000001,9,8,8,13.16,1.8800000000000008,0.0,1.4000000000000004,88,84,83,75,75,76
260,F1,28/02/2020,19:45,Nimes,Marseille,0.0,12.384615384615385,3.692307692307693,7,15,13,12.807692307692307,1.6538461538461535,0.2307692307692308,1.0,13.230769230769232,4.1923076923076925,15,7,4,13.269230769230766,2.461538461538462,0.1153846153846154,1.3846153846153846,72,70,72,80,78,77
261,F1,29/02/2020,16:30,Paris SG,Dijon,2.0,16.26923076923077,7.0769230769230775,21,14,3,12.5,2.0000000000000004,0.038461538461538464,2.7307692307692304,12.038461538461535,3.730769230769232,6,9,11,12.846153846153848,1.6538461538461535,1.0384615384615383,0.9615384615384616,88,84,83,72,72,70
262,F1,29/02/2020,19:00,Amiens,Metz,0.0,8.115384615384615,2.8846153846153846,4,18,12,14.192307692307693,2.1538461538461537,0.15384615384615385,1.115384615384615,10.884615384615385,3.423076923076924,6,10,10,12.230769230769232,1.7692307692307696,2.0769230769230766,0.9230769230769228,73,73,71,73,72,72
263,F1,29/02/2020,19:00,Brest,Angers,0.0,11.346153846153848,3.615384615384616,8,19,8,11.692307692307693,1.5384615384615379,0.07692307692307693,1.3076923076923077,13.423076923076925,4.1923076923076925,9,6,11,12.230769230769232,1.6538461538461535,2.0,0.9615384615384612,72,72,72,74,75,74
264,F1,29/02/2020,19:00,Monaco,Reims,1.0,13.307692307692307,4.961538461538462,11,14,9,11.57692307692308,2.1153846153846154,0.3461538461538462,1.615384615384616,11.692307692307693,3.1538461538461537,9,10,7,13.961538461538463,1.9615384615384617,3.0384615384615383,0.9230769230769228,80,78,76,71,73,73
265,F1,29/02/2020,19:00,Montpellier,Strasbourg,2.0,12.269230769230766,4.076923076923077,10,15,9,15.499999999999998,2.0384615384615388,0.19230769230769232,1.2307692307692308,11.961538461538463,3.9230769230769234,11,5,10,13.499999999999998,1.730769230769231,0.038461538461538464,1.230769230769231,78,74,75,75,74,74
266,F1,29/02/2020,19:00,Toulouse,Rennes,0.0,11.384615384615385,3.6538461538461537,3,14,19,14.076923076923075,1.6923076923076923,0.19230769230769232,0.8076923076923075,12.230769230769232,4.03846153846154,13,5,8,14.076923076923075,1.8461538461538465,1.0,1.1923076923076923,72,74,71,76,77,76
267,F1,01/03/2020,14:00,Nantes,Lille,0.0,12.000000000000002,4.115384615384616,11,15,11,13.692307692307693,1.7692307692307696,0.07692307692307693,1.0769230769230769,12.461538461538463,4.730769230769232,13,4,9,13.5,1.807692307692308,3.0,1.2692307692307694,75,73,74,77,77,76
268,F1,01/03/2020,16:00,Bordeaux,Nice,1.0,11.153846153846157,4.000000000000002,9,18,9,13.230769230769232,1.8846153846153848,0.0,1.4615384615384621,12.230769230769232,4.730769230769232,10,7,9,10.461538461538463,2.1153846153846154,3.1538461538461533,1.4615384615384617,75,75,76,74,76,74
269,F1,01/03/2020,20:00,Lyon,St Etienne,2.0,12.884615384615385,4.807692307692307,10,18,9,12.076923076923077,1.653846153846154,0.15384615384615385,1.5384615384615388,11.0,3.5769230769230766,8,5,13,13.192307692307693,2.0384615384615383,1.0384615384615383,1.0769230769230769,79,78,77,73,76,74
270,F1,06/03/2020,20:00,Marseille,Amiens,1.0,13.222222222222221,4.185185185185185,16,17,4,13.296296296296294,2.4814814814814814,0.1111111111111111,1.4444444444444444,8.25925925925926,2.9629629629629624,4,10,13,14.296296296296296,2.1481481481481475,2.074074074074074,1.0740740740740735,80,78,77,73,73,71
271,F1,07/03/2020,19:00,Angers,Nantes,2.0,13.148148148148149,4.111111111111111,10,16,11,12.111111111111107,1.6296296296296298,0.07407407407407407,0.9629629629629626,11.777777777777775,4.0740740740740735,11,4,12,13.666666666666664,1.8518518518518516,1.037037037037037,1.037037037037037,74,75,74,75,73,74
272,F1,07/03/2020,19:00,Dijon,Toulouse,2.0,11.925925925925926,3.703703703703704,6,20,12,12.481481481481481,1.592592592592592,0.07407407407407407,0.9259259259259259,11.518518518518519,3.592592592592593,3,4,20,14.037037037037035,1.7407407407407405,2.1111111111111107,0.7777777777777777,72,72,70,72,74,71
273,F1,07/03/2020,19:00,Metz,Nimes,2.0,10.962962962962962,3.5185185185185186,7,18,10,12.148148148148149,1.7407407407407405,0.14814814814814814,0.9259259259259258,12.518518518518515,3.777777777777777,7,6,14,12.888888888888891,1.7407407407407405,2.148148148148148,1.0370370370370368,73,72,72,72,70,72
274,F1,07/03/2020,19:00,Nice,Monaco,2.0,12.111111111111109,4.7037037037037015,10,17,9,10.518518518518519,2.1481481481481484,0.25925925925925924,1.4444444444444442,13.518518518518515,5.037037037037037,11,7,9,11.888888888888884,2.1111111111111107,6.1111111111111125,1.592592592592592,74,76,74,80,78,76
275,F1,07/03/2020,19:00,Reims,Brest,2.0,11.851851851851851,3.333333333333333,9,21,7,13.925925925925926,2.0,0.14814814814814814,0.9259259259259256,11.518518518518519,3.629629629629629,8,10,9,11.703703703703706,1.5925925925925926,0.07407407407407407,1.259259259259259,71,73,73,72,72,72
276,F1,08/03/2020,14:00,St Etienne,Bordeaux,1.0,10.888888888888886,3.592592592592593,8,19,14,13.222222222222225,2.1111111111111107,0.07407407407407407,1.037037037037037,11.185185185185185,4.0,9,9,9,13.444444444444445,1.9259259259259256,0.0,1.4444444444444442,73,76,74,75,75,76
277,F1,08/03/2020,16:00,Rennes,Montpellier,2.0,12.185185185185185,4.037037037037037,14,16,8,14.0,1.8148148148148144,0.037037037037037035,1.222222222222222,12.666666666666664,4.333333333333332,11,7,9,15.222222222222221,2.0,3.0740740740740744,1.2962962962962958,76,77,76,78,74,75
278,F1,08/03/2020,20:00,Lille,Lyon,2.0,12.555555555555555,4.7407407407407405,14,15,9,13.481481481481481,1.851851851851852,0.1111111111111111,1.259259259259259,13.0,4.962962962962963,11,7,9,12.148148148148149,1.740740740740741,2.074074074074074,1.5555555555555554,77,77,76,79,78,77
