,Div,Date,HomeTeam,AwayTeam,FTR,HTS,HTST,HTW,HTD,HTL,HTF,HTY,HTR,HTG,ATS,ATST,ATW,ATD,ATL,ATF,ATY,ATR,ATG,HomeTeamStreak_AtHome,HomeTeamStreak_AtAway,AwayTeamStreak_AtHome,AwayTeamStreak_AtAway
0,F1,10/08/2018,Marseille,Toulouse,2,0.0,0.0,0,0,0,0.0,0.0,0.0,0.0,0.0,0.0,0,0,0,0.0,0.0,0.0,0.0,0,0,0,0
1,F1,11/08/2018,Angers,Nimes,0,0.0,0.0,0,0,0,0.0,0.0,0.0,0.0,0.0,0.0,0,0,0,0.0,0.0,0.0,0.0,0,0,0,0
2,F1,11/08/2018,Lille,Rennes,2,0.0,0.0,0,0,0,0.0,0.0,0.0,0.0,0.0,0.0,0,0,0,0.0,0.0,0.0,0.0,0,0,0,0
3,F1,11/08/2018,Montpellier,Dijon,0,0.0,0.0,0,0,0,0.0,0.0,0.0,0.0,0.0,0.0,0,0,0,0.0,0.0,0.0,0.0,0,0,0,0
4,F1,11/08/2018,Nantes,Monaco,0,0.0,0.0,0,0,0,0.0,0.0,0.0,0.0,0.0,0.0,0,0,0,0.0,0.0,0.0,0.0,0,0,0,0
5,F1,11/08/2018,Nice,Reims,0,0.0,0.0,0,0,0,0.0,0.0,0.0,0.0,0.0,0.0,0,0,0,0.0,0.0,0.0,0.0,0,0,0,0
6,F1,11/08/2018,St Etienne,Guingamp,2,0.0,0.0,0,0,0,0.0,0.0,0.0,0.0,0.0,0.0,0,0,0,0.0,0.0,0.0,0.0,0,0,0,0
7,F1,12/08/2018,Bordeaux,Strasbourg,0,0.0,0.0,0,0,0,0.0,0.0,0.0,0.0,0.0,0.0,0,0,0,0.0,0.0,0.0,0.0,0,0,0,0
8,F1,12/08/2018,Lyon,Amiens,2,0.0,0.0,0,0,0,0.0,0.0,0.0,0.0,0.0,0.0,0,0,0,0.0,0.0,0.0,0.0,0,0,0,0
9,F1,12/08/2018,Paris SG,Caen,2,0.0,0.0,0,0,0,0.0,0.0,0.0,0.0,0.0,0.0,0,0,0,0.0,0.0,0.0,0.0,0,0,0,0
10,F1,17/08/2018,Reims,Lyon,2,5.0,3.0,1,1,0,14.0,2.0,0.0,1.0,15.0,7.0,1,0,0,9.0,0.0,0.0,2.0,0,1,1,0
11,F1,18/08/2018,Amiens,Montpellier,0,10.0,1.0,0,1,1,17.0,2.0,0.0,0.0,16.0,7.0,0,0,1,15.0,2.0,0.0,1.0,0,-1,-1,0
12,F1,18/08/2018,Caen,Nice,1,5.0,1.0,0,1,1,7.0,0.0,0.0,0.0,19.0,1.0,0,0,1,13.0,1.0,0.0,0.0,0,-1,-1,0
13,F1,18/08/2018,Dijon,Nantes,2,9.0,4.0,1,1,0,21.0,2.0,0.0,2.0,16.0,4.0,0,0,1,8.0,1.0,0.0,1.0,0,1,-1,0
14,F1,18/08/2018,Guingamp,Paris SG,0,11.0,5.0,0,1,1,11.0,1.0,0.0,1.0,11.0,8.0,1,0,0,13.0,1.0,0.0,3.0,0,-1,1,0
15,F1,18/08/2018,Monaco,Lille,1,11.0,6.0,1,1,0,15.0,0.0,0.0,3.0,15.0,6.0,1,0,0,12.0,1.0,0.0,3.0,0,1,1,0
16,F1,18/08/2018,Rennes,Angers,2,8.0,2.0,0,1,1,13.0,0.0,0.0,1.0,21.0,7.0,0,0,1,20.0,2.0,0.0,3.0,0,-1,-1,0
17,F1,19/08/2018,Nimes,Marseille,2,14.0,5.0,1,1,0,12.0,2.0,1.0,4.0,23.0,10.0,1,0,0,7.0,1.0,0.0,4.0,0,1,1,0
18,F1,19/08/2018,Strasbourg,St Etienne,1,17.0,6.0,1,1,0,12.0,0.0,0.0,2.0,11.0,6.0,1,0,0,14.0,3.0,0.0,2.0,0,1,1,0
19,F1,19/08/2018,Toulouse,Bordeaux,2,5.0,1.0,0,1,1,20.0,3.0,0.0,0.0,5.0,2.0,0,0,1,6.0,1.0,1.0,0.0,0,-1,-1,0
20,F1,24/08/2018,Lyon,Strasbourg,2,17.0,6.0,1,1,1,9.5,0.0,0.0,1.0,14.0,5.5,1,1,0,11.5,0.5,0.0,1.5,1,-1,0,1
21,F1,25/08/2018,Amiens,Reims,2,10.5,1.5,0,1,2,16.0,1.5,0.0,0.5,6.0,2.5,2,0,0,12.5,2.0,0.0,1.0,-1,-1,1,1
22,F1,25/08/2018,Montpellier,St Etienne,1,11.5,5.0,1,1,1,15.0,2.5,0.0,1.5,10.0,4.0,1,1,0,10.5,2.5,1.0,1.5,-1,1,1,0
23,F1,25/08/2018,Nantes,Caen,1,11.5,2.0,0,1,2,10.5,1.0,0.5,0.5,9.0,2.5,0,1,1,14.5,1.0,0.0,0.5,-1,-1,0,-1
24,F1,25/08/2018,Nice,Dijon,0,17.5,3.0,0,1,1,12.0,1.5,0.0,0.5,11.5,5.5,2,0,0,19.5,1.0,0.0,2.0,-1,0,1,1
25,F1,25/08/2018,Paris SG,Angers,2,14.0,7.5,2,1,0,14.5,1.0,0.0,3.0,14.0,3.5,0,0,2,15.5,2.0,0.0,1.5,1,1,-1,-1
26,F1,25/08/2018,Toulouse,Nimes,2,9.0,3.0,1,1,1,15.0,2.0,0.0,1.0,14.0,6.0,2,0,0,11.5,2.5,1.0,3.5,1,-1,1,1
27,F1,26/08/2018,Bordeaux,Monaco,2,10.0,5.0,0,1,2,8.5,1.0,0.5,0.5,10.5,3.5,1,1,0,12.5,0.0,0.0,1.5,-1,-1,0,1
28,F1,26/08/2018,Lille,Guingamp,2,14.0,5.0,1,1,0,13.0,0.5,0.0,1.5,11.0,4.0,0,0,2,13.0,0.5,0.0,1.0,1,0,-1,-1
29,F1,26/08/2018,Marseille,Rennes,1,16.5,7.5,1,1,1,9.0,1.0,0.0,2.5,6.5,2.0,1,0,1,10.5,0.5,0.0,1.0,1,-1,1,-1
30,F1,31/08/2018,Lyon,Nice,0,18.666666666666664,7.333333333333334,2,1,1,10.666666666666668,0.3333333333333333,0.0,1.3333333333333333,17.0,3.0,0,1,2,11.666666666666664,1.6666666666666663,0.0,0.3333333333333333,2,-1,-2,0
31,F1,01/09/2018,Angers,Lille,2,13.0,4.333333333333334,0,2,3,11.0,1.3333333333333333,0.0,1.3333333333333333,13.666666666666664,5.666666666666666,2,1,0,13.0,1.0,0.0,2.0,-1,-2,2,0
32,F1,01/09/2018,Dijon,Caen,0,10.666666666666668,5.333333333333334,3,2,0,19.33333333333333,1.6666666666666663,0.0,2.6666666666666665,7.0,2.333333333333333,0,2,1,15.0,1.6666666666666663,1.0,0.6666666666666666,1,2,0,-1
33,F1,01/09/2018,Guingamp,Toulouse,0,11.666666666666664,4.0,0,2,3,13.0,0.6666666666666666,0.3333333333333333,0.6666666666666666,9.333333333333334,3.666666666666667,2,0,1,15.666666666666668,1.6666666666666663,0.0,1.0,-1,-2,2,-1
34,F1,01/09/2018,Nimes,Paris SG,0,12.333333333333336,4.0,2,2,1,14.666666666666664,2.6666666666666665,0.3333333333333333,2.333333333333333,13.666666666666668,6.666666666666668,3,0,0,13.0,1.3333333333333333,0.0,3.0,1,-1,2,1
35,F1,01/09/2018,Reims,Montpellier,0,6.333333333333334,2.6666666666666665,2,2,1,14.0,1.6666666666666663,0.3333333333333333,1.0,12.333333333333332,3.666666666666667,1,1,1,14.0,2.6666666666666665,0.0,1.0,1,-1,-1,1
36,F1,01/09/2018,Strasbourg,Nantes,0,12.333333333333336,4.0,1,3,1,12.0,1.0,0.0,1.0,13.0,2.333333333333333,0,1,2,12.333333333333332,1.3333333333333333,1.0,0.6666666666666666,0,-1,-1,-1
37,F1,02/09/2018,Monaco,Marseille,0,12.0,4.0,1,3,1,13.0,0.6666666666666666,0.0,1.3333333333333333,13.666666666666664,6.0,1,1,1,11.333333333333332,1.0,0.0,2.333333333333333,0,-1,1,-1
38,F1,02/09/2018,Rennes,Bordeaux,2,6.666666666666666,2.0,1,2,1,12.0,0.6666666666666666,0.0,1.3333333333333333,11.333333333333336,5.333333333333333,1,0,2,9.0,1.0,0.3333333333333333,1.0,1,-1,1,-1
39,F1,02/09/2018,St Etienne,Amiens,1,9.666666666666666,3.333333333333333,1,2,0,11.666666666666668,1.6666666666666663,0.3333333333333333,1.0,11.666666666666668,3.6666666666666665,1,0,2,16.666666666666668,1.3333333333333333,0.0,1.6666666666666663,1,0,1,0
40,F1,14/09/2018,Nice,Rennes,2,14.75,2.5,1,2,2,12.25,1.75,0.0,0.5,9.0,3.5,2,1,1,12.0,0.5,0.0,1.5,-2,1,2,-1
41,F1,14/09/2018,Paris SG,St Etienne,2,12.0,6.25,4,2,0,12.5,1.75,0.25,3.25,12.0,3.75,1,3,0,11.5,2.0,1.0,0.75,2,2,1,0
42,F1,15/09/2018,Amiens,Lille,0,11.0,3.25,1,2,2,15.5,1.5,0.0,1.25,14.5,5.25,2,1,1,11.75,1.0,0.0,1.5,1,0,2,-1
43,F1,15/09/2018,Caen,Lyon,1,7.5,2.75,1,4,1,14.5,2.0,0.25,1.0,21.25,7.75,2,0,2,9.5,0.25,0.0,1.0,0,1,-1,0
44,F1,15/09/2018,Dijon,Angers,0,11.75,4.5,3,2,1,17.25,1.25,0.0,2.0,11.25,4.0,1,0,3,11.75,1.0,0.25,1.25,-1,1,1,-2
45,F1,15/09/2018,Montpellier,Strasbourg,1,11.5,3.5,2,3,1,13.25,2.0,0.0,1.0,11.75,4.25,1,1,2,12.0,1.0,0.0,1.25,-1,2,-1,-1
46,F1,15/09/2018,Toulouse,Monaco,1,8.25,3.75,3,2,1,15.0,1.75,0.25,1.25,11.0,4.0,1,1,2,12.5,0.75,0.0,1.5,2,1,-1,-1
47,F1,16/09/2018,Bordeaux,Nimes,1,10.5,4.25,1,2,3,10.25,1.5,0.25,0.75,12.75,4.5,2,0,2,14.0,2.25,1.25,2.25,1,-2,-1,-1
48,F1,16/09/2018,Marseille,Guingamp,2,14.0,5.75,2,3,1,12.5,1.0,0.0,2.5,14.5,4.25,0,0,4,12.75,1.25,1.0,0.75,0,1,-2,-2
49,F1,16/09/2018,Nantes,Reims,1,13.25,3.0,1,3,2,12.25,1.5,0.25,1.25,10.0,3.5,2,0,2,13.25,1.25,1.0,0.75,0,1,-1,-1
50,F1,21/09/2018,Monaco,Nimes,1,11.2,3.6,1,4,2,13.4,1.2000000000000002,0.0,1.4,13.0,4.6,2,1,2,13.000000000000002,1.8,1.2,2.4,-1,-1,-1,-1
51,F1,22/09/2018,Angers,Toulouse,1,11.6,4.4,2,3,3,12.0,1.2000000000000002,0.2,1.6,9.2,4.2,3,1,1,15.4,1.7999999999999998,1.0,1.2,1,1,2,1
52,F1,22/09/2018,Lille,Nantes,2,15.2,6.0,3,3,1,13.599999999999998,1.2000000000000002,0.0,1.7999999999999998,13.0,3.6,1,2,2,12.4,1.8000000000000005,1.0,1.0,0,1,0,1
53,F1,22/09/2018,Montpellier,Nice,2,11.2,3.4000000000000004,2,4,1,13.6,1.8,0.0,1.0,14.4,2.8,2,1,2,11.8,2.2,0.0,0.8,-1,2,1,1
54,F1,22/09/2018,Reims,Dijon,1,9.4,2.8,2,3,2,13.000000000000002,1.8,0.2,0.6000000000000001,11.599999999999998,4.2,3,0,2,16.0,1.4,0.0,1.8,-1,-1,-2,1
55,F1,22/09/2018,St Etienne,Caen,2,11.8,3.4,1,4,1,11.8,1.8,0.2,0.6000000000000001,9.6,3.0,1,3,1,14.6,1.8,1.4,1.2000000000000002,1,-1,0,1
56,F1,22/09/2018,Strasbourg,Amiens,2,10.8,3.6000000000000005,1,4,2,12.4,1.2000000000000002,0.0,1.2,10.4,3.4000000000000004,1,1,3,14.8,1.4,0.0,1.4,-1,-1,-1,0
57,F1,23/09/2018,Guingamp,Bordeaux,0,12.0,3.4000000000000004,0,3,5,12.000000000000002,1.2,0.2,0.6000000000000001,11.4,4.2,1,1,3,10.6,1.6,0.2,1.2000000000000002,-2,-3,1,-2
58,F1,23/09/2018,Lyon,Marseille,2,20.4,7.4,2,2,2,10.2,0.6000000000000001,0.0,1.2000000000000002,14.6,5.8,3,1,1,11.4,1.0,0.0,2.8,-1,0,1,1
59,F1,23/09/2018,Rennes,Paris SG,0,9.2,3.4000000000000004,2,3,2,13.4,0.6000000000000001,0.0,1.4,12.8,6.8,5,0,0,12.4,1.6,1.0,3.3999999999999995,2,-2,3,2
60,F1,25/09/2018,Monaco,Angers,0,11.833333333333332,3.6666666666666665,1,5,2,13.666666666666668,1.1666666666666667,0.0,1.3333333333333337,12.333333333333332,4.333333333333334,2,1,3,12.333333333333336,1.1666666666666667,0.16666666666666666,1.3333333333333333,-1,-1,1,1
61,F1,25/09/2018,Nantes,Nice,0,12.666666666666668,3.6666666666666665,1,5,3,12.333333333333332,2.1666666666666665,0.16666666666666666,1.0,13.5,2.666666666666667,2,1,3,11.666666666666664,2.1666666666666665,0.0,0.6666666666666666,0,-1,1,-1
62,F1,25/09/2018,Toulouse,St Etienne,0,8.833333333333332,3.5,3,4,1,15.166666666666668,1.833333333333333,0.16666666666666666,1.0,13.666666666666668,4.0,2,3,1,10.333333333333334,1.8333333333333333,1.0,0.8333333333333333,2,1,2,-1
63,F1,26/09/2018,Amiens,Rennes,2,10.000000000000002,3.333333333333333,1,3,4,14.5,1.8333333333333333,0.0,1.3333333333333333,10.0,3.5,2,1,3,13.0,0.8333333333333333,0.0,1.3333333333333337,-1,-1,-1,-1
64,F1,26/09/2018,Bordeaux,Lille,2,11.333333333333336,4.5,2,4,3,11.666666666666668,2.0,0.16666666666666666,1.5,14.5,6.333333333333332,4,1,1,13.833333333333332,1.5,0.0,1.8333333333333333,0,1,1,1
65,F1,26/09/2018,Caen,Montpellier,1,9.5,2.833333333333333,1,6,2,15.5,2.0,0.5,1.1666666666666667,11.333333333333332,3.666666666666667,3,2,1,13.666666666666668,2.0,0.0,1.0,0,-1,1,2
66,F1,26/09/2018,Dijon,Lyon,0,10.666666666666668,3.5000000000000004,3,3,2,15.666666666666668,1.3333333333333333,0.0,1.5,19.83333333333333,7.0,3,1,2,9.666666666666666,0.6666666666666666,0.0,1.6666666666666663,-2,1,1,0
67,F1,26/09/2018,Marseille,Strasbourg,2,13.666666666666664,5.333333333333334,3,4,2,11.499999999999998,1.1666666666666663,0.16666666666666666,2.6666666666666665,11.166666666666664,4.0,2,2,2,13.0,1.1666666666666667,0.0,1.5,1,-1,1,0
68,F1,26/09/2018,Nimes,Guingamp,1,12.333333333333336,4.166666666666667,2,4,2,13.333333333333332,1.8333333333333333,0.3333333333333333,2.1666666666666665,13.0,3.666666666666667,0,0,6,12.333333333333336,1.1666666666666663,1.0,0.6666666666666666,-1,-1,-3,-3
69,F1,26/09/2018,Paris SG,Reims,2,13.166666666666664,6.666666666666668,6,3,0,13.166666666666668,1.8333333333333333,0.16666666666666666,3.333333333333333,9.666666666666668,2.6666666666666665,2,2,2,13.333333333333336,1.6666666666666667,1.0,0.5,3,3,-1,-1
70,F1,28/09/2018,St Etienne,Monaco,2,13.714285714285715,4.571428571428571,3,5,1,10.857142857142858,1.8571428571428568,0.14285714285714285,1.1428571428571428,11.142857142857142,3.1428571428571423,1,3,3,13.571428571428573,1.1428571428571428,0.0,1.1428571428571428,1,1,-2,-1
71,F1,29/09/2018,Angers,Guingamp,0,11.428571428571427,4.142857142857143,3,5,3,12.285714285714285,1.2857142857142856,0.14285714285714285,1.2857142857142856,12.428571428571427,3.571428571428571,0,1,6,12.285714285714285,1.4285714285714284,1.0,0.5714285714285714,1,2,-3,-3
72,F1,29/09/2018,Caen,Amiens,2,9.714285714285717,2.8571428571428563,1,7,2,14.714285714285715,2.0,0.42857142857142855,1.2857142857142856,10.285714285714283,3.2857142857142856,2,1,4,13.999999999999998,1.5714285714285714,0.0,1.4285714285714284,0,-1,1,-1
73,F1,29/09/2018,Lyon,Nantes,1,19.285714285714285,6.7142857142857135,4,3,2,9.857142857142854,0.8571428571428571,0.14285714285714285,1.857142857142857,12.285714285714285,3.571428571428572,1,2,4,12.285714285714285,2.0,1.0,0.9999999999999998,1,1,-1,-1
74,F1,29/09/2018,Nice,Paris SG,0,13.285714285714285,3.0,3,4,3,12.142857142857142,2.1428571428571423,0.0,0.8571428571428571,13.428571428571427,6.7142857142857135,7,0,0,12.999999999999998,1.5714285714285714,1.0,3.428571428571428,0,1,4,3
75,F1,29/09/2018,Reims,Bordeaux,1,9.571428571428571,2.714285714285714,2,5,3,13.285714285714285,1.5714285714285712,0.14285714285714285,0.5714285714285714,10.714285714285714,4.285714285714286,3,1,3,11.857142857142858,1.857142857142857,0.14285714285714285,1.4285714285714284,-1,-2,1,1
76,F1,29/09/2018,Strasbourg,Dijon,2,10.857142857142858,4.142857142857142,2,5,3,13.0,1.4285714285714286,0.0,1.5714285714285712,13.428571428571427,3.8571428571428568,3,1,3,15.142857142857142,1.4285714285714284,0.14285714285714285,1.2857142857142856,1,-1,-3,1
77,F1,30/09/2018,Lille,Marseille,2,14.571428571428573,6.2857142857142865,4,4,2,14.571428571428571,1.7142857142857142,0.14285714285714285,1.5714285714285712,13.571428571428573,5.285714285714286,4,1,2,11.571428571428571,1.4285714285714284,1.1428571428571428,2.714285714285714,1,-1,2,-1
78,F1,30/09/2018,Montpellier,Nimes,2,12.0,4.0,3,5,1,13.714285714285715,2.0,0.14285714285714285,1.1428571428571428,11.571428571428573,3.8571428571428568,2,3,2,13.0,2.0,1.1428571428571428,1.857142857142857,1,2,-1,-1
79,F1,30/09/2018,Rennes,Toulouse,1,10.714285714285714,3.2857142857142856,2,4,4,13.714285714285715,1.0,0.14285714285714285,1.2857142857142856,10.428571428571429,3.8571428571428577,3,2,2,14.857142857142858,1.714285714285714,1.0,1.1428571428571428,-1,-2,-1,1
80,F1,05/10/2018,Toulouse,Nice,1,9.75,3.625,3,5,2,14.75,2.0,0.25,1.125,12.75,2.75,3,1,4,12.25,2.25,0.125,0.75,-1,1,-1,1
81,F1,06/10/2018,Amiens,Dijon,2,9.875,3.125,2,4,5,13.625,1.625,0.125,1.25,13.5,3.5,3,1,4,15.375,1.625,0.125,1.125,1,-2,-3,-1
82,F1,06/10/2018,Angers,Strasbourg,1,11.375,4.125,3,5,4,12.625,1.5,0.125,1.125,10.375,4.25,3,2,3,12.75,1.375,0.0,1.75,-1,2,2,-1
83,F1,06/10/2018,Guingamp,Montpellier,1,12.25,3.75,1,5,6,12.375,1.625,0.125,0.625,12.875,4.25,4,3,1,13.875,2.0,1.0,1.375,-1,1,2,2
84,F1,06/10/2018,Lille,St Etienne,2,14.75,6.0,5,4,2,13.75,1.625,0.125,1.75,14.0,4.625,4,3,1,10.5,1.625,1.0,1.25,2,-1,2,1
85,F1,06/10/2018,Nimes,Reims,1,11.5,3.75,2,6,3,13.625,2.125,0.25,1.625,9.5,2.375,2,3,3,13.625,1.625,1.0,0.5,-1,-2,-1,-2
86,F1,07/10/2018,Bordeaux,Nantes,2,10.25,4.125,3,5,3,13.25,2.0,0.125,1.25,13.125,3.625,1,3,4,12.25,2.25,1.0,1.0,1,1,-1,-1
87,F1,07/10/2018,Marseille,Caen,2,12.875,5.0,4,5,3,11.875,1.625,0.25,2.375,10.0,3.0,2,4,2,14.75,2.0,1.25,1.25,2,-2,1,-1
88,F1,07/10/2018,Monaco,Rennes,0,12.25,3.625,1,6,4,13.0,1.125,0.0,1.0,12.125,3.75,2,2,4,14.125,1.0,1.0,1.25,-2,-2,-1,-2
89,F1,07/10/2018,Paris SG,Lyon,2,14.375,6.875,8,4,0,12.875,1.625,0.125,3.375,19.375,6.75,4,2,2,10.5,1.125,1.0,1.75,4,4,1,1
90,F1,19/10/2018,Lyon,Nimes,2,19.0,6.666666666666668,4,5,3,11.111111111111109,1.4444444444444444,0.2222222222222222,1.5555555555555556,12.111111111111109,3.888888888888889,2,4,3,13.555555555555555,2.0,1.1111111111111112,1.4444444444444444,0,-1,-1,-2
91,F1,20/10/2018,Caen,Guingamp,1,9.666666666666668,2.8888888888888893,2,8,3,14.666666666666664,2.333333333333333,0.3333333333333333,1.111111111111111,11.666666666666668,3.555555555555556,1,2,6,12.222222222222225,1.4444444444444444,1.1111111111111112,0.6666666666666667,1,-2,-1,1
92,F1,20/10/2018,Dijon,Lille,0,13.111111111111109,3.4444444444444446,3,5,5,15.666666666666668,1.4444444444444444,0.1111111111111111,1.0,14.444444444444445,5.8888888888888875,6,1,2,13.111111111111109,1.6666666666666663,1.0,1.8888888888888888,-3,-2,3,-1
93,F1,20/10/2018,Nantes,Toulouse,2,12.999999999999998,3.4444444444444446,1,7,5,12.555555555555555,2.1111111111111107,0.1111111111111111,0.8888888888888891,10.111111111111109,3.4444444444444446,3,4,2,15.0,1.8888888888888893,2.0,1.1111111111111112,-1,-2,-1,1
94,F1,20/10/2018,Paris SG,Amiens,2,14.333333333333332,7.0,9,4,0,12.666666666666668,1.6666666666666663,0.2222222222222222,3.555555555555556,9.66666666666667,3.0,3,1,5,14.222222222222221,1.4444444444444442,1.0,1.2222222222222223,5,4,2,-2
95,F1,20/10/2018,Reims,Angers,1,9.444444444444443,2.333333333333333,2,7,3,13.333333333333332,1.5555555555555558,0.1111111111111111,0.4444444444444444,12.777777777777775,4.333333333333333,3,2,4,12.444444444444445,1.4444444444444444,0.1111111111111111,1.2222222222222223,-1,-2,-1,2
96,F1,20/10/2018,Strasbourg,Monaco,2,10.222222222222221,4.222222222222221,3,6,3,12.777777777777775,1.7777777777777777,0.0,1.7777777777777777,11.777777777777779,3.4444444444444446,1,3,5,13.555555555555555,1.5555555555555556,0.1111111111111111,1.0,2,-1,-3,-2
97,F1,21/10/2018,Montpellier,Bordeaux,2,12.666666666666664,4.333333333333333,4,6,1,14.222222222222225,2.1111111111111107,0.2222222222222222,1.3333333333333337,10.888888888888891,4.4444444444444455,4,2,3,13.888888888888886,1.8888888888888888,0.1111111111111111,1.4444444444444444,2,2,2,1
98,F1,21/10/2018,Nice,Marseille,0,12.555555555555555,2.6666666666666665,3,5,4,12.444444444444445,2.2222222222222228,0.1111111111111111,0.7777777777777777,13.333333333333336,5.111111111111111,5,1,3,12.111111111111109,1.7777777777777777,1.1111111111111112,2.333333333333333,-1,1,3,-2
99,F1,21/10/2018,St Etienne,Rennes,1,13.111111111111107,4.333333333333333,4,6,2,10.444444444444443,1.5555555555555558,0.1111111111111111,1.2222222222222223,12.0,3.7777777777777777,3,2,4,14.333333333333336,1.0,1.0,1.3333333333333337,1,-1,0,1
100,F1,26/10/2018,Nimes,St Etienne,1,13.2,4.1,2,8,4,13.3,2.0000000000000004,0.2,1.3,12.6,4.1000000000000005,4,4,2,10.7,1.5000000000000002,1.0,1.2000000000000002,-1,-3,1,-1
101,F1,27/10/2018,Amiens,Nantes,0,9.500000000000002,2.9000000000000004,3,5,6,13.8,1.3,0.1,1.1,13.5,4.0,2,3,5,12.499999999999998,2.2,1.0,1.2,2,-3,1,-1
102,F1,27/10/2018,Angers,Lyon,0,13.1,4.499999999999999,3,7,4,11.9,1.3000000000000005,0.1,1.2000000000000002,18.4,6.5,5,2,3,11.0,1.4000000000000004,2.0,1.6,-1,2,1,-1
103,F1,27/10/2018,Guingamp,Strasbourg,1,11.199999999999998,3.4000000000000004,1,7,6,11.5,1.3,0.2,0.6,10.0,4.300000000000002,4,3,3,12.8,1.8,0.0,1.7999999999999998,-1,1,3,-1
104,F1,27/10/2018,Lille,Caen,2,13.8,5.6,7,5,2,13.1,1.7000000000000002,0.1,1.9,9.1,2.8000000000000003,2,5,3,14.9,2.1,1.2,1.0000000000000002,2,1,1,-2
105,F1,27/10/2018,Monaco,Dijon,1,11.8,3.6000000000000005,1,7,6,13.3,1.7,0.2,1.0,13.499999999999998,3.8,3,1,6,16.1,1.5,0.1,1.0,-3,-3,-4,-2
106,F1,27/10/2018,Toulouse,Montpellier,0,9.6,3.3000000000000007,3,7,3,14.8,1.8000000000000005,0.2,1.0,12.7,4.300000000000002,5,4,1,14.1,2.1,2.0,1.4,-1,-1,3,2
107,F1,28/10/2018,Bordeaux,Nice,0,11.0,4.3,4,6,4,13.6,2.0000000000000004,0.1,1.3000000000000005,12.7,2.7,3,2,5,12.4,2.3,0.1,0.7000000000000001,2,-1,-2,1
108,F1,28/10/2018,Marseille,Paris SG,0,12.9,4.699999999999998,6,6,3,11.8,1.7000000000000002,0.2,2.2,14.5,7.1,10,0,0,12.599999999999998,1.4999999999999998,1.1,3.7,1,1,6,4
109,F1,28/10/2018,Rennes,Reims,0,12.3,3.9,3,7,4,13.999999999999998,1.0,0.1,1.3,9.7,2.6,2,5,3,13.3,1.5000000000000002,1.0,0.5,0,1,-1,-2
110,F1,02/11/2018,Paris SG,Lille,2,14.181818181818182,6.90909090909091,11,5,0,12.454545454545453,1.5454545454545456,0.18181818181818185,3.545454545454545,13.545454545454547,5.454545454545452,8,1,2,13.090909090909088,1.5454545454545454,1.0,1.818181818181818,6,5,3,1
111,F1,03/11/2018,Caen,Rennes,0,8.727272727272727,2.636363636363636,2,10,4,15.363636363636363,2.090909090909091,0.2727272727272727,0.9090909090909092,12.18181818181818,4.0,3,3,5,14.181818181818182,1.181818181818182,1.0,1.181818181818182,1,-3,-1,1
112,F1,03/11/2018,Dijon,Nimes,0,13.272727272727273,3.727272727272728,3,6,6,15.90909090909091,1.6363636363636365,0.09090909090909093,1.0909090909090908,13.181818181818182,4.272727272727272,2,5,4,12.636363636363635,1.9090909090909092,1.0909090909090908,1.2727272727272725,-4,-2,-1,-3
113,F1,03/11/2018,Lyon,Bordeaux,1,17.545454545454547,6.363636363636362,6,6,3,10.909090909090908,1.7272727272727268,0.18181818181818185,1.6363636363636362,12.09090909090909,4.545454545454546,4,2,5,13.545454545454545,2.0,0.09090909090909093,1.1818181818181817,1,1,-1,-1
114,F1,03/11/2018,Nice,Amiens,2,12.727272727272727,2.636363636363636,4,6,5,12.454545454545455,2.3636363636363638,0.09090909090909093,0.7272727272727273,10.272727272727273,3.3636363636363638,3,1,7,14.0,1.2727272727272727,1.0,1.0909090909090908,-2,2,-1,-1
115,F1,03/11/2018,Reims,Monaco,2,9.363636363636363,2.6363636363636367,3,9,3,13.636363636363635,1.5454545454545454,0.09090909090909093,0.6363636363636365,11.818181818181815,3.727272727272727,1,4,6,13.454545454545453,1.7272727272727273,1.0909090909090908,1.0909090909090908,0,1,-3,-3
116,F1,03/11/2018,Strasbourg,Toulouse,1,10.18181818181818,4.363636363636363,4,7,3,12.909090909090908,1.7272727272727273,0.0,1.7272727272727273,10.090909090909092,3.3636363636363638,3,4,4,14.636363636363635,1.818181818181818,2.0,0.9090909090909092,3,-1,-2,-1
117,F1,04/11/2018,Montpellier,Marseille,2,13.545454545454545,4.636363636363637,6,7,1,13.999999999999998,2.0,0.18181818181818185,1.5454545454545454,12.818181818181815,4.454545454545454,6,1,4,11.454545454545455,1.9090909090909087,1.0909090909090908,2.0000000000000004,3,3,-1,1
118,F1,04/11/2018,Nantes,Guingamp,2,13.363636363636365,4.090909090909091,3,8,5,12.272727272727273,2.1818181818181817,0.09090909090909093,1.2727272727272727,11.090909090909092,3.4545454545454537,1,4,6,11.363636363636365,1.2727272727272725,1.0909090909090908,0.6363636363636365,1,1,-1,1
119,F1,04/11/2018,St Etienne,Angers,2,12.636363636363635,4.181818181818182,4,8,2,11.09090909090909,1.6363636363636362,0.09090909090909093,1.1818181818181817,13.181818181818182,4.454545454545453,3,3,5,11.636363636363635,1.3636363636363635,0.18181818181818185,1.1818181818181817,1,-1,-2,2
120,F1,09/11/2018,Lille,Strasbourg,1,12.916666666666664,5.166666666666667,8,6,3,13.0,1.6666666666666667,0.08333333333333333,1.7499999999999998,10.833333333333332,4.166666666666666,4,5,3,12.5,1.7500000000000002,0.0,1.6666666666666663,1,-1,3,-1
121,F1,10/11/2018,Angers,Montpellier,2,12.916666666666664,4.583333333333334,3,8,6,11.500000000000002,1.3333333333333333,0.16666666666666666,1.3333333333333333,13.583333333333332,4.75,7,4,1,13.833333333333336,1.8333333333333333,2.0,1.6666666666666667,-2,-1,4,3
122,F1,10/11/2018,Guingamp,Lyon,0,10.500000000000002,3.1666666666666665,1,9,7,11.5,1.3333333333333333,0.16666666666666666,0.5833333333333333,16.583333333333332,6.000000000000001,6,3,3,11.500000000000002,1.6666666666666663,2.0,1.5833333333333333,0,-1,1,1
123,F1,10/11/2018,Nimes,Nice,0,13.0,4.416666666666666,3,10,4,12.666666666666664,1.7499999999999998,0.16666666666666666,1.4999999999999998,12.25,2.75,5,2,5,12.083333333333332,2.2500000000000004,0.08333333333333333,0.7500000000000001,0,1,1,1
124,F1,10/11/2018,St Etienne,Reims,2,13.083333333333336,4.583333333333332,5,8,2,10.833333333333336,1.583333333333333,0.08333333333333333,1.4166666666666663,9.25,2.75,4,5,3,13.5,1.4166666666666667,1.0833333333333333,0.6666666666666666,2,-1,1,1
125,F1,10/11/2018,Toulouse,Amiens,0,9.666666666666666,3.25,3,8,4,13.750000000000002,1.7499999999999998,0.16666666666666666,0.9166666666666669,10.500000000000002,3.666666666666666,3,1,8,13.583333333333336,1.1666666666666667,1.0,1.0,-2,-1,-1,-2
126,F1,11/11/2018,Bordeaux,Caen,1,12.499999999999998,4.416666666666667,4,7,5,13.750000000000002,1.9166666666666663,0.08333333333333333,1.1666666666666667,9.0,2.6666666666666665,2,5,5,15.166666666666664,2.0000000000000004,1.1666666666666667,0.9166666666666669,-1,-1,-1,-2
127,F1,11/11/2018,Marseille,Dijon,2,12.666666666666664,4.250000000000001,6,7,5,11.666666666666664,2.0,0.16666666666666666,1.8333333333333333,14.083333333333332,4.0,3,2,7,15.583333333333332,1.5833333333333333,0.08333333333333333,1.0,-1,-1,-5,-2
128,F1,11/11/2018,Monaco,Paris SG,0,11.249999999999998,3.5,1,9,7,13.666666666666668,1.8333333333333333,0.25,1.0000000000000002,14.583333333333332,6.750000000000003,12,0,0,12.75,1.5833333333333337,1.0833333333333333,3.416666666666666,-3,-4,7,5
129,F1,11/11/2018,Rennes,Nantes,1,13.0,4.5,4,8,5,13.916666666666664,1.2500000000000002,0.08333333333333333,1.2500000000000002,13.833333333333336,4.583333333333333,4,3,5,12.083333333333336,2.0,1.0,1.5833333333333337,-1,2,2,1
130,F1,23/11/2018,Lyon,St Etienne,2,16.769230769230766,6.000000000000003,7,8,3,12.000000000000002,1.6923076923076918,0.15384615384615385,1.7692307692307692,13.153846153846152,4.615384615384616,6,5,2,10.769230769230768,1.6923076923076923,1.0,1.4615384615384617,1,2,3,-1
131,F1,24/11/2018,Caen,Monaco,0,8.999999999999998,2.538461538461539,2,11,5,15.076923076923075,2.0769230769230766,0.2307692307692308,0.8461538461538463,11.538461538461537,3.3846153846153846,1,4,8,13.769230769230768,1.6923076923076923,2.0769230769230766,0.923076923076923,-1,-2,-4,-4
132,F1,24/11/2018,Dijon,Bordeaux,1,13.692307692307697,3.9230769230769234,3,7,8,15.692307692307693,1.6153846153846154,0.07692307692307693,0.923076923076923,12.769230769230768,4.538461538461538,4,4,5,13.615384615384615,2.0769230769230766,0.07692307692307693,1.0769230769230769,-5,-3,-1,-1
133,F1,24/11/2018,Nantes,Angers,1,13.307692307692307,4.461538461538462,4,9,5,12.461538461538465,2.0769230769230766,0.07692307692307693,1.5384615384615383,12.692307692307693,4.461538461538462,4,3,6,11.846153846153848,1.3076923076923077,0.15384615384615385,1.3076923076923077,2,1,1,-1
134,F1,24/11/2018,Paris SG,Toulouse,2,14.538461538461537,6.9230769230769225,13,6,0,12.53846153846154,1.4615384615384612,0.15384615384615385,3.4615384615384617,10.692307692307693,3.461538461538461,3,5,5,13.53846153846154,1.846153846153846,2.0,0.8461538461538459,7,6,-3,-1
135,F1,24/11/2018,Reims,Guingamp,2,9.615384615384617,2.769230769230769,4,10,4,14.076923076923075,1.3846153846153844,0.15384615384615385,0.6153846153846154,10.384615384615383,3.0769230769230766,1,4,8,11.615384615384615,1.3076923076923077,1.0769230769230769,0.6923076923076924,1,-1,-1,-1
136,F1,24/11/2018,Strasbourg,Nimes,0,10.307692307692307,3.9230769230769234,4,9,3,12.615384615384615,1.7692307692307692,0.0,1.5384615384615383,12.615384615384615,4.307692307692308,3,5,5,12.538461538461537,1.9230769230769231,1.2307692307692308,1.3846153846153846,3,-1,-1,1
137,F1,25/11/2018,Amiens,Marseille,0,10.23076923076923,3.5384615384615383,4,7,8,13.692307692307693,1.1538461538461535,0.07692307692307693,1.0,12.923076923076925,4.153846153846153,7,1,5,11.46153846153846,1.8461538461538465,1.0769230769230769,1.8461538461538465,0,1,1,-1
138,F1,25/11/2018,Montpellier,Rennes,1,13.307692307692307,4.615384615384615,7,8,2,13.769230769230768,1.8461538461538465,0.15384615384615385,1.5384615384615388,13.076923076923075,4.461538461538462,4,4,5,14.0,1.4615384615384617,1.0,1.2307692307692306,1,-1,-1,2
139,F1,25/11/2018,Nice,Lille,2,12.307692307692307,3.1538461538461537,6,7,5,12.384615384615385,2.4615384615384617,0.07692307692307693,0.7692307692307692,13.615384615384615,5.384615384615384,8,2,3,12.692307692307693,1.5384615384615383,1.0,1.6153846153846154,1,2,1,-1
140,F1,30/11/2018,St Etienne,Nantes,2,13.357142857142858,4.5,6,9,3,11.142857142857142,1.7142857142857135,0.07142857142857142,1.3571428571428568,14.071428571428573,4.714285714285714,4,5,5,12.499999999999998,2.071428571428571,1.0,1.4999999999999998,3,-2,2,1
141,F1,01/12/2018,Angers,Caen,1,12.285714285714285,4.2142857142857135,4,9,6,11.857142857142856,1.4285714285714284,0.14285714285714285,1.2857142857142854,8.999999999999998,2.4285714285714293,2,6,6,15.142857142857142,2.071428571428571,1.1428571428571428,0.7857142857142856,1,-1,-2,-2
142,F1,01/12/2018,Guingamp,Nice,1,10.071428571428571,3.1428571428571423,1,10,9,11.499999999999998,1.5,0.14285714285714285,0.7142857142857142,12.214285714285715,3.214285714285713,7,2,5,12.214285714285715,2.3571428571428568,0.07142857142857142,0.857142857142857,-1,-2,2,2
143,F1,01/12/2018,Lille,Lyon,1,13.285714285714285,5.142857142857143,8,8,4,13.071428571428573,1.714285714285714,0.07142857142857142,1.4999999999999998,16.5,5.642857142857142,8,3,3,11.857142857142858,1.6428571428571426,2.071428571428572,1.7142857142857142,1,-2,2,2
144,F1,01/12/2018,Monaco,Montpellier,0,11.428571428571427,3.4285714285714284,2,10,8,14.214285714285715,1.7857142857142854,0.21428571428571427,0.9285714285714284,13.428571428571427,4.571428571428571,7,5,2,13.714285714285715,1.928571428571428,2.0,1.5714285714285712,-1,1,1,-1
145,F1,01/12/2018,Nimes,Amiens,2,12.714285714285715,4.2142857142857135,4,11,5,12.214285714285715,1.857142857142857,0.2857142857142857,1.357142857142857,10.142857142857142,3.5,4,1,9,13.714285714285712,1.2142857142857142,1.0,0.9999999999999998,-1,2,-1,1
146,F1,02/12/2018,Bordeaux,Paris SG,1,12.642857142857142,4.214285714285714,4,9,5,13.500000000000002,2.0,0.07142857142857142,1.0,14.142857142857142,6.571428571428571,14,0,0,12.5,1.357142857142857,1.0714285714285714,3.2857142857142856,-1,-1,8,6
147,F1,02/12/2018,Marseille,Reims,1,13.5,4.5,8,8,5,11.428571428571427,1.857142857142857,0.14285714285714285,1.928571428571428,9.642857142857146,2.7857142857142856,5,5,4,13.928571428571427,1.3571428571428568,1.0714285714285714,0.7142857142857142,1,1,2,-1
148,F1,02/12/2018,Rennes,Strasbourg,0,13.285714285714285,4.642857142857143,4,10,5,14.142857142857142,1.4285714285714286,0.07142857142857142,1.2857142857142854,10.428571428571429,3.928571428571429,4,6,4,12.571428571428573,1.8571428571428568,0.07142857142857142,1.4285714285714284,-1,2,-1,0
149,F1,02/12/2018,Toulouse,Dijon,1,10.714285714285714,3.4285714285714284,3,9,6,13.214285714285715,1.714285714285714,0.14285714285714285,0.7857142857142856,13.714285714285712,3.928571428571429,3,3,8,15.857142857142858,1.6428571428571426,0.07142857142857142,0.857142857142857,-3,-2,-5,-3
150,F1,04/12/2018,Amiens,Monaco,0,10.066666666666666,3.4,4,8,10,13.599999999999998,1.4,0.06666666666666668,0.9333333333333332,11.533333333333333,3.333333333333333,2,4,9,13.666666666666664,1.6666666666666663,2.0666666666666664,0.9333333333333332,-1,-1,-2,1
151,F1,04/12/2018,Montpellier,Lille,0,13.533333333333333,4.466666666666667,8,10,2,14.133333333333335,1.7999999999999998,0.13333333333333333,1.6,13.266666666666666,5.200000000000001,8,3,4,13.133333333333333,1.7333333333333332,1.0,1.5333333333333332,0,1,1,-2
152,F1,04/12/2018,Nice,Angers,1,12.066666666666665,3.0666666666666664,7,8,5,12.133333333333333,2.266666666666667,0.06666666666666668,0.7999999999999999,12.2,4.2,4,5,6,12.066666666666665,1.4,0.13333333333333333,1.2666666666666666,2,2,1,-1
153,F1,05/12/2018,Bordeaux,St Etienne,2,12.999999999999998,4.2,4,10,5,13.4,1.933333333333333,0.06666666666666668,1.0666666666666669,13.533333333333333,4.466666666666667,7,5,3,11.466666666666665,1.6666666666666663,1.0,1.4666666666666666,-1,-1,4,-2
154,F1,05/12/2018,Caen,Nimes,0,8.933333333333332,2.4666666666666672,2,12,6,14.666666666666668,2.0666666666666664,0.2,0.7999999999999999,12.733333333333334,4.4,5,5,5,12.066666666666665,1.7999999999999998,1.2,1.4666666666666666,-2,-2,1,1
155,F1,05/12/2018,Dijon,Guingamp,2,13.733333333333333,4.0,3,9,8,15.933333333333332,1.7333333333333332,0.06666666666666668,0.9333333333333332,10.2,3.0666666666666664,1,5,9,11.133333333333333,1.4666666666666666,1.0666666666666669,0.6666666666666666,-5,-3,-1,-2
156,F1,05/12/2018,Lyon,Rennes,0,16.6,5.6000000000000005,8,9,3,11.599999999999998,1.6,0.2,1.7333333333333332,13.2,4.466666666666667,4,5,6,13.73333333333333,1.5333333333333332,1.0,1.2666666666666666,2,2,-2,2
157,F1,05/12/2018,Nantes,Marseille,2,13.6,4.466666666666667,4,11,6,12.799999999999995,2.0666666666666664,0.06666666666666668,1.4,13.666666666666664,4.533333333333333,8,2,5,11.733333333333333,1.8666666666666665,1.0666666666666669,1.7999999999999998,1,-1,1,1
158,F1,05/12/2018,Reims,Toulouse,0,9.8,2.8666666666666667,5,11,4,13.8,1.3333333333333333,0.13333333333333333,0.6666666666666666,10.8,3.4,3,6,6,13.133333333333335,1.6666666666666663,2.066666666666667,0.8666666666666666,2,-1,-3,-2
159,F1,05/12/2018,Strasbourg,Paris SG,1,10.666666666666668,4.2,5,10,4,12.4,1.7999999999999998,0.06666666666666668,1.6,13.799999999999995,6.2666666666666675,14,1,0,12.466666666666667,1.4,1.0666666666666669,3.2,-1,1,8,6
160,F1,08/12/2018,Guingamp,Amiens,0,10.875,3.4375,1,12,10,11.5,1.4375,0.125,0.6875,10.375,3.3125,4,1,11,14.0625,1.4375,1.0625,0.875,-1,-3,-2,-1
161,F1,08/12/2018,Rennes,Dijon,2,13.0,4.3125,5,11,6,13.625,1.4375,0.0625,1.3125,13.4375,3.9375,4,4,8,16.125,2.0,0.125,1.0,-2,3,1,-1
162,F1,09/12/2018,Lille,Reims,1,13.25,5.25,9,10,4,12.9375,1.75,0.0625,1.5,10.5625,3.125,5,6,5,13.875,1.4375,1.0625,0.625,0,1,-1,0
163,F1,09/12/2018,Strasbourg,Caen,1,10.25,4.0625,5,11,4,12.375,1.8125,0.0625,1.5625,9.0625,2.5,2,7,7,14.9375,2.0,1.125,0.8125,-1,1,-3,-2
164,F1,15/12/2018,Reims,Strasbourg,2,10.411764705882351,3.117647058823529,5,12,5,14.470588235294118,1.5294117647058825,0.1176470588235294,0.6470588235294118,10.235294117647056,4.0588235294117645,5,8,4,12.294117647058822,1.7647058823529411,0.05882352941176471,1.5882352941176472,-1,0,-1,1
165,F1,16/12/2018,Lyon,Monaco,2,16.5,5.75,8,9,4,11.75,1.5625,0.1875,1.625,11.1875,3.375,3,4,9,13.875,1.75,2.0625,1.0,-1,0,-2,2
166,F1,16/12/2018,Nice,St Etienne,1,12.3125,3.1875,7,9,5,12.0,2.3125,0.0625,0.75,13.5625,4.4375,7,5,4,11.5,1.75,1.0,1.5,2,2,4,-3
167,F1,16/12/2018,Nimes,Lille,0,13.375,4.5625,6,12,5,12.1875,1.875,0.25,1.5,13.176470588235295,5.117647058823528,9,4,4,13.0,1.7058823529411766,1.0,1.4705882352941178,1,2,0,1
168,F1,18/12/2018,Caen,Toulouse,2,8.823529411764708,2.529411764705882,2,13,7,14.823529411764708,1.9411764705882355,0.1764705882352941,0.8823529411764707,10.5625,3.375,4,6,6,13.6875,1.9375,3.0625,0.875,-3,-2,0,1
169,F1,22/12/2018,Angers,Marseille,1,11.9375,4.0625,4,11,6,12.375,1.375,0.1875,1.1875,13.3125,4.4375,8,2,6,11.6875,1.8125,1.0625,1.8125,1,-1,0,-1
170,F1,22/12/2018,Lille,Toulouse,0,12.833333333333336,5.166666666666666,10,12,4,12.944444444444445,1.777777777777778,0.1111111111111111,1.5555555555555558,10.352941176470589,3.294117647058824,4,6,7,14.470588235294116,1.9411764705882355,3.0588235294117645,0.8823529411764707,0,2,0,-1
171,F1,22/12/2018,Monaco,Guingamp,0,10.764705882352938,3.2352941176470584,3,12,10,13.588235294117649,1.7647058823529411,0.2352941176470588,0.9411764705882354,11.176470588235292,3.3529411764705883,1,5,11,11.764705882352944,1.4117647058823528,1.1176470588235294,0.7058823529411765,0,-1,-2,-3
172,F1,22/12/2018,Montpellier,Lyon,1,13.6875,4.4375,8,10,3,14.1875,1.8125,0.125,1.5,16.764705882352942,6.0588235294117645,9,4,4,11.882352941176471,1.5294117647058825,2.0588235294117645,1.7058823529411766,-1,1,1,0
173,F1,22/12/2018,Paris SG,Nantes,2,14.1875,6.1875,14,8,0,12.5625,1.5,0.125,3.0625,13.4375,4.4375,5,5,6,13.0,1.9375,1.0,1.5,8,6,2,-1
174,F1,22/12/2018,Reims,Caen,1,10.5,3.2222222222222214,6,12,5,14.722222222222221,1.5000000000000004,0.1111111111111111,0.7222222222222223,9.055555555555557,2.7777777777777777,3,8,7,14.833333333333332,1.9444444444444449,1.1111111111111112,0.9444444444444444,1,0,1,0
175,F1,22/12/2018,Rennes,Nimes,2,13.47058823529412,4.647058823529411,6,11,6,13.411764705882351,1.4117647058823528,0.05882352941176471,1.3529411764705883,13.58823529411765,4.647058823529411,6,5,6,12.705882352941178,1.9411764705882355,1.1764705882352942,1.5294117647058825,1,1,-1,1
176,F1,22/12/2018,St Etienne,Dijon,2,13.411764705882351,4.4117647058823515,7,11,4,11.999999999999998,1.823529411764706,0.1176470588235294,1.4705882352941178,13.058823529411766,3.8823529411764697,4,4,9,16.11764705882353,2.0,0.1176470588235294,0.9411764705882354,4,-3,1,-2
177,F1,22/12/2018,Strasbourg,Nice,2,9.944444444444443,4.0,5,13,5,12.499999999999998,1.7222222222222223,0.05555555555555555,1.5555555555555558,12.941176470588234,3.4117647058823533,7,5,5,11.647058823529413,2.294117647058824,0.1176470588235294,0.7647058823529412,0,-1,2,2
178,F1,23/12/2018,Bordeaux,Amiens,1,13.0,4.25,5,10,5,13.375,1.9375,0.0625,1.1875,10.411764705882351,3.294117647058824,5,1,11,14.117647058823533,1.5882352941176472,1.0588235294117647,0.9411764705882354,1,0,-1,1
179,F1,08/01/2019,Amiens,Angers,1,10.277777777777779,3.333333333333333,5,10,11,13.888888888888891,1.6111111111111112,0.1111111111111111,0.9444444444444446,12.117647058823529,4.0588235294117645,4,7,6,12.176470588235295,1.3529411764705883,1.1176470588235294,1.1764705882352942,-1,1,1,-1
180,F1,08/01/2019,Nantes,Montpellier,2,13.294117647058822,4.294117647058823,5,12,7,12.882352941176471,1.823529411764706,0.05882352941176471,1.4117647058823528,13.647058823529413,4.4117647058823515,8,6,3,14.52941176470588,1.823529411764706,2.0,1.4705882352941178,2,-2,-1,1
181,F1,11/01/2019,Caen,Lille,0,8.947368421052632,2.736842105263157,3,14,7,14.89473684210526,2.0,0.15789473684210525,1.0,13.05263157894737,5.157894736842105,10,4,5,12.842105263157894,1.8421052631578945,2.0,1.5263157894736838,1,0,-1,2
182,F1,11/01/2019,Lyon,Reims,1,16.38888888888889,5.8888888888888875,9,10,4,11.833333333333336,1.5000000000000002,0.16666666666666666,1.6666666666666667,10.947368421052632,3.631578947368421,6,8,5,14.421052631578947,1.5789473684210529,1.0526315789473684,0.7894736842105263,1,0,1,0
183,F1,12/01/2019,Amiens,Paris SG,0,10.842105263157894,3.4210526315789465,5,11,11,13.842105263157892,1.526315789473684,0.10526315789473684,0.8947368421052628,14.705882352941178,5.999999999999999,15,2,0,12.235294117647056,1.5294117647058825,1.0588235294117647,2.9411764705882346,-1,1,9,6
184,F1,12/01/2019,Guingamp,St Etienne,0,11.055555555555555,3.333333333333334,2,13,11,11.944444444444445,1.5555555555555554,0.16666666666666666,0.7777777777777779,13.666666666666668,4.666666666666666,8,6,4,12.055555555555555,1.944444444444445,2.0,1.5555555555555558,-1,1,5,-3
185,F1,12/01/2019,Nice,Bordeaux,2,12.722222222222221,3.4444444444444438,7,11,6,11.666666666666664,2.166666666666667,0.1111111111111111,0.7222222222222223,12.764705882352938,4.235294117647058,5,7,5,13.176470588235292,1.823529411764706,0.05882352941176471,1.1764705882352942,1,-1,1,0
186,F1,13/01/2019,Dijon,Montpellier,1,12.722222222222225,3.777777777777777,4,11,10,16.166666666666668,2.055555555555556,0.1111111111111111,0.8888888888888891,13.388888888888891,4.277777777777777,8,6,4,14.222222222222221,1.8333333333333337,3.0,1.3888888888888893,1,-3,-1,-1
187,F1,13/01/2019,Marseille,Monaco,1,13.352941176470587,4.294117647058823,8,11,6,11.823529411764705,1.8823529411764708,0.1176470588235294,1.7647058823529411,10.444444444444443,3.1666666666666665,3,4,11,13.888888888888893,1.777777777777778,3.055555555555556,0.8888888888888891,0,-1,-1,-1
188,F1,13/01/2019,Nantes,Rennes,0,13.444444444444445,4.333333333333332,6,12,7,13.111111111111109,1.777777777777778,0.05555555555555555,1.4444444444444449,13.444444444444445,4.777777777777779,7,5,6,13.277777777777779,1.3888888888888888,1.0,1.5000000000000004,3,-2,2,1
189,F1,13/01/2019,Toulouse,Strasbourg,0,10.111111111111109,3.2777777777777777,5,13,7,14.666666666666664,2.055555555555556,0.2222222222222222,0.9444444444444446,10.000000000000004,4.052631578947368,6,8,5,12.63157894736842,1.7368421052631575,0.05263157894736842,1.5789473684210529,0,1,1,-1
190,F1,15/01/2019,Angers,Bordeaux,0,11.833333333333336,3.9444444444444446,4,13,6,11.888888888888893,1.3333333333333337,0.16666666666666666,1.1111111111111112,13.055555555555555,4.222222222222221,5,7,6,13.388888888888884,1.8888888888888893,0.05555555555555555,1.1111111111111112,1,-1,1,-1
191,F1,16/01/2019,Guingamp,Rennes,2,11.052631578947363,3.263157894736842,2,13,12,11.842105263157894,1.4736842105263157,0.15789473684210525,0.7368421052631579,13.052631578947365,4.578947368421051,8,5,6,13.421052631578947,1.4736842105263157,1.0,1.4736842105263157,-2,1,2,2
192,F1,16/01/2019,Monaco,Nice,1,10.315789473684212,3.1578947368421053,3,13,11,13.68421052631579,1.7368421052631575,0.21052631578947367,0.8947368421052628,12.526315789473687,3.421052631578947,8,5,6,11.947368421052635,2.1578947368421053,0.10526315789473684,0.7368421052631577,-1,-1,2,-1
193,F1,16/01/2019,Nimes,Nantes,2,13.833333333333336,4.722222222222221,6,13,7,12.722222222222221,1.9444444444444449,0.2222222222222222,1.4444444444444446,14.0,4.2631578947368425,6,5,8,13.10526315789474,1.9473684210526312,1.0,1.3684210526315788,-1,-1,-1,0
194,F1,16/01/2019,St Etienne,Marseille,2,13.157894736842106,4.526315789473684,9,12,4,12.052631578947365,1.8947368421052633,0.10526315789473684,1.526315789473684,13.388888888888893,4.2222222222222205,8,4,6,11.833333333333336,1.8888888888888893,1.0555555555555556,1.7222222222222223,1,1,0,-1
195,F1,16/01/2019,Toulouse,Lyon,1,10.473684210526317,3.3157894736842106,5,13,8,14.36842105263158,2.0,0.21052631578947367,0.9473684210526316,16.315789473684212,5.842105263157895,9,6,4,11.94736842105263,1.421052631578947,2.0526315789473686,1.6315789473684208,-1,1,1,0
196,F1,18/01/2019,Lille,Amiens,2,12.999999999999998,5.25,11,13,5,13.1,1.8,0.15000000000000002,1.6,10.500000000000002,3.3000000000000003,5,3,12,13.95,1.6,1.1,0.8500000000000002,-1,3,-2,1
197,F1,19/01/2019,Monaco,Strasbourg,0,10.45,3.2500000000000004,3,14,11,13.65,1.75,0.2,0.9000000000000001,10.1,4.1000000000000005,7,8,5,12.400000000000002,1.7000000000000004,0.05,1.6000000000000003,-1,-1,1,1
198,F1,19/01/2019,Nimes,Toulouse,0,13.631578947368427,4.578947368421053,7,13,7,12.73684210526316,1.8421052631578947,0.21052631578947367,1.4210526315789471,10.25,3.3500000000000005,5,7,8,14.249999999999998,2.1000000000000005,3.05,1.0000000000000002,1,-1,-1,1
199,F1,19/01/2019,Paris SG,Guingamp,2,15.0,6.166666666666666,16,9,0,12.444444444444445,1.4444444444444446,0.1111111111111111,2.9444444444444438,10.85,3.2000000000000006,3,5,12,11.750000000000002,1.5000000000000002,1.1,0.7999999999999999,9,7,1,0
200,F1,19/01/2019,Reims,Nice,1,10.85,3.7,6,14,5,14.049999999999995,1.55,0.1,0.8,12.2,3.35,8,6,6,11.8,2.15,1.1,0.7500000000000001,1,0,2,-1
201,F1,20/01/2019,Angers,Nantes,2,12.210526315789473,4.157894736842106,4,13,7,11.789473684210524,1.3157894736842102,0.15789473684210525,1.1052631578947365,13.85,4.2,6,5,9,13.000000000000002,1.8500000000000003,1.0,1.3,-1,0,-1,-1
202,F1,20/01/2019,Bordeaux,Dijon,2,12.842105263157894,4.2105263157894735,6,13,6,13.157894736842108,1.7894736842105257,0.05263157894736842,1.1578947368421049,12.736842105263154,3.947368421052631,4,5,10,16.42105263157895,2.052631578947368,0.10526315789473684,0.8947368421052628,0,1,1,-3
203,F1,20/01/2019,Caen,Marseille,0,8.95,2.75,3,14,8,14.85,2.0500000000000003,0.15000000000000002,1.0000000000000002,13.473684210526311,4.2105263157894735,8,4,7,11.947368421052632,1.7894736842105257,1.0526315789473684,1.6842105263157892,-1,0,0,-2
204,F1,20/01/2019,Rennes,Montpellier,1,13.25,4.500000000000001,8,13,7,13.45,1.5499999999999998,0.05,1.4500000000000002,13.36842105263158,4.3684210526315805,8,7,4,14.21052631578947,1.7368421052631575,3.0,1.3684210526315788,0,-1,-1,-1
205,F1,20/01/2019,St Etienne,Lyon,0,13.050000000000002,4.550000000000002,10,12,4,12.1,1.8,0.1,1.5500000000000005,16.6,5.8,9,7,4,11.85,1.5000000000000004,2.05,1.6500000000000004,2,1,1,0
206,F1,23/01/2019,Nimes,Angers,2,13.85,4.649999999999999,7,13,8,12.95,1.9,0.2,1.3500000000000003,11.8,4.1,5,8,7,11.649999999999995,1.3500000000000003,1.1,1.1000000000000003,-1,0,1,0
207,F1,25/01/2019,Marseille,Lille,0,13.25,4.05,9,14,7,12.150000000000002,1.85,0.1,1.6500000000000004,13.190476190476193,5.1428571428571415,12,4,5,12.857142857142858,1.7142857142857144,3.0,1.6190476190476186,0,1,1,1
208,F1,26/01/2019,Dijon,Monaco,2,12.599999999999996,3.9,4,13,11,16.25,2.1,0.15000000000000002,0.85,10.380952380952381,3.333333333333333,3,6,12,13.61904761904762,1.857142857142857,3.095238095238095,0.9047619047619048,1,-4,-2,-1
209,F1,26/01/2019,Guingamp,Reims,0,10.428571428571429,3.0476190476190474,3,14,13,11.523809523809524,1.4285714285714288,0.14285714285714285,0.7619047619047619,10.809523809523812,3.6190476190476186,6,10,5,14.142857142857142,1.4761904761904758,1.0476190476190477,0.8095238095238095,1,-1,1,0
210,F1,26/01/2019,Nice,Nimes,2,12.047619047619047,3.428571428571429,8,13,6,11.714285714285715,2.1904761904761907,0.14285714285714285,0.7619047619047621,13.904761904761903,4.7142857142857135,8,5,8,12.904761904761903,1.857142857142857,1.1428571428571428,1.4285714285714286,2,-1,1,0
211,F1,26/01/2019,Strasbourg,Bordeaux,2,10.380952380952381,4.190476190476192,8,15,5,12.23809523809524,1.7142857142857144,0.09523809523809523,1.761904761904762,12.85,4.25,7,7,6,13.1,1.8500000000000003,0.05,1.1500000000000004,1,2,1,1
212,F1,27/01/2019,Amiens,Lyon,0,10.095238095238095,3.1904761904761907,5,12,13,14.142857142857142,1.6666666666666663,0.14285714285714285,0.8571428571428572,16.9047619047619,5.857142857142858,10,7,4,11.619047619047615,1.5238095238095242,2.0476190476190474,1.666666666666667,-1,-1,1,1
213,F1,27/01/2019,Montpellier,Caen,2,13.35,4.300000000000002,8,14,4,14.4,1.7500000000000004,0.15000000000000002,1.3000000000000005,8.952380952380953,2.80952380952381,3,9,9,15.047619047619044,2.238095238095238,1.1428571428571432,0.9523809523809524,-1,-1,-2,0
214,F1,27/01/2019,Paris SG,Rennes,2,15.578947368421053,6.473684210526318,17,9,0,12.36842105263158,1.4210526315789471,0.10526315789473684,3.2631578947368425,13.380952380952385,4.333333333333334,8,6,7,13.428571428571427,1.5714285714285712,1.0,1.380952380952381,10,7,0,-1
215,F1,27/01/2019,Toulouse,Angers,1,10.285714285714288,3.3809523809523814,6,15,8,14.190476190476193,2.0476190476190474,0.19047619047619047,0.9999999999999998,11.761904761904766,4.095238095238094,5,8,8,11.523809523809526,1.3809523809523814,1.0952380952380951,1.0952380952380956,-1,2,1,-1
216,F1,30/01/2019,Nantes,St Etienne,1,13.809523809523807,4.19047619047619,6,14,10,13.333333333333336,1.9047619047619049,0.047619047619047616,1.238095238095238,13.142857142857142,4.761904761904763,10,6,5,12.38095238095238,1.809523809523809,2.0,1.5238095238095242,-1,-2,-1,0
217,F1,01/02/2019,Lille,Nice,2,13.000000000000002,5.045454545454546,13,14,5,12.59090909090909,1.7727272727272718,0.13636363636363635,1.6363636363636358,12.18181818181818,3.59090909090909,9,7,6,11.636363636363637,2.136363636363636,1.0909090909090908,0.8181818181818181,1,2,3,-1
218,F1,02/02/2019,Angers,Dijon,2,11.818181818181815,4.045454545454544,5,15,8,11.499999999999998,1.363636363636363,0.13636363636363635,1.0454545454545452,12.61904761904762,4.047619047619048,5,5,11,16.19047619047619,2.142857142857143,1.0952380952380951,0.9047619047619048,1,-1,2,-4
219,F1,02/02/2019,Monaco,Toulouse,2,10.727272727272725,3.4090909090909083,3,15,13,13.40909090909091,1.863636363636363,0.2727272727272728,0.8636363636363635,10.454545454545457,3.4090909090909074,6,8,8,14.136363636363635,2.0,3.0454545454545454,0.9545454545454544,-2,-2,-1,2
220,F1,02/02/2019,Reims,Marseille,2,10.636363636363637,3.5909090909090904,7,16,5,14.090909090909088,1.4999999999999996,0.09090909090909093,0.8181818181818181,13.333333333333332,4.095238095238095,9,4,8,12.238095238095234,2.0,1.0952380952380951,1.6190476190476193,1,1,-1,1
221,F1,02/02/2019,Rennes,Amiens,2,13.227272727272727,4.272727272727273,8,15,8,13.136363636363635,1.5909090909090904,0.045454545454545456,1.3636363636363635,10.181818181818183,3.136363636363636,5,3,14,14.272727272727275,1.6363636363636362,1.0909090909090908,0.818181818181818,0,-2,-2,-1
222,F1,03/02/2019,Lyon,Paris SG,2,16.954545454545453,6.090909090909091,11,14,4,11.772727272727273,1.5909090909090904,0.13636363636363635,1.6363636363636358,15.6,6.499999999999999,18,2,0,12.15,1.4,1.05,3.3,1,2,11,7
223,F1,03/02/2019,Nimes,Montpellier,1,13.90909090909091,4.818181818181817,8,14,9,12.909090909090912,1.9090909090909085,0.18181818181818185,1.363636363636363,13.238095238095234,4.3809523809523805,9,8,4,14.428571428571427,1.7142857142857146,3.0,1.3333333333333337,1,-1,1,-1
224,F1,05/02/2019,Marseille,Bordeaux,2,13.318181818181815,4.136363636363635,9,15,9,12.363636363636365,1.9090909090909085,0.13636363636363635,1.5909090909090908,12.761904761904766,4.095238095238096,7,7,7,13.333333333333336,1.8571428571428568,0.047619047619047616,1.0952380952380956,-1,-1,1,-1
225,F1,08/02/2019,Dijon,Marseille,0,12.363636363636365,3.9545454545454537,5,14,12,15.954545454545455,2.045454545454545,0.13636363636363635,0.8636363636363638,13.782608695652172,4.2608695652173925,10,4,9,12.608695652173916,1.9565217391304344,1.0869565217391304,1.5652173913043474,2,-5,1,-1
226,F1,09/02/2019,Amiens,Caen,2,10.086956521739133,3.0434782608695654,5,13,15,14.173913043478265,1.6956521739130432,0.13043478260869565,0.7826086956521738,8.954545454545453,2.727272727272726,3,9,10,15.136363636363635,2.1818181818181808,1.1363636363636362,0.9090909090909092,-2,-2,-2,-1
227,F1,09/02/2019,Paris SG,Bordeaux,2,15.61904761904762,6.6190476190476195,18,10,1,12.142857142857142,1.4285714285714288,0.09523809523809523,3.19047619047619,12.454545454545455,3.954545454545453,7,7,8,13.318181818181818,1.8636363636363635,1.0454545454545454,1.0454545454545454,2,-1,1,-2
228,F1,09/02/2019,Strasbourg,Angers,0,10.363636363636363,4.227272727272727,9,15,5,12.545454545454545,1.7272727272727266,0.09090909090909093,1.7272727272727268,11.82608695652174,4.086956521739131,6,9,8,11.608695652173918,1.3043478260869563,1.0869565217391304,1.043478260869565,2,2,2,-1
229,F1,10/02/2019,Guingamp,Lille,0,10.227272727272727,3.0,3,14,14,11.545454545454545,1.4090909090909087,0.18181818181818185,0.7272727272727274,13.086956521739134,5.130434782608695,14,4,5,12.73913043478261,1.7826086956521734,3.0,1.7391304347826082,-1,-1,2,2
230,F1,10/02/2019,Montpellier,Monaco,1,13.136363636363635,4.3636363636363615,9,15,4,14.818181818181815,1.6818181818181812,0.13636363636363635,1.318181818181818,10.826086956521738,3.391304347826088,4,6,13,13.304347826086955,1.869565217391304,4.086956521739131,0.9130434782608692,1,-1,1,-1
231,F1,10/02/2019,Nantes,Nimes,0,13.772727272727273,4.136363636363637,6,15,10,13.272727272727273,1.9090909090909087,0.09090909090909093,1.227272727272727,13.82608695652174,4.826086956521738,8,6,9,13.217391304347828,1.9130434782608692,1.1304347826086956,1.3478260869565215,-1,-2,1,-1
232,F1,10/02/2019,Nice,Lyon,2,11.869565217391305,3.5217391304347823,9,14,7,11.434782608695654,2.043478260869565,0.17391304347826084,0.7826086956521736,16.826086956521742,6.2608695652173925,12,7,4,11.695652173913045,1.5652173913043472,2.0434782608695654,1.6521739130434778,3,-2,2,2
233,F1,10/02/2019,Rennes,St Etienne,2,13.304347826086955,4.260869565217392,9,15,8,13.043478260869565,1.5652173913043474,0.043478260869565216,1.347826086956521,13.0,4.727272727272727,10,7,5,12.363636363636365,1.7727272727272725,3.0,1.4999999999999996,1,-2,-1,0
234,F1,10/02/2019,Toulouse,Reims,1,10.434782608695652,3.391304347826087,6,17,9,14.217391304347828,2.043478260869565,0.17391304347826084,0.9565217391304344,10.56521739130435,3.608695652173913,8,10,5,13.956521739130435,1.5652173913043472,1.0434782608695652,0.8695652173913042,0,-1,2,1
235,F1,13/02/2019,Caen,Nantes,0,9.043478260869565,2.7826086956521734,3,16,11,15.086956521739127,2.08695652173913,0.17391304347826084,0.8695652173913042,13.826086956521735,4.130434782608696,6,6,11,13.130434782608695,1.869565217391304,1.0434782608695652,1.2608695652173911,-2,-2,-2,-2
236,F1,13/02/2019,St Etienne,Strasbourg,2,13.08695652173913,4.6521739130434785,10,14,6,12.17391304347826,1.869565217391304,0.17391304347826084,1.434782608695652,10.608695652173912,4.3478260869565215,9,8,6,12.60869565217391,1.7391304347826082,1.0434782608695652,1.6956521739130432,-1,-1,-1,0
237,F1,15/02/2019,Lyon,Guingamp,2,17.08333333333333,6.208333333333332,12,15,5,11.75,1.5833333333333333,0.125,1.5833333333333333,10.08695652173913,2.9130434782608687,3,5,15,11.695652173913047,1.4347826086956519,1.1304347826086956,0.6956521739130435,1,-1,-2,-1
238,F1,15/02/2019,Nimes,Dijon,2,13.791666666666664,4.791666666666667,9,16,9,13.125,1.9166666666666663,0.16666666666666666,1.4583333333333337,12.260869565217394,3.9565217391304346,5,5,13,15.739130434782608,2.08695652173913,1.0869565217391304,0.8695652173913041,0,1,-1,-1
239,F1,16/02/2019,Angers,Nice,2,11.666666666666664,4.041666666666667,7,16,8,11.666666666666668,1.3749999999999998,0.125,1.083333333333333,11.833333333333336,3.5416666666666665,10,7,7,11.249999999999998,2.041666666666667,2.083333333333333,0.7916666666666666,1,1,4,-2
240,F1,16/02/2019,Marseille,Amiens,2,13.958333333333336,4.416666666666667,11,16,9,12.541666666666664,2.0,0.125,1.5833333333333337,10.083333333333334,2.9583333333333326,6,3,15,14.083333333333332,1.625,1.0833333333333337,0.7916666666666665,1,1,1,-1
241,F1,16/02/2019,Monaco,Nantes,2,10.791666666666664,3.458333333333333,4,16,13,13.583333333333336,2.0416666666666665,0.29166666666666663,0.9583333333333334,13.791666666666664,4.125,7,6,11,13.041666666666668,1.9166666666666663,2.041666666666667,1.25,1,-1,-1,1
242,F1,17/02/2019,Bordeaux,Toulouse,2,12.26086956521739,3.9130434782608696,7,16,9,13.65217391304348,1.9130434782608692,0.08695652173913042,1.0,10.375,3.375,6,9,9,14.374999999999998,2.041666666666667,3.0416666666666665,0.9583333333333331,1,-3,0,-1
243,F1,17/02/2019,Caen,Strasbourg,1,9.25,2.708333333333333,3,16,12,15.166666666666664,2.1666666666666665,0.16666666666666666,0.8333333333333334,10.541666666666664,4.25,9,8,7,13.25,1.875,1.0416666666666667,1.6666666666666663,-3,-2,-1,-1
244,F1,17/02/2019,Lille,Montpellier,1,12.916666666666664,5.041666666666668,15,15,5,12.666666666666668,1.75,0.125,1.7499999999999998,13.08695652173913,4.304347826086956,9,10,4,14.869565217391305,1.6521739130434778,3.0,1.3478260869565215,2,3,1,-1
245,F1,17/02/2019,Reims,Rennes,2,10.499999999999998,3.583333333333334,8,17,5,13.916666666666664,1.6666666666666667,0.08333333333333333,0.8749999999999999,13.374999999999998,4.291666666666666,10,6,8,12.791666666666664,1.5,1.0,1.4166666666666672,2,1,2,-2
246,F1,17/02/2019,St Etienne,Paris SG,0,13.000000000000002,4.708333333333333,11,14,6,12.125000000000002,1.7916666666666667,0.16666666666666666,1.4583333333333337,15.363636363636358,6.454545454545456,19,2,1,12.227272727272725,1.5,1.0454545454545454,3.09090909090909,1,-1,3,-1
247,F1,20/02/2019,Bordeaux,Guingamp,1,12.083333333333336,3.916666666666666,8,16,9,13.666666666666664,1.9166666666666663,0.08333333333333333,1.0416666666666667,10.250000000000002,2.916666666666667,3,5,16,11.624999999999998,1.4166666666666663,1.1250000000000002,0.7083333333333334,2,-3,-2,-2
248,F1,20/02/2019,Paris SG,Montpellier,2,15.173913043478265,6.304347826086954,20,11,1,12.478260869565215,1.6521739130434778,0.08695652173913042,3.0000000000000013,12.874999999999998,4.208333333333333,9,11,4,14.750000000000002,1.7083333333333333,3.0,1.2916666666666667,1,1,1,-1
249,F1,22/02/2019,Dijon,St Etienne,0,12.249999999999995,3.875,5,15,14,15.791666666666668,2.208333333333333,0.16666666666666666,0.8333333333333334,12.919999999999998,4.600000000000001,11,7,7,11.96,1.7600000000000002,4.0,1.4000000000000004,-1,-2,-1,0
250,F1,22/02/2019,Strasbourg,Lille,1,10.720000000000002,4.200000000000001,9,17,7,13.240000000000002,1.9200000000000004,0.08,1.6000000000000003,12.88,4.960000000000002,15,5,5,12.560000000000002,1.8000000000000007,3.0,1.6800000000000004,-1,-1,2,3
251,F1,23/02/2019,Amiens,Nice,2,10.080000000000002,2.9200000000000013,6,14,16,14.12,1.56,0.12,0.7600000000000001,11.879999999999995,3.5600000000000014,10,7,8,11.12,2.0400000000000005,2.08,0.76,1,-2,4,-3
252,F1,23/02/2019,Guingamp,Angers,2,10.36,2.8400000000000007,3,16,16,11.640000000000002,1.4400000000000004,0.16,0.6799999999999999,11.68,4.040000000000001,8,9,8,11.679999999999998,1.3200000000000005,1.08,1.16,-2,-2,2,1
253,F1,23/02/2019,Paris SG,Nimes,2,15.291666666666668,6.416666666666668,21,11,1,12.416666666666668,1.6666666666666663,0.08333333333333333,3.0833333333333326,13.800000000000002,4.840000000000002,10,6,9,13.0,1.9200000000000008,1.12,1.4800000000000002,2,1,1,1
254,F1,24/02/2019,Monaco,Lyon,2,10.800000000000002,3.5600000000000014,5,16,13,13.559999999999995,2.12,0.28,0.96,17.12,6.320000000000002,13,7,5,11.48,1.6000000000000003,2.04,1.6000000000000003,2,-1,2,-1
255,F1,24/02/2019,Montpellier,Reims,0,12.959999999999996,4.320000000000002,9,18,5,14.6,1.6800000000000002,0.12,1.28,10.359999999999998,3.600000000000001,9,11,5,13.879999999999995,1.6400000000000003,1.04,0.92,1,-2,3,1
256,F1,24/02/2019,Nantes,Bordeaux,2,13.479999999999995,4.040000000000001,7,17,12,13.4,1.9200000000000004,0.12,1.2000000000000002,12.04,3.9200000000000017,8,8,9,13.4,1.9200000000000008,1.04,1.0,0,-1,2,-3
257,F1,24/02/2019,Rennes,Marseille,1,13.24,4.160000000000001,10,16,9,12.679999999999998,1.4800000000000004,0.04,1.36,14.04,4.440000000000001,12,4,9,12.640000000000004,1.9600000000000004,1.08,1.6000000000000003,2,-3,2,1
258,F1,24/02/2019,Toulouse,Caen,1,10.760000000000002,3.4400000000000017,6,19,10,14.600000000000005,2.04,0.16,0.96,9.320000000000002,2.680000000000001,3,10,12,14.800000000000002,2.08,1.12,0.7999999999999998,0,-2,-3,-2
259,F1,02/03/2019,Angers,Monaco,1,11.53846153846154,3.9230769230769234,8,17,9,11.692307692307697,1.346153846153846,0.1153846153846154,1.1153846153846152,10.80769230769231,3.6153846153846168,6,7,13,13.80769230769231,2.1538461538461537,5.0769230769230775,1.0,1,-1,3,-1
260,F1,02/03/2019,Caen,Paris SG,0,9.461538461538462,2.730769230769231,3,18,12,14.807692307692303,2.1153846153846154,0.19230769230769232,0.8076923076923075,15.520000000000005,6.440000000000001,22,2,1,12.520000000000005,1.7199999999999998,1.04,3.0800000000000005,-3,-2,3,1
261,F1,02/03/2019,Reims,Amiens,1,10.538461538461544,3.7692307692307687,10,18,5,13.807692307692307,1.6153846153846154,0.07692307692307693,1.0384615384615383,10.115384615384617,2.961538461538461,7,3,16,14.076923076923075,1.5,1.0769230769230769,0.7692307692307692,3,2,2,-2
262,F1,03/03/2019,Guingamp,Nantes,1,10.26923076923077,2.8461538461538467,4,16,16,11.615384615384619,1.4615384615384617,0.15384615384615385,0.6923076923076923,13.692307692307693,4.1923076923076925,8,6,12,13.34615384615385,1.9230769230769231,2.0384615384615383,1.1923076923076923,1,-1,1,-1
263,F1,03/03/2019,Lille,Dijon,2,12.961538461538463,4.961538461538461,15,17,5,12.576923076923077,1.7692307692307696,0.1153846153846154,1.6538461538461535,12.2,3.8000000000000016,5,5,15,15.679999999999998,2.120000000000001,2.08,0.7999999999999999,2,3,-2,-2
264,F1,03/03/2019,Lyon,Toulouse,2,16.807692307692307,6.1923076923076925,13,16,6,11.730769230769232,1.5769230769230769,0.1153846153846154,1.5384615384615383,10.80769230769231,3.615384615384615,6,10,10,14.576923076923075,2.0384615384615388,3.0384615384615383,0.9615384615384612,2,-2,0,-2
265,F1,03/03/2019,Marseille,St Etienne,2,13.846153846153848,4.346153846153847,12,17,9,12.730769230769226,2.0000000000000004,0.15384615384615385,1.5769230769230775,13.038461538461535,4.653846153846153,12,7,7,11.769230769230774,1.6923076923076927,4.0,1.3846153846153848,2,1,-1,1
266,F1,03/03/2019,Nice,Strasbourg,2,11.692307692307697,3.423076923076924,10,16,9,11.269230769230774,2.0384615384615388,0.15384615384615385,0.7307692307692307,10.653846153846157,4.115384615384616,9,10,7,13.346153846153845,1.8846153846153848,1.0384615384615383,1.5769230769230769,4,-4,-1,-1
267,F1,05/03/2019,Bordeaux,Montpellier,0,11.846153846153848,3.8461538461538463,8,18,10,13.423076923076925,1.9230769230769231,0.07692307692307693,0.9615384615384616,13.192307692307693,4.3076923076923075,9,11,6,14.538461538461537,1.6153846153846156,3.0,1.3076923076923077,2,-4,-1,-1
268,F1,09/03/2019,Amiens,Nimes,2,10.037037037037038,2.9259259259259265,7,15,16,13.962962962962962,1.4814814814814814,0.1111111111111111,0.8148148148148145,13.576923076923075,4.769230769230769,10,6,10,12.884615384615385,1.846153846153846,1.1153846153846154,1.4230769230769231,2,-2,1,-1
269,F1,09/03/2019,Dijon,Reims,1,11.961538461538465,3.6923076923076934,5,16,16,15.653846153846152,2.0769230769230766,0.15384615384615385,0.7692307692307693,10.518518518518519,3.7777777777777786,10,12,5,13.703703703703706,1.5925925925925926,1.037037037037037,1.074074074074074,-2,-3,3,2
270,F1,09/03/2019,Monaco,Bordeaux,1,10.85185185185185,3.666666666666666,6,17,13,13.85185185185185,2.185185185185185,0.25925925925925924,1.0370370370370368,11.962962962962962,3.851851851851851,8,8,11,13.444444444444446,1.888888888888888,1.037037037037037,0.962962962962963,3,-1,-1,-1
271,F1,09/03/2019,Strasbourg,Lyon,1,10.629629629629628,4.0,9,19,8,13.370370370370368,1.8148148148148144,0.1111111111111111,1.5185185185185182,16.962962962962962,6.333333333333332,14,7,6,11.74074074074074,1.5185185185185184,2.0370370370370368,1.666666666666666,-1,-2,3,-2
272,F1,10/03/2019,Marseille,Nice,2,13.777777777777779,4.4444444444444455,13,17,9,12.555555555555555,2.0,0.14814814814814814,1.592592592592592,11.592592592592592,3.3703703703703685,11,7,9,11.0,1.9629629629629624,2.1111111111111107,0.7407407407407407,3,1,5,-4
273,F1,10/03/2019,Montpellier,Angers,1,12.999999999999995,4.333333333333333,10,19,6,14.555555555555555,1.592592592592592,0.1111111111111111,1.333333333333333,11.592592592592592,3.9259259259259256,8,10,9,11.555555555555555,1.3703703703703698,1.074074074074074,1.1481481481481477,-1,1,1,-1
274,F1,10/03/2019,Rennes,Caen,2,13.346153846153845,4.115384615384615,10,17,9,12.730769230769232,1.5769230769230769,0.038461538461538464,1.3461538461538465,9.370370370370368,2.703703703703704,3,11,13,14.74074074074074,2.1111111111111107,2.1111111111111107,0.8148148148148147,2,-3,-4,-2
275,F1,10/03/2019,St Etienne,Lille,0,12.814814814814813,4.5555555555555545,12,16,8,12.148148148148145,1.7037037037037035,0.14814814814814814,1.3333333333333328,13.000000000000002,4.814814814814814,16,6,5,12.444444444444445,1.7037037037037035,3.0,1.629629629629629,0,-1,3,3
276,F1,10/03/2019,Toulouse,Guingamp,2,10.592592592592592,3.5555555555555545,6,21,11,14.555555555555555,2.0370370370370363,0.1851851851851852,0.9629629629629628,10.148148148148149,2.7777777777777786,4,7,16,11.888888888888891,1.4444444444444442,1.111111111111111,0.6666666666666665,0,-3,1,-1
277,F1,12/03/2019,Dijon,Paris SG,0,11.703703703703699,3.592592592592593,5,17,16,15.74074074074074,2.0370370370370368,0.1851851851851852,0.7777777777777777,15.884615384615385,6.46153846153846,23,2,1,12.53846153846154,1.6923076923076923,1.0384615384615383,3.0384615384615388,-2,-3,3,2
278,F1,15/03/2019,Lille,Monaco,0,13.035714285714288,4.928571428571429,17,18,5,12.428571428571427,1.7500000000000004,0.10714285714285714,1.6071428571428572,11.035714285714283,3.857142857142856,6,9,13,13.785714285714285,2.285714285714285,5.071428571428571,1.0357142857142854,3,4,3,-1
279,F1,15/03/2019,Nice,Toulouse,1,11.392857142857142,3.2857142857142856,11,17,10,11.178571428571429,1.9285714285714288,0.17857142857142855,0.7142857142857141,10.892857142857144,3.571428571428571,7,10,11,14.464285714285712,2.0,4.035714285714286,0.9642857142857142,5,-5,1,-3
280,F1,16/03/2019,Angers,Amiens,1,11.607142857142856,4.0,8,19,9,11.499999999999998,1.3214285714285714,0.14285714285714285,1.1785714285714282,10.428571428571429,3.0357142857142856,8,4,16,14.0,1.5000000000000002,1.1071428571428574,0.8571428571428569,1,-1,3,-2
281,F1,16/03/2019,Caen,St Etienne,0,9.249999999999998,2.6428571428571432,3,19,14,14.785714285714285,2.178571428571429,0.21428571428571425,0.8214285714285712,12.607142857142856,4.428571428571427,12,7,9,12.071428571428573,1.7857142857142854,4.071428571428571,1.2857142857142856,-4,-3,-1,-1
282,F1,16/03/2019,Guingamp,Dijon,2,9.928571428571429,2.6785714285714293,4,18,17,12.000000000000002,1.4642857142857144,0.17857142857142855,0.6428571428571427,11.607142857142856,3.5357142857142865,5,6,17,15.75,2.035714285714286,2.1071428571428568,0.7499999999999998,1,-2,-3,-3
283,F1,16/03/2019,Nimes,Strasbourg,1,13.592592592592592,4.666666666666667,10,18,11,12.962962962962964,1.8148148148148149,0.14814814814814814,1.4074074074074072,10.857142857142858,4.107142857142858,9,11,8,13.500000000000002,1.785714285714286,2.0357142857142856,1.5357142857142858,1,-2,-1,-2
284,F1,17/03/2019,Bordeaux,Rennes,1,11.857142857142856,3.8214285714285703,8,19,11,13.392857142857144,1.8928571428571428,0.07142857142857142,0.964285714285714,13.259259259259254,4.185185185185184,11,7,9,12.666666666666664,1.5925925925925926,1.0,1.4074074074074072,-1,-1,3,-3
285,F1,17/03/2019,Lyon,Montpellier,2,17.107142857142858,6.3928571428571415,14,17,6,11.750000000000002,1.5357142857142856,0.10714285714285714,1.6785714285714286,12.821428571428573,4.321428571428573,10,12,6,14.464285714285715,1.6428571428571432,3.0,1.357142857142857,3,-2,-1,1
286,F1,17/03/2019,Paris SG,Marseille,2,15.888888888888884,6.481481481481482,24,13,1,12.259259259259258,1.6666666666666663,0.07407407407407407,3.074074074074073,13.714285714285715,4.499999999999999,14,5,9,12.714285714285715,2.0000000000000004,2.071428571428572,1.5714285714285716,3,3,4,1
287,F1,17/03/2019,Reims,Nantes,2,11.071428571428573,3.8214285714285703,10,20,5,13.714285714285712,1.5714285714285716,0.07142857142857142,1.0714285714285712,13.518518518518519,4.148148148148148,8,7,12,13.33333333333333,1.9259259259259256,2.0370370370370368,1.148148148148148,3,2,1,-1
288,F1,29/03/2019,Rennes,Lyon,0,13.142857142857142,4.142857142857142,11,18,9,12.607142857142856,1.6428571428571428,0.03571428571428571,1.392857142857143,17.31034482758621,6.620689655172416,15,8,6,11.586206896551724,1.5172413793103443,2.034482758620689,1.7241379310344824,3,-3,4,-2
289,F1,30/03/2019,Marseille,Angers,1,13.344827586206893,4.413793103448277,14,18,10,12.93103448275862,2.034482758620689,0.1724137931034483,1.551724137931035,11.586206896551724,3.9655172413793096,8,12,9,11.586206896551724,1.3103448275862064,2.068965517241379,1.1379310344827582,3,-1,1,-1
290,F1,31/03/2019,Amiens,Bordeaux,1,10.3448275862069,3.0689655172413786,8,16,16,14.137931034482763,1.5862068965517242,0.13793103448275862,0.8275862068965517,11.93103448275862,3.8275862068965503,8,10,11,13.379310344827585,1.8965517241379304,1.0344827586206895,0.9655172413793102,3,-2,-1,-1
291,F1,31/03/2019,Dijon,Nice,0,11.620689655172415,3.5517241379310343,5,18,18,15.517241379310342,2.034482758620689,0.1724137931034483,0.7241379310344828,11.344827586206893,3.2413793103448274,11,8,10,11.06896551724138,1.862068965517241,2.1034482758620685,0.7241379310344827,-3,-4,5,-5
292,F1,31/03/2019,Monaco,Caen,0,11.06896551724138,4.000000000000001,7,19,13,13.931034482758625,2.2758620689655173,0.2413793103448276,1.0344827586206895,9.000000000000002,2.5862068965517238,3,11,15,14.89655172413793,2.103448275862069,3.103448275862069,0.793103448275862,3,1,-5,-3
293,F1,31/03/2019,Nantes,Lille,0,13.285714285714285,4.035714285714286,8,19,13,13.428571428571427,1.9642857142857144,0.14285714285714285,1.1071428571428572,12.999999999999998,4.862068965517242,17,6,6,12.482758620689651,1.7931034482758623,3.0,1.5517241379310345,1,-2,-1,1
294,F1,31/03/2019,Toulouse,Paris SG,0,11.137931034482758,3.551724137931034,7,22,11,14.655172413793107,2.0,0.1724137931034483,0.96551724137931,15.607142857142856,6.4642857142857135,25,2,1,12.214285714285715,1.75,1.0357142857142858,3.071428571428571,1,-3,4,3
295,F1,01/04/2019,St Etienne,Nimes,2,12.620689655172413,4.517241379310343,13,17,9,12.06896551724138,1.7241379310344829,0.20689655172413796,1.4137931034482758,13.642857142857144,4.642857142857143,10,7,11,12.892857142857142,1.892857142857143,1.1071428571428572,1.4285714285714284,-1,1,1,-2
296,F1,03/04/2019,Montpellier,Guingamp,2,12.724137931034484,4.310344827586206,10,21,7,14.344827586206893,1.6551724137931034,0.10344827586206896,1.379310344827586,10.06896551724138,2.655172413793103,5,7,17,11.862068965517242,1.4137931034482754,2.1034482758620694,0.6551724137931034,0,-1,2,-2
297,F1,03/04/2019,Strasbourg,Reims,2,10.689655172413792,4.0344827586206895,9,21,8,13.620689655172413,1.8965517241379308,0.10344827586206896,1.5517241379310345,11.034482758620687,3.7586206896551726,11,13,5,13.517241379310345,1.6551724137931036,1.0344827586206895,1.0689655172413792,-1,-2,4,2
298,F1,05/04/2019,Bordeaux,Marseille,2,11.7,3.7,8,21,11,13.633333333333333,1.9333333333333336,0.06666666666666668,0.9333333333333332,13.26666666666667,4.433333333333334,14,6,10,13.1,2.1000000000000005,3.1,1.566666666666667,-1,-1,3,-1
299,F1,06/04/2019,Amiens,St Etienne,1,10.400000000000002,3.066666666666667,8,17,16,13.933333333333335,1.5666666666666669,0.13333333333333333,0.7999999999999999,12.666666666666664,4.666666666666666,14,7,9,11.9,1.7666666666666668,4.066666666666666,1.4333333333333336,3,-2,1,1
300,F1,06/04/2019,Angers,Rennes,1,11.66666666666667,3.9666666666666672,8,21,9,11.533333333333335,1.3,0.13333333333333333,1.1666666666666663,13.103448275862071,4.068965517241379,11,8,10,12.620689655172413,1.6551724137931032,1.0,1.3448275862068968,1,-1,-1,0
301,F1,06/04/2019,Guingamp,Monaco,1,10.0,2.6666666666666674,5,19,18,11.7,1.4333333333333331,0.16666666666666666,0.6333333333333333,11.500000000000005,4.0666666666666655,7,9,14,13.866666666666667,2.2333333333333334,5.066666666666666,1.0,2,-3,-1,1
302,F1,06/04/2019,Lyon,Dijon,0,17.333333333333336,6.5666666666666655,16,18,6,11.83333333333333,1.5666666666666669,0.1,1.7000000000000002,11.7,3.466666666666668,5,6,19,15.566666666666665,2.0666666666666678,2.1333333333333333,0.7,2,1,-4,-4
303,F1,06/04/2019,Nimes,Caen,2,13.689655172413795,4.689655172413794,10,20,12,12.724137931034484,1.9655172413793103,0.13793103448275862,1.4137931034482758,8.933333333333328,2.5666666666666678,4,11,15,14.866666666666665,2.1000000000000005,3.1,0.7999999999999999,1,-3,-1,1
304,F1,07/04/2019,Nice,Montpellier,2,11.366666666666665,3.3333333333333344,12,19,10,11.066666666666665,1.833333333333334,0.16666666666666666,0.7333333333333333,12.86666666666667,4.400000000000001,11,12,7,14.266666666666673,1.6000000000000003,3.0,1.4,0,1,1,-1
305,F1,07/04/2019,Paris SG,Strasbourg,1,15.413793103448276,6.379310344827587,26,14,1,12.275862068965518,1.7241379310344829,0.06896551724137931,3.0,10.76666666666667,4.200000000000001,10,12,8,13.666666666666668,1.9000000000000004,2.0666666666666664,1.6333333333333335,4,4,1,-2
306,F1,07/04/2019,Reims,Lille,1,11.000000000000002,3.733333333333334,11,21,6,13.500000000000005,1.7000000000000004,0.06666666666666668,1.0333333333333332,12.900000000000004,4.8,18,6,6,12.766666666666667,1.833333333333334,3.0,1.6000000000000003,1,-1,-1,2
307,F1,07/04/2019,Toulouse,Nantes,2,11.066666666666665,3.5333333333333337,7,22,12,14.6,2.0000000000000004,0.16666666666666666,0.9333333333333332,13.10344827586207,3.9655172413793096,8,7,14,13.482758620689655,1.9655172413793103,3.034482758620689,1.137931034482759,-1,0,-1,-1
308,F1,09/04/2019,Nimes,Rennes,2,13.633333333333335,4.766666666666668,11,20,12,12.933333333333335,1.9333333333333336,0.13333333333333333,1.4333333333333331,12.9,4.1000000000000005,11,9,10,12.633333333333333,1.7333333333333334,1.0,1.4000000000000004,2,-3,-1,0
309,F1,12/04/2019,Dijon,Amiens,1,11.580645161290322,3.4838709677419333,6,19,19,15.612903225806456,2.064516129032257,0.1935483870967742,0.7741935483870966,10.225806451612902,3.0967741935483857,8,7,16,13.806451612903226,1.5806451612903216,1.1290322580645158,0.8387096774193545,-1,1,3,-2
310,F1,12/04/2019,Nantes,Lyon,2,13.3,3.8666666666666667,8,20,15,13.4,1.9333333333333336,0.16666666666666666,1.1,17.645161290322577,6.548387096774192,16,8,7,11.903225806451614,1.5483870967741928,2.032258064516129,1.6774193548387093,-1,-2,-1,1
311,F1,13/04/2019,Caen,Angers,0,8.806451612903224,2.516129032258063,4,21,16,14.903225806451614,2.161290322580645,0.1935483870967742,0.7741935483870965,11.838709677419354,4.129032258064514,8,14,9,11.516129032258062,1.3548387096774188,2.064516129032258,1.2258064516129028,0,-1,1,-1
312,F1,13/04/2019,Marseille,Nimes,2,13.483870967741936,4.451612903225804,14,20,11,13.096774193548384,2.129032258064515,0.1935483870967742,1.5161290322580638,13.806451612903222,4.870967741935481,12,7,12,12.838709677419354,1.935483870967741,1.1290322580645158,1.483870967741935,3,-2,3,-3
313,F1,13/04/2019,Monaco,Reims,1,11.709677419354836,4.096774193548385,7,20,14,13.870967741935482,2.3225806451612896,0.2258064516129032,0.9999999999999996,10.967741935483868,3.7096774193548367,11,14,6,13.548387096774194,1.709677419354838,1.032258064516129,1.0322580645161288,-1,1,1,-1
314,F1,13/04/2019,Strasbourg,Guingamp,1,10.709677419354838,4.193548387096772,10,22,8,13.548387096774194,1.9032258064516123,0.12903225806451613,1.64516129032258,10.032258064516126,2.64516129032258,5,8,18,11.870967741935484,1.5161290322580638,2.096774193548387,0.6451612903225804,1,-2,2,-3
315,F1,14/04/2019,Lille,Paris SG,2,12.838709677419354,4.774193548387093,18,20,6,12.741935483870964,1.8387096774193536,0.0967741935483871,1.5806451612903216,15.6,6.366666666666666,26,3,1,12.1,1.666666666666667,1.0333333333333334,2.966666666666667,-1,2,4,4
316,F1,14/04/2019,Montpellier,Toulouse,2,12.967741935483874,4.387096774193546,11,22,8,14.258064516129028,1.5806451612903216,0.0967741935483871,1.3548387096774188,11.161290322580642,3.580645161290321,8,11,12,14.741935483870964,2.032258064516128,4.032258064516129,0.9354838709677415,1,-2,1,0
317,F1,14/04/2019,Rennes,Nice,1,12.741935483870964,4.064516129032256,11,20,11,12.612903225806454,1.7419354838709666,0.06451612903225806,1.3870967741935478,11.483870967741938,3.3870967741935467,13,8,10,11.06451612903226,1.806451612903225,2.096774193548387,0.7419354838709675,-1,-1,1,1
318,F1,14/04/2019,St Etienne,Bordeaux,2,13.096774193548386,4.709677419354837,14,18,9,11.93548387096774,1.7741935483870959,0.1935483870967742,1.4516129032258065,11.548387096774194,3.8064516129032238,9,11,11,13.709677419354836,1.935483870967741,1.064516129032258,0.9677419354838708,1,1,1,0
319,F1,17/04/2019,Nantes,Paris SG,2,13.322580645161295,3.9032258064516117,9,20,15,13.258064516129028,1.935483870967741,0.16129032258064516,1.1290322580645158,15.419354838709676,6.3225806451612865,26,3,2,12.06451612903226,1.709677419354838,2.032258064516129,2.9032258064516117,1,-1,0,-1
320,F1,19/04/2019,Dijon,Rennes,2,11.78125,3.53125,6,20,19,15.53125,2.09375,0.1875,0.75,12.78125,4.15625,11,10,11,12.625,1.75,2.0,1.34375,-1,1,-1,-1
321,F1,19/04/2019,Lyon,Angers,2,17.4375,6.46875,16,19,8,11.875,1.53125,0.09375,1.65625,11.875,4.15625,9,14,9,11.5625,1.34375,2.0625,1.21875,-1,-1,0,1
322,F1,20/04/2019,Guingamp,Marseille,0,10.1875,2.71875,5,21,18,11.9375,1.53125,0.15625,0.71875,13.5,4.4375,15,6,11,13.03125,2.09375,3.09375,1.53125,2,-3,4,-2
323,F1,20/04/2019,Nice,Caen,0,11.34375,3.34375,13,20,10,10.96875,1.78125,0.15625,0.71875,8.78125,2.5,4,11,17,14.875,2.21875,3.09375,0.75,1,1,-1,-1
324,F1,20/04/2019,Nimes,Bordeaux,2,13.625,4.8125,12,21,13,12.90625,1.9375,0.15625,1.46875,11.34375,3.71875,9,11,12,13.6875,1.875,1.0625,0.9375,3,-4,1,-1
325,F1,20/04/2019,Strasbourg,Montpellier,0,10.71875,4.25,10,23,8,13.5,1.875,0.125,1.6875,13.0625,4.40625,12,12,8,14.1875,1.59375,3.0,1.375,1,-2,2,-2
326,F1,21/04/2019,Nantes,Amiens,2,13.375,4.03125,10,20,15,13.25,1.90625,0.15625,1.1875,10.03125,3.03125,8,8,16,13.71875,1.625,2.125,0.8125,2,-1,3,-2
327,F1,21/04/2019,Paris SG,Monaco,2,15.21875,6.3125,26,17,3,12.125,1.75,0.09375,2.875,12.1875,4.15625,7,11,14,13.8125,2.3125,5.0625,0.96875,0,-2,-1,1
328,F1,21/04/2019,Reims,St Etienne,0,10.9375,3.6875,11,23,6,13.53125,1.65625,0.0625,1.0,13.125,4.75,15,8,9,11.96875,1.78125,4.0625,1.5,1,-1,2,1
329,F1,21/04/2019,Toulouse,Lille,1,11.0,3.53125,8,23,13,14.78125,2.0,0.15625,0.9375,12.90625,4.8125,19,7,6,12.65625,1.8125,3.0,1.6875,1,-1,1,1
330,F1,26/04/2019,Bordeaux,Lyon,0,11.333333333333336,3.666666666666665,9,23,13,13.939393939393938,1.9393939393939383,0.09090909090909093,0.9393939393939391,17.636363636363633,6.606060606060604,17,8,8,11.787878787878787,1.4848484848484842,2.0303030303030303,1.6666666666666663,1,-2,1,-1
331,F1,28/04/2019,Amiens,Strasbourg,1,9.969696969696967,3.06060606060606,8,20,17,13.666666666666664,1.6666666666666663,0.18181818181818185,0.8484848484848482,10.575757575757574,4.1515151515151505,10,14,9,13.575757575757573,1.8787878787878785,2.060606060606061,1.666666666666666,3,-3,-1,0
332,F1,28/04/2019,Angers,Reims,1,11.848484848484848,4.121212121212118,9,24,10,11.363636363636363,1.363636363636363,0.12121212121212123,1.2121212121212117,10.848484848484842,3.6060606060606046,11,15,7,13.606060606060607,1.6969696969696964,1.0303030303030305,0.9696969696969696,0,-1,-1,-1
333,F1,28/04/2019,Caen,Dijon,2,8.727272727272725,2.484848484848484,5,22,17,14.878787878787875,2.2424242424242418,0.18181818181818185,0.7575757575757573,11.787878787878787,3.727272727272726,7,7,19,15.57575757575758,2.09090909090909,2.121212121212121,0.8181818181818181,-1,1,1,1
334,F1,28/04/2019,Lille,Nimes,2,13.0,4.787878787878785,19,21,6,12.818181818181815,1.848484848484848,0.09090909090909093,1.636363636363636,13.454545454545453,4.727272727272725,13,7,13,12.939393939393938,1.8787878787878782,1.1212121212121209,1.4848484848484844,1,1,4,-4
335,F1,28/04/2019,Marseille,Nantes,0,13.545454545454545,4.4848484848484835,16,21,11,13.030303030303033,2.1212121212121207,0.18181818181818185,1.5757575757575752,13.272727272727275,4.0303030303030285,11,7,15,13.272727272727273,1.9090909090909085,4.03030303030303,1.242424242424242,1,1,3,-1
336,F1,28/04/2019,Nice,Guingamp,2,11.636363636363637,3.4848484848484835,13,20,11,10.848484848484848,1.7878787878787874,0.15151515151515152,0.6969696969696968,10.15151515151515,2.727272727272726,5,9,19,12.06060606060606,1.545454545454545,2.090909090909091,0.7272727272727271,-1,0,-1,-1
337,F1,28/04/2019,St Etienne,Toulouse,2,13.15151515151515,4.6969696969696955,16,19,9,11.818181818181818,1.7272727272727266,0.18181818181818185,1.515151515151515,10.969696969696967,3.4848484848484835,8,12,13,14.818181818181815,1.9999999999999991,4.03030303030303,0.9090909090909088,2,2,1,-1
338,F1,30/04/2019,Montpellier,Paris SG,2,13.27272727272727,4.4848484848484835,13,23,8,14.12121212121212,1.6060606060606055,0.09090909090909093,1.4242424242424236,15.06060606060606,6.27272727272727,27,3,3,12.151515151515154,1.6969696969696964,2.0303030303030303,2.878787878787878,1,1,1,-2
339,F1,01/05/2019,Rennes,Monaco,1,12.696969696969695,4.151515151515151,11,22,12,12.81818181818182,1.7878787878787872,0.060606060606060615,1.363636363636363,12.272727272727268,4.1515151515151505,7,11,15,13.666666666666664,2.2727272727272725,5.0606060606060606,0.9696969696969692,-1,-2,-1,-1
340,F1,03/05/2019,Strasbourg,Marseille,1,10.470588235294116,4.058823529411764,10,24,9,13.794117647058822,1.9117647058823524,0.1176470588235294,1.6176470588235292,13.647058823529415,4.411764705882352,16,6,12,13.029411764705884,2.176470588235293,3.0882352941176467,1.558823529411764,-1,0,-1,1
341,F1,04/05/2019,Bordeaux,Angers,0,11.294117647058822,3.617647058823529,9,23,14,13.970588235294118,1.9705882352941173,0.1176470588235294,0.9705882352941178,11.794117647058822,4.147058823529412,9,15,10,11.20588235294118,1.3235294117647056,2.0588235294117645,1.2058823529411762,-1,-2,0,-1
342,F1,04/05/2019,Guingamp,Caen,1,10.264705882352944,2.7352941176470584,5,22,20,12.264705882352944,1.5882352941176472,0.14705882352941174,0.7058823529411765,8.882352941176471,2.4705882352941155,6,11,17,14.941176470588234,2.2058823529411757,3.0882352941176467,0.7647058823529412,-1,-2,1,1
343,F1,04/05/2019,Paris SG,Nice,1,14.852941176470589,6.1764705882352935,27,18,4,12.235294117647062,1.764705882352941,0.08823529411764705,2.8529411764705865,11.735294117647062,3.5294117647058814,14,9,11,10.882352941176471,1.852941176470588,2.0882352941176467,0.7647058823529412,1,-3,1,0
344,F1,04/05/2019,Reims,Nimes,0,10.676470588235297,3.6176470588235294,11,24,7,13.676470588235295,1.7352941176470582,0.05882352941176471,0.9705882352941178,13.294117647058822,4.676470588235292,13,7,14,12.97058823529412,1.8823529411764703,1.1176470588235292,1.441176470588235,-1,-1,4,-5
345,F1,05/05/2019,Lyon,Lille,1,17.647058823529417,6.5588235294117645,18,20,8,11.764705882352946,1.5294117647058818,0.08823529411764705,1.705882352941176,13.029411764705891,4.882352941176468,20,8,6,12.676470588235295,1.8235294117647052,3.0,1.7352941176470582,1,1,2,1
346,F1,05/05/2019,Monaco,St Etienne,0,12.382352941176471,4.1764705882352935,7,23,15,13.617647058823536,2.2647058823529407,0.2058823529411765,1.0,13.176470588235295,4.76470588235294,17,8,9,11.970588235294116,1.7058823529411762,4.0588235294117645,1.5294117647058822,-1,-1,3,2
347,F1,05/05/2019,Montpellier,Amiens,1,13.323529411764708,4.617647058823528,14,23,8,14.20588235294118,1.647058823529411,0.08823529411764705,1.4705882352941175,9.911764705882348,2.9999999999999987,8,9,17,13.617647058823536,1.6470588235294112,2.117647058823529,0.823529411764706,2,1,3,-3
348,F1,05/05/2019,Nantes,Dijon,2,13.294117647058822,4.088235294117647,12,21,15,13.29411764705883,1.88235294117647,0.14705882352941174,1.2647058823529411,11.794117647058822,3.7058823529411753,7,7,20,15.676470588235295,2.147058823529411,2.117647058823529,0.7941176470588236,3,1,1,-1
349,F1,05/05/2019,Toulouse,Rennes,1,11.0,3.4705882352941173,8,25,14,14.823529411764708,2.0,0.14705882352941174,0.8823529411764707,12.617647058823536,4.147058823529411,11,11,12,12.82352941176471,1.7941176470588234,2.0,1.38235294117647,1,-2,-1,-2
350,F1,10/05/2019,St Etienne,Montpellier,0,13.028571428571428,4.7142857142857135,18,20,9,12.085714285714285,1.7999999999999998,0.17142857142857146,1.5714285714285712,13.314285714285715,4.6,14,13,8,14.200000000000005,1.6285714285714283,3.0,1.457142857142857,3,3,2,1
351,F1,11/05/2019,Amiens,Toulouse,1,9.742857142857137,2.9428571428571417,8,22,17,13.857142857142858,1.6571428571428568,0.17142857142857146,0.8285714285714287,11.228571428571426,3.4857142857142858,8,13,14,14.971428571428573,2.0285714285714285,4.0285714285714285,0.9142857142857144,3,-3,1,-2
352,F1,11/05/2019,Angers,Paris SG,0,11.714285714285722,4.057142857142858,10,26,10,11.285714285714288,1.2857142857142856,0.11428571428571427,1.1999999999999995,14.914285714285715,6.142857142857144,27,4,4,12.314285714285715,1.7714285714285711,2.0285714285714285,2.799999999999999,0,1,1,-3
353,F1,11/05/2019,Caen,Reims,2,8.657142857142857,2.399999999999998,6,23,17,14.914285714285715,2.257142857142857,0.17142857142857146,0.742857142857143,10.6,3.571428571428572,11,16,8,13.771428571428574,1.7714285714285711,1.0285714285714285,0.9428571428571432,1,1,-2,-1
354,F1,11/05/2019,Dijon,Strasbourg,2,11.685714285714285,3.6857142857142846,7,22,21,15.6,2.142857142857142,0.2,0.7714285714285716,10.371428571428572,4.057142857142857,10,16,9,13.742857142857149,1.8857142857142848,2.057142857142857,1.5999999999999996,1,-2,-1,0
355,F1,11/05/2019,Nice,Nantes,1,11.628571428571426,3.4857142857142844,14,21,11,10.971428571428572,1.8857142857142848,0.14285714285714285,0.7714285714285716,13.542857142857144,4.114285714285714,13,7,15,13.171428571428573,1.8285714285714283,4.0285714285714285,1.3142857142857145,1,0,4,1
356,F1,11/05/2019,Nimes,Monaco,2,13.342857142857143,4.685714285714284,14,23,14,12.800000000000002,1.8857142857142857,0.14285714285714285,1.4857142857142855,12.400000000000002,4.199999999999998,7,12,16,13.571428571428573,2.2857142857142856,5.057142857142857,1.0285714285714287,0,1,-2,-1
357,F1,12/05/2019,Lille,Bordeaux,2,13.028571428571436,4.914285714285714,20,22,6,12.828571428571431,1.828571428571428,0.08571428571428573,1.7428571428571424,11.257142857142856,3.5714285714285707,9,11,15,14.057142857142857,1.9714285714285715,1.0857142857142854,0.9428571428571432,2,1,-2,-2
358,F1,12/05/2019,Marseille,Lyon,0,13.62857142857143,4.3428571428571425,16,22,12,13.085714285714287,2.1714285714285713,0.17142857142857146,1.5428571428571425,17.71428571428572,6.6000000000000005,18,9,8,11.800000000000004,1.4857142857142849,2.0285714285714285,1.714285714285714,-1,1,1,1
359,F1,12/05/2019,Rennes,Guingamp,1,12.571428571428573,4.114285714285714,11,24,12,12.88571428571429,1.8285714285714283,0.057142857142857134,1.4,10.25714285714286,2.685714285714285,5,10,20,12.6,1.5714285714285714,2.0857142857142854,0.6857142857142858,-1,-2,-1,-2
360,F1,18/05/2019,Bordeaux,Reims,0,11.083333333333336,3.5,9,24,16,14.0,2.0277777777777777,0.1388888888888889,0.9166666666666669,10.722222222222225,3.583333333333333,11,16,9,13.916666666666664,1.7777777777777777,1.0277777777777777,0.9722222222222224,-2,-3,-2,-2
361,F1,18/05/2019,Guingamp,Nimes,1,10.611111111111109,2.861111111111111,5,24,20,12.583333333333336,1.5555555555555554,0.1388888888888889,0.6944444444444446,13.305555555555555,4.666666666666665,15,7,14,12.972222222222225,1.8611111111111107,1.111111111111111,1.472222222222222,-1,-2,1,1
362,F1,18/05/2019,Lille,Angers,2,12.833333333333336,4.888888888888889,21,22,6,12.638888888888893,1.8333333333333328,0.08333333333333333,1.722222222222222,11.777777777777775,4.055555555555556,10,15,11,11.722222222222225,1.2499999999999998,2.055555555555556,1.1944444444444442,3,1,-1,1
363,F1,18/05/2019,Lyon,Caen,2,17.63888888888889,6.555555555555557,19,22,8,11.777777777777779,1.472222222222222,0.08333333333333333,1.7499999999999996,8.805555555555559,2.61111111111111,7,12,17,14.694444444444445,2.2222222222222223,3.083333333333333,0.8055555555555557,1,2,2,1
364,F1,18/05/2019,Monaco,Amiens,2,12.388888888888886,4.222222222222221,7,24,17,13.722222222222225,2.333333333333333,0.19444444444444448,1.0000000000000002,9.999999999999998,2.944444444444444,8,11,17,13.833333333333332,1.6666666666666663,2.1111111111111107,0.8055555555555558,-2,-2,3,-3
365,F1,18/05/2019,Montpellier,Nantes,1,13.249999999999995,4.583333333333332,15,25,8,14.305555555555555,1.6944444444444442,0.1111111111111111,1.4444444444444444,13.527777777777775,4.083333333333333,13,8,15,13.166666666666664,1.8611111111111107,4.027777777777779,1.3055555555555556,2,2,4,1
366,F1,18/05/2019,Paris SG,Dijon,2,14.750000000000002,6.083333333333335,28,20,4,12.472222222222221,1.7222222222222219,0.1111111111111111,2.777777777777777,11.722222222222225,3.7499999999999987,8,7,21,15.499999999999995,2.1111111111111103,3.1111111111111107,0.8055555555555558,0,1,2,-2
367,F1,18/05/2019,St Etienne,Nice,2,13.111111111111109,4.722222222222221,18,20,10,12.055555555555555,1.8333333333333333,0.1944444444444444,1.5277777777777781,11.527777777777775,3.4444444444444438,14,11,11,11.027777777777775,1.8888888888888888,2.083333333333333,0.7777777777777779,-1,1,1,0
368,F1,18/05/2019,Strasbourg,Rennes,0,10.555555555555555,4.166666666666666,10,26,10,13.722222222222225,1.8611111111111107,0.1111111111111111,1.5833333333333328,12.41666666666667,4.111111111111112,11,13,12,12.861111111111114,1.8611111111111107,2.0277777777777777,1.3888888888888888,-1,-1,-1,-2
369,F1,18/05/2019,Toulouse,Marseille,0,11.111111111111114,3.4444444444444446,8,27,14,15.138888888888891,2.083333333333333,0.1388888888888889,0.8888888888888892,13.722222222222225,4.388888888888888,16,7,13,13.166666666666664,2.194444444444444,3.1111111111111107,1.4999999999999998,1,-2,-2,1
370,F1,24/05/2019,Amiens,Guingamp,2,9.972972972972975,2.9459459459459465,8,24,18,13.810810810810807,1.6756756756756754,0.16216216216216214,0.7837837837837838,10.810810810810812,3.027027027027028,5,12,20,12.702702702702705,1.5675675675675669,2.0810810810810807,0.7297297297297297,3,-4,-1,-2
371,F1,24/05/2019,Angers,St Etienne,1,11.810810810810812,4.027027027027027,10,27,12,11.729729729729726,1.2972972972972971,0.10810810810810813,1.1621621621621616,13.054054054054054,4.729729729729729,19,8,10,12.189189189189193,1.7837837837837842,4.0810810810810825,1.5675675675675675,-1,-1,1,0
372,F1,24/05/2019,Caen,Bordeaux,0,8.75675675675676,2.5945945945945947,7,24,18,14.594594594594595,2.189189189189189,0.16216216216216214,0.7837837837837835,11.135135135135135,3.5135135135135136,9,11,17,13.91891891891892,1.9729729729729728,2.0810810810810807,0.8918918918918921,2,-1,-3,-3
373,F1,24/05/2019,Dijon,Toulouse,2,11.756756756756756,3.7297297297297294,8,23,22,15.189189189189188,2.0810810810810816,0.1891891891891892,0.7837837837837839,11.324324324324325,3.4864864864864864,8,14,15,14.837837837837839,2.054054054054053,4.027027027027027,0.9189189189189184,2,-3,-1,-2
374,F1,24/05/2019,Marseille,Montpellier,2,13.91891891891892,4.486486486486488,17,23,13,13.108108108108105,2.189189189189189,0.1891891891891892,1.594594594594594,13.32432432432432,4.513513513513512,15,14,8,14.270270270270267,1.648648648648649,4.0,1.4324324324324322,-2,2,2,2
375,F1,24/05/2019,Nantes,Strasbourg,0,13.432432432432432,4.027027027027027,13,23,15,13.10810810810811,1.891891891891892,0.13513513513513514,1.2972972972972974,10.783783783783784,4.216216216216217,10,16,11,13.621621621621625,1.8378378378378373,2.0540540540540544,1.54054054054054,4,1,-2,-1
376,F1,24/05/2019,Nice,Monaco,2,11.729729729729732,3.486486486486485,14,23,12,11.108108108108109,1.9189189189189184,0.13513513513513514,0.7567567567567566,12.324324324324328,4.1891891891891895,8,12,17,13.945945945945947,2.4054054054054057,5.0540540540540535,1.0270270270270268,1,-1,1,-1
377,F1,24/05/2019,Nimes,Lyon,0,13.513513513513516,4.648648648648648,15,24,14,12.94594594594595,1.864864864864864,0.13513513513513514,1.4864864864864868,17.594594594594593,6.594594594594593,20,9,8,11.729729729729732,1.5135135135135132,2.0270270270270268,1.8108108108108103,1,1,2,2
378,F1,24/05/2019,Reims,Paris SG,2,10.675675675675675,3.5405405405405417,12,26,9,13.945945945945946,1.7567567567567568,0.054054054054054064,0.9729729729729728,14.810810810810807,6.108108108108108,29,4,4,12.486486486486484,1.7027027027027029,3.027027027027027,2.8108108108108096,0,1,1,1
379,F1,24/05/2019,Rennes,Lille,2,12.378378378378375,4.162162162162162,12,26,12,12.891891891891891,1.864864864864865,0.08108108108108109,1.4054054054054053,12.972972972972975,5.081081081081081,22,9,6,12.648648648648651,1.8108108108108107,3.0,1.8108108108108103,0,1,4,1
