,Div,Date,Time,HomeTeam,AwayTeam,FTR,HTS,HTST,HTW,HTD,HTL,HTF,HTY,HTR,HTG,ATS,ATST,ATW,ATD,ATL,ATF,ATY,ATR,ATG
0,F1,09/08/2019,19:45,Monaco,Lyon,0,0.0,0.0,0.0,0.0,0.0,0.0,0.0,0.0,0.0,0.0,0.0,0.0,0.0,0.0,0.0,0.0,0.0,0.0
1,F1,10/08/2019,16:30,Marseille,Reims,0,0.0,0.0,0.0,0.0,0.0,0.0,0.0,0.0,0.0,0.0,0.0,0.0,0.0,0.0,0.0,0.0,0.0,0.0
2,F1,10/08/2019,19:00,Angers,Bordeaux,2,0.0,0.0,0.0,0.0,0.0,0.0,0.0,0.0,0.0,0.0,0.0,0.0,0.0,0.0,0.0,0.0,0.0,0.0
3,F1,10/08/2019,19:00,Brest,Toulouse,1,0.0,0.0,0.0,0.0,0.0,0.0,0.0,0.0,0.0,0.0,0.0,0.0,0.0,0.0,0.0,0.0,0.0,0.0
4,F1,10/08/2019,19:00,Dijon,St Etienne,0,0.0,0.0,0.0,0.0,0.0,0.0,0.0,0.0,0.0,0.0,0.0,0.0,0.0,0.0,0.0,0.0,0.0,0.0
5,F1,10/08/2019,19:00,Montpellier,Rennes,0,0.0,0.0,0.0,0.0,0.0,0.0,0.0,0.0,0.0,0.0,0.0,0.0,0.0,0.0,0.0,0.0,0.0,0.0
6,F1,10/08/2019,19:00,Nice,Amiens,2,0.0,0.0,0.0,0.0,0.0,0.0,0.0,0.0,0.0,0.0,0.0,0.0,0.0,0.0,0.0,0.0,0.0,0.0
7,F1,11/08/2019,14:00,Lille,Nantes,2,0.0,0.0,0.0,0.0,0.0,0.0,0.0,0.0,0.0,0.0,0.0,0.0,0.0,0.0,0.0,0.0,0.0,0.0
8,F1,11/08/2019,16:00,Strasbourg,Metz,1,0.0,0.0,0.0,0.0,0.0,0.0,0.0,0.0,0.0,0.0,0.0,0.0,0.0,0.0,0.0,0.0,0.0,0.0
9,F1,11/08/2019,20:00,Paris SG,Nimes,2,0.0,0.0,0.0,0.0,0.0,0.0,0.0,0.0,0.0,0.0,0.0,0.0,0.0,0.0,0.0,0.0,0.0,0.0
10,F1,16/08/2019,19:45,Lyon,Angers,2,13.0,3.0,1.0,1.0,0.0,17.0,2.0,0.0,3.0,14.0,4.0,1.0,0.0,0.0,11.0,2.0,0.0,3.0
11,F1,17/08/2019,16:30,Nantes,Marseille,1,13.0,3.0,0.0,1.0,1.0,17.0,4.0,0.0,1.0,10.0,2.0,0.0,0.0,1.0,18.0,1.0,0.0,0.0
12,F1,17/08/2019,19:00,Amiens,Lille,2,8.0,2.0,0.0,1.0,1.0,8.0,4.0,1.0,1.0,13.0,3.0,1.0,0.0,0.0,13.0,2.0,0.0,2.0
13,F1,17/08/2019,19:00,Bordeaux,Montpellier,1,8.0,3.0,0.0,1.0,1.0,15.0,1.0,0.0,1.0,24.0,5.0,0.0,0.0,1.0,20.0,3.0,0.0,0.0
14,F1,17/08/2019,19:00,Metz,Monaco,2,7.0,3.0,0.0,1.0,0.0,12.0,1.0,0.0,1.0,7.0,1.0,0.0,0.0,1.0,10.0,2.0,1.0,0.0
15,F1,17/08/2019,19:00,Nimes,Nice,0,5.0,1.0,0.0,1.0,1.0,8.0,0.0,0.0,0.0,17.0,6.0,1.0,0.0,0.0,10.0,3.0,0.0,2.0
16,F1,17/08/2019,19:00,Toulouse,Dijon,2,13.0,3.0,0.0,1.0,0.0,14.0,0.0,0.0,1.0,15.0,7.0,0.0,0.0,1.0,17.0,0.0,0.0,1.0
17,F1,18/08/2019,14:00,St Etienne,Brest,1,12.0,4.0,1.0,1.0,0.0,10.0,2.0,0.0,2.0,16.0,5.0,0.0,1.0,0.0,11.0,0.0,0.0,1.0
18,F1,18/08/2019,16:00,Reims,Strasbourg,1,8.0,5.0,1.0,1.0,0.0,8.0,0.0,0.0,2.0,13.0,2.0,0.0,1.0,0.0,6.0,0.0,0.0,1.0
19,F1,18/08/2019,20:00,Rennes,Paris SG,2,9.0,3.0,1.0,1.0,0.0,19.0,3.0,1.0,1.0,12.0,5.0,1.0,0.0,0.0,17.0,2.0,0.0,3.0
20,F1,24/08/2019,19:00,Amiens,Nantes,0,8.0,2.5,0.5,0.5,0.5,10.5,2.5,0.5,1.0,13.0,4.5,0.0,0.5,0.5,16.5,2.0,0.0,0.5
21,F1,24/08/2019,19:00,Angers,Metz,2,12.0,3.5,0.5,0.5,0.5,12.5,2.0,0.0,1.5,12.5,6.5,0.5,0.5,0.0,14.0,1.0,0.0,2.0
22,F1,24/08/2019,19:00,Brest,Reims,2,12.5,4.5,0.0,1.0,0.0,9.5,1.0,0.0,1.0,9.5,3.0,0.5,0.5,0.0,13.0,1.0,0.0,1.0
23,F1,24/08/2019,19:00,Dijon,Bordeaux,0,16.5,6.0,0.0,0.5,1.0,11.0,0.0,0.0,0.5,10.5,3.5,0.0,0.5,0.5,15.0,1.5,0.0,1.0
24,F1,25/08/2019,14:00,Monaco,Nimes,1,9.5,3.5,0.0,0.5,1.0,8.5,2.0,1.0,0.0,11.5,3.0,0.0,0.0,1.0,14.5,2.5,1.0,0.5
25,F1,25/08/2019,16:00,Strasbourg,Rennes,0,8.5,1.5,0.0,1.0,0.0,12.5,0.0,0.0,0.5,10.0,3.5,1.0,0.0,0.0,17.0,2.0,1.0,1.5
26,F1,25/08/2019,20:00,Paris SG,Toulouse,2,10.5,3.5,0.5,0.5,0.5,18.0,3.5,0.0,2.0,15.5,5.0,0.5,0.5,0.0,12.5,1.0,0.0,1.0
27,F1,27/08/2019,18:00,Montpellier,Lyon,2,17.0,4.5,0.0,0.5,0.5,20.5,2.0,0.0,0.5,12.0,6.0,1.0,0.0,0.0,12.0,1.5,0.0,4.5
28,F1,28/08/2019,18:00,Lille,St Etienne,2,11.5,2.0,0.5,0.5,0.5,10.0,1.5,0.5,1.0,15.5,4.5,0.5,0.5,0.0,13.0,1.5,0.0,1.5
29,F1,28/08/2019,20:00,Nice,Marseille,0,11.5,4.5,1.0,0.5,0.0,11.0,4.0,0.5,2.0,9.5,2.0,0.0,0.5,0.5,18.0,2.0,0.0,0.0
30,F1,30/08/2019,19:45,Metz,Paris SG,0,9.666666666666668,5.000000000000001,0.3333333333333333,0.6666666666666666,0.3333333333333333,11.999999999999998,1.3333333333333333,0.0,1.3333333333333333,14.0,6.0,0.6666666666666666,0.0,0.3333333333333333,14.666666666666666,2.3333333333333335,0.0,2.6666666666666665
31,F1,31/08/2019,16:30,Lyon,Bordeaux,1,12.666666666666668,5.333333333333333,0.6666666666666666,0.6666666666666666,0.3333333333333333,11.666666666666666,2.333333333333333,0.3333333333333333,3.0,10.333333333333334,3.333333333333333,0.3333333333333333,0.3333333333333333,0.3333333333333333,16.0,1.6666666666666665,0.0,1.3333333333333333
32,F1,31/08/2019,19:00,Angers,Dijon,2,13.0,4.0,0.6666666666666666,0.3333333333333333,0.3333333333333333,13.333333333333334,1.6666666666666665,0.0,2.0,14.333333333333334,4.333333333333333,0.0,0.0,1.0,11.333333333333334,0.0,0.0,0.3333333333333333
33,F1,31/08/2019,19:00,Nantes,Montpellier,2,17.0,5.0,0.3333333333333333,1.0,0.3333333333333333,15.333333333333332,1.6666666666666665,0.0,1.0,17.666666666666668,4.666666666666667,0.3333333333333333,0.3333333333333333,0.3333333333333333,18.333333333333336,2.0,0.0,0.6666666666666666
34,F1,31/08/2019,19:00,Nimes,Brest,2,12.333333333333334,3.333333333333333,0.0,0.6666666666666666,0.6666666666666666,15.333333333333332,2.0,0.6666666666666666,1.0,10.999999999999998,4.333333333333333,0.3333333333333333,0.6666666666666666,0.0,12.333333333333332,1.0,0.0,1.0
35,F1,31/08/2019,19:00,Toulouse,Amiens,2,11.333333333333332,3.3333333333333335,0.3333333333333333,0.6666666666666666,0.3333333333333333,12.666666666666668,1.0,0.0,0.6666666666666666,6.333333333333333,1.9999999999999998,0.3333333333333333,0.0,0.6666666666666666,10.0,1.9999999999999998,1.3333333333333333,1.0
36,F1,01/09/2019,14:00,Reims,Lille,2,9.666666666666666,2.6666666666666665,0.3333333333333333,1.0,0.3333333333333333,13.333333333333332,1.0,0.0,0.6666666666666666,13.0,3.666666666666667,0.6666666666666666,0.0,0.3333333333333333,9.666666666666666,1.0,1.0,1.6666666666666665
37,F1,01/09/2019,14:00,Rennes,Nice,0,9.0,3.666666666666666,1.0,0.6666666666666666,0.0,15.666666666666664,2.0,0.3333333333333333,1.6666666666666665,11.666666666666668,4.0,0.6666666666666666,0.0,0.3333333333333333,9.666666666666668,3.0000000000000004,1.0,1.6666666666666665
38,F1,01/09/2019,16:00,Strasbourg,Monaco,1,12.0,2.0,0.0,0.6666666666666666,0.3333333333333333,12.666666666666664,1.3333333333333333,0.3333333333333333,0.3333333333333333,11.666666666666668,4.333333333333334,0.0,0.3333333333333333,0.6666666666666666,10.333333333333334,2.0,1.6666666666666665,0.6666666666666666
39,F1,01/09/2019,20:00,Marseille,St Etienne,2,10.333333333333334,3.0,0.3333333333333333,0.6666666666666666,0.3333333333333333,16.333333333333332,1.6666666666666665,0.0,0.6666666666666666,13.333333333333332,4.333333333333333,0.3333333333333333,0.3333333333333333,0.3333333333333333,12.666666666666666,1.0,0.0,1.0
40,F1,13/09/2019,18:00,Lille,Angers,2,12.5,3.5,0.5,0.5,0.5,11.0,1.25,0.5,1.25,12.75,3.75,0.75,0.0,0.25,12.75,1.25,0.0,2.0
41,F1,13/09/2019,19:45,Amiens,Lyon,1,7.25,1.75,0.25,0.5,0.75,9.5,1.75,0.5,0.75,12.0,4.75,0.5,0.25,0.25,11.75,2.75,1.25,2.5
42,F1,14/09/2019,16:30,Paris SG,Strasbourg,2,13.0,5.5,0.75,0.5,0.25,14.25,1.75,0.0,2.5,12.5,2.75,0.0,0.75,0.25,13.0,2.0,0.25,0.75
43,F1,14/09/2019,19:00,Bordeaux,Metz,2,12.25,4.0,0.25,1.0,0.25,15.5,2.0,0.0,1.25,9.0,4.25,0.25,0.25,0.5,11.75,1.25,0.0,1.0
44,F1,14/09/2019,19:00,Brest,Rennes,1,10.0,4.0,0.25,0.75,0.25,13.5,1.75,0.0,0.75,9.5,3.5,0.75,0.0,0.25,15.0,2.0,1.0,1.5
45,F1,14/09/2019,19:00,Dijon,Nimes,1,12.0,3.75,0.0,0.5,1.0,12.75,0.5,0.0,0.25,14.5,4.5,0.25,0.25,0.5,14.25,2.25,0.5,1.5
46,F1,14/09/2019,19:00,Montpellier,Nice,2,15.25,3.75,0.25,0.5,0.5,16.75,2.0,0.0,0.5,11.5,4.75,0.75,0.0,0.25,10.5,3.0,1.0,1.75
47,F1,15/09/2019,14:00,Nantes,Reims,2,16.25,5.5,0.5,0.75,0.25,15.0,1.75,0.0,1.0,10.25,3.25,0.5,0.25,0.25,14.75,1.5,0.0,1.0
48,F1,15/09/2019,16:00,St Etienne,Toulouse,1,13.0,4.0,0.25,1.0,0.5,11.25,1.25,0.0,0.75,11.75,3.5,0.5,0.25,0.25,13.25,0.75,0.0,1.0
49,F1,15/09/2019,20:00,Monaco,Marseille,0,12.75,4.75,0.0,0.75,0.5,12.0,2.25,0.75,1.0,10.0,2.75,0.5,0.25,0.25,16.25,2.5,0.0,0.75
50,F1,20/09/2019,19:45,Strasbourg,Nantes,2,11.2,2.8000000000000003,0.0,0.8,0.4,12.799999999999999,2.0,0.2,0.6000000000000001,14.6,5.2,0.6,0.2,0.2,15.6,1.5999999999999999,0.0,1.0
51,F1,21/09/2019,16:30,Marseille,Montpellier,1,10.6,3.4000000000000004,0.6,0.6,0.2,15.8,2.6,0.0,1.4000000000000001,15.6,4.6,0.4,0.2,0.4,16.8,2.0,0.0,0.8
52,F1,21/09/2019,19:00,Bordeaux,Brest,1,12.8,4.4,0.4,0.8,0.2,15.999999999999998,2.0,0.0,1.4,10.0,3.6,0.2,0.6,0.2,12.8,1.8000000000000003,0.0,0.6000000000000001
53,F1,21/09/2019,19:00,Metz,Amiens,0,10.2,4.0,0.2,0.6,0.6,12.399999999999999,1.4,0.0,0.8,8.0,1.7999999999999998,0.2,0.2,0.6,10.0,2.0,1.2,1.0
54,F1,21/09/2019,19:00,Nice,Dijon,2,11.799999999999999,4.8,0.6,0.6,0.4,10.600000000000001,2.8,0.2,1.5999999999999999,12.8,3.4,0.0,0.2,0.8,13.0,1.0,0.0,0.2
55,F1,21/09/2019,19:00,Nimes,Toulouse,2,13.0,4.2,0.2,0.6,0.4,13.600000000000001,1.9999999999999998,0.4,1.2000000000000002,11.4,4.199999999999999,0.4,0.4,0.2,13.2,0.6000000000000001,0.0,1.2000000000000002
56,F1,21/09/2019,19:00,Reims,Monaco,1,10.000000000000002,2.8000000000000003,0.4,0.8,0.4,14.8,1.8000000000000003,0.0,0.8,12.6,5.4,0.0,0.4,0.6,11.4,2.4000000000000004,1.4,1.4
57,F1,22/09/2019,14:00,Rennes,Lille,1,9.4,3.2,0.6,0.6,0.2,14.4,2.0,0.2,1.2,12.6,3.6000000000000005,0.6,0.0,0.4,9.4,1.2,2.0,1.4
58,F1,22/09/2019,16:00,Angers,St Etienne,2,11.799999999999999,3.8,0.6,0.4,0.4,13.399999999999999,1.4,0.0,1.8,13.2,4.0,0.2,0.4,0.4,12.0,1.6,0.0,1.0
59,F1,22/09/2019,20:00,Lyon,Paris SG,0,12.000000000000002,5.0,0.4,0.8,0.2,12.2,2.6,0.4,2.4,13.600000000000001,5.800000000000001,0.8,0.0,0.2,13.799999999999999,1.7999999999999998,0.0,2.2
60,F1,24/09/2019,18:00,Dijon,Marseille,1,12.833333333333332,4.0,0.0,0.6666666666666666,0.8333333333333334,13.0,1.3333333333333333,0.0,0.3333333333333333,12.833333333333334,3.6666666666666665,0.5,0.3333333333333333,0.16666666666666666,15.0,2.833333333333333,0.3333333333333333,1.3333333333333333
61,F1,24/09/2019,20:00,Monaco,Nice,2,12.5,5.166666666666667,0.0,0.6666666666666666,0.5,11.166666666666666,2.3333333333333335,0.5,1.1666666666666665,12.5,5.0,0.6666666666666666,0.0,0.3333333333333333,10.0,2.666666666666667,1.0,1.6666666666666665
62,F1,25/09/2019,18:00,Amiens,Bordeaux,0,8.166666666666666,2.333333333333333,0.3333333333333333,0.6666666666666666,0.5,10.333333333333332,1.8333333333333333,0.3333333333333333,1.1666666666666665,13.666666666666668,4.5,0.3333333333333333,0.5,0.16666666666666666,14.833333333333334,2.333333333333333,0.0,1.4999999999999998
63,F1,25/09/2019,18:00,Brest,Lyon,1,10.499999999999998,3.5,0.16666666666666666,0.8333333333333334,0.16666666666666666,12.5,1.9999999999999998,0.0,0.8333333333333333,12.0,4.166666666666666,0.3333333333333333,0.3333333333333333,0.3333333333333333,11.5,2.333333333333333,1.1666666666666667,2.0
64,F1,25/09/2019,18:00,Lille,Strasbourg,2,13.0,4.0,0.5,0.5,0.3333333333333333,9.666666666666666,1.1666666666666665,0.3333333333333333,1.3333333333333333,12.166666666666668,3.166666666666667,0.16666666666666666,0.5,0.3333333333333333,12.5,1.9999999999999998,0.16666666666666666,0.8333333333333333
65,F1,25/09/2019,18:00,Montpellier,Nimes,2,13.500000000000002,4.166666666666666,0.3333333333333333,0.5,0.3333333333333333,16.833333333333336,2.1666666666666665,0.16666666666666666,0.8333333333333333,14.0,4.166666666666667,0.3333333333333333,0.3333333333333333,0.3333333333333333,13.666666666666668,1.8333333333333335,0.3333333333333333,1.1666666666666667
66,F1,25/09/2019,18:00,Nantes,Rennes,2,13.833333333333334,4.833333333333334,0.5,0.6666666666666666,0.3333333333333333,15.666666666666666,1.6666666666666665,0.0,0.9999999999999999,9.666666666666666,3.1666666666666665,0.5,0.3333333333333333,0.16666666666666666,14.333333333333332,1.9999999999999998,1.0,1.1666666666666665
67,F1,25/09/2019,18:00,St Etienne,Metz,0,12.0,3.6666666666666665,0.16666666666666666,1.0,0.5,12.0,1.5,0.0,0.9999999999999999,10.666666666666666,4.000000000000001,0.16666666666666666,0.16666666666666666,0.6666666666666666,12.499999999999998,1.3333333333333333,0.0,0.8333333333333333
68,F1,25/09/2019,18:00,Toulouse,Angers,0,10.999999999999998,3.8333333333333335,0.3333333333333333,0.6666666666666666,0.3333333333333333,12.833333333333334,1.0,0.16666666666666666,1.0,12.166666666666668,4.0,0.6666666666666666,0.0,0.3333333333333333,13.333333333333332,1.3333333333333333,0.0,2.1666666666666665
69,F1,25/09/2019,20:00,Paris SG,Reims,0,14.833333333333332,6.0,0.8333333333333334,0.5,0.16666666666666666,12.5,1.6666666666666667,0.0,2.0,10.999999999999998,2.9999999999999996,0.3333333333333333,0.3333333333333333,0.3333333333333333,14.999999999999998,1.5,0.0,0.6666666666666666
70,F1,28/09/2019,12:30,Lyon,Nantes,0,11.857142857142856,4.285714285714286,0.2857142857142857,0.7142857142857143,0.2857142857142857,11.285714285714286,2.0,0.2857142857142857,1.9999999999999996,13.0,4.428571428571429,0.5714285714285714,0.14285714285714285,0.2857142857142857,15.714285714285712,1.714285714285714,0.0,0.9999999999999998
71,F1,28/09/2019,16:30,Bordeaux,Paris SG,0,13.857142857142856,4.714285714285714,0.42857142857142855,0.8571428571428571,0.14285714285714285,14.571428571428573,2.2857142857142856,0.0,1.7142857142857142,14.428571428571429,5.571428571428571,0.7142857142857143,0.0,0.2857142857142857,12.142857142857142,1.5714285714285712,0.0,1.714285714285714
72,F1,28/09/2019,19:00,Angers,Amiens,1,13.571428571428571,4.285714285714286,0.7142857142857143,0.42857142857142855,0.2857142857142857,13.14285714285714,1.1428571428571428,0.0,2.142857142857143,8.571428571428571,2.4285714285714284,0.2857142857142857,0.14285714285714285,0.5714285714285714,11.0,1.8571428571428568,1.1428571428571428,1.1428571428571428
73,F1,28/09/2019,19:00,Metz,Toulouse,1,10.857142857142858,3.5714285714285707,0.2857142857142857,0.5714285714285714,0.5714285714285714,12.428571428571427,1.4285714285714284,0.0,0.857142857142857,10.285714285714288,3.4285714285714284,0.2857142857142857,0.2857142857142857,0.42857142857142855,13.142857142857142,1.0,1.0,0.8571428571428571
74,F1,28/09/2019,19:00,Monaco,Brest,2,13.142857142857142,5.142857142857143,0.14285714285714285,0.5714285714285714,0.42857142857142855,11.000000000000002,2.2857142857142856,0.42857142857142855,1.4285714285714286,10.857142857142858,3.714285714285714,0.14285714285714285,0.7142857142857143,0.14285714285714285,12.000000000000002,1.7142857142857142,0.0,0.9999999999999999
75,F1,28/09/2019,19:00,Nice,Lille,1,12.142857142857144,4.714285714285714,0.5714285714285714,0.5714285714285714,0.42857142857142855,10.571428571428571,2.714285714285714,0.14285714285714285,1.5714285714285712,12.857142857142856,4.142857142857142,0.5714285714285714,0.14285714285714285,0.2857142857142857,9.285714285714286,0.9999999999999998,2.0,1.4285714285714284
76,F1,28/09/2019,19:00,Reims,Dijon,0,11.285714285714286,2.8571428571428568,0.42857142857142855,0.8571428571428571,0.2857142857142857,14.428571428571429,1.5714285714285712,0.0,0.8571428571428571,13.571428571428571,4.285714285714286,0.0,0.2857142857142857,0.7142857142857143,12.428571428571429,1.5714285714285714,0.0,0.2857142857142857
77,F1,29/09/2019,14:00,Strasbourg,Montpellier,2,11.142857142857142,2.857142857142857,0.14285714285714285,0.7142857142857143,0.42857142857142855,12.428571428571427,1.8571428571428568,0.14285714285714285,0.7142857142857142,13.285714285714285,4.142857142857142,0.42857142857142855,0.2857142857142857,0.2857142857142857,16.42857142857143,2.2857142857142856,1.0,0.857142857142857
78,F1,29/09/2019,16:00,Nimes,St Etienne,0,14.142857142857142,3.9999999999999996,0.2857142857142857,0.5714285714285714,0.42857142857142855,14.428571428571427,2.142857142857143,0.2857142857142857,1.0,12.428571428571429,3.5714285714285707,0.14285714285714285,0.2857142857142857,0.5714285714285714,11.999999999999998,1.857142857142857,0.0,0.857142857142857
79,F1,29/09/2019,20:00,Marseille,Rennes,1,12.285714285714286,3.4285714285714284,0.42857142857142855,0.7142857142857143,0.14285714285714285,14.857142857142856,2.8571428571428568,0.2857142857142857,1.1428571428571428,9.142857142857144,2.9999999999999996,0.42857142857142855,0.2857142857142857,0.2857142857142857,14.714285714285715,2.2857142857142856,1.0,0.9999999999999998
80,F1,04/10/2019,19:45,Amiens,Marseille,2,8.5,2.625,0.25,0.625,0.5,11.25,1.625,0.25,1.125,12.875,3.625,0.375,0.5,0.125,15.25,3.0,0.25,1.125
81,F1,05/10/2019,16:30,Paris SG,Angers,2,15.25,5.75,0.75,0.5,0.25,12.25,1.75,0.0,1.625,14.75,4.5,0.625,0.125,0.25,12.75,1.125,0.0,2.0
82,F1,05/10/2019,19:00,Brest,Metz,2,10.125,3.375,0.125,0.875,0.25,12.375,1.75,0.0,1.0,11.125,3.5,0.25,0.25,0.5,12.125,1.375,0.0,1.0
83,F1,05/10/2019,19:00,Dijon,Strasbourg,2,13.25,4.25,0.125,0.75,0.625,13.5,1.625,0.0,0.5,10.75,2.875,0.25,0.375,0.375,13.125,2.125,0.125,0.75
84,F1,05/10/2019,19:00,Montpellier,Monaco,2,13.0,4.0,0.375,0.5,0.375,16.0,2.25,0.125,0.75,14.125,6.125,0.25,0.375,0.375,10.5,2.125,1.25,1.75
85,F1,05/10/2019,19:00,Nantes,Nice,2,12.75,4.125,0.625,0.625,0.25,15.0,1.75,0.0,1.0,12.125,4.75,0.5,0.125,0.375,10.25,2.625,1.0,1.5
86,F1,05/10/2019,19:00,Toulouse,Bordeaux,0,10.875,3.75,0.25,0.625,0.375,13.625,1.0,0.125,1.0,12.625,4.25,0.375,0.375,0.25,14.0,2.0,0.0,1.5
87,F1,06/10/2019,14:00,Lille,Nimes,1,12.625,4.375,0.5,0.5,0.25,9.875,1.125,0.25,1.375,15.125,4.5,0.25,0.25,0.5,14.125,2.0,0.25,0.875
88,F1,06/10/2019,16:00,Rennes,Reims,0,9.5,2.875,0.375,0.75,0.25,14.5,2.0,0.125,1.0,12.125,2.75,0.375,0.25,0.375,13.625,1.5,0.0,0.875
89,F1,06/10/2019,20:00,St Etienne,Lyon,2,11.625,3.625,0.25,0.875,0.5,12.375,2.125,0.125,0.875,12.125,4.625,0.25,0.375,0.375,11.125,2.0,1.125,1.75
90,F1,18/10/2019,19:45,Nice,Paris SG,0,11.444444444444443,4.444444444444445,0.4444444444444444,0.6666666666666666,0.4444444444444444,9.888888888888891,2.555555555555556,0.1111111111111111,1.3333333333333335,15.222222222222221,6.0,0.7777777777777778,0.0,0.2222222222222222,12.222222222222223,1.8888888888888888,0.0,1.888888888888889
91,F1,19/10/2019,16:30,Lyon,Dijon,1,11.444444444444443,4.333333333333333,0.2222222222222222,0.6666666666666666,0.4444444444444444,11.888888888888888,2.0,0.2222222222222222,1.5555555555555558,12.666666666666668,4.111111111111111,0.2222222222222222,0.2222222222222222,0.5555555555555556,12.777777777777779,1.7777777777777775,0.0,0.5555555555555556
92,F1,19/10/2019,19:00,Angers,Brest,0,14.222222222222221,4.222222222222221,0.5555555555555556,0.5555555555555556,0.3333333333333333,12.555555555555557,1.1111111111111112,0.0,1.7777777777777777,9.777777777777779,3.333333333333334,0.2222222222222222,0.5555555555555556,0.2222222222222222,12.333333333333332,1.7777777777777777,0.0,1.1111111111111112
93,F1,19/10/2019,19:00,Metz,Nantes,2,11.222222222222223,3.5555555555555562,0.2222222222222222,0.6666666666666666,0.5555555555555556,12.444444444444443,1.3333333333333335,0.0,0.888888888888889,12.888888888888888,4.222222222222222,0.6666666666666666,0.1111111111111111,0.2222222222222222,14.888888888888888,1.666666666666667,0.0,1.0000000000000002
94,F1,19/10/2019,19:00,Nimes,Amiens,1,15.0,4.444444444444445,0.2222222222222222,0.5555555555555556,0.4444444444444444,13.666666666666666,1.888888888888889,0.2222222222222222,0.9999999999999999,8.777777777777779,2.8888888888888884,0.3333333333333333,0.2222222222222222,0.4444444444444444,11.777777777777775,1.5555555555555558,1.1111111111111112,1.3333333333333333
95,F1,19/10/2019,19:00,Reims,Montpellier,2,12.222222222222221,3.2222222222222223,0.4444444444444444,0.7777777777777778,0.3333333333333333,14.222222222222221,1.6666666666666667,0.0,0.8888888888888888,13.444444444444446,4.666666666666667,0.4444444444444444,0.2222222222222222,0.3333333333333333,16.22222222222222,2.111111111111111,1.0,1.0
96,F1,19/10/2019,19:00,Toulouse,Lille,2,11.333333333333332,3.7777777777777777,0.2222222222222222,0.5555555555555556,0.4444444444444444,13.88888888888889,1.3333333333333333,0.1111111111111111,1.0,13.222222222222221,4.666666666666667,0.4444444444444444,0.3333333333333333,0.2222222222222222,10.88888888888889,1.3333333333333333,2.0,1.4444444444444446
97,F1,20/10/2019,14:00,Bordeaux,St Etienne,0,12.333333333333332,4.222222222222222,0.4444444444444444,0.7777777777777778,0.2222222222222222,14.222222222222221,2.0,0.0,1.6666666666666665,10.999999999999998,3.666666666666667,0.3333333333333333,0.2222222222222222,0.4444444444444444,12.444444444444445,2.0,1.0,0.8888888888888891
98,F1,20/10/2019,16:00,Monaco,Rennes,2,14.11111111111111,5.888888888888888,0.2222222222222222,0.5555555555555556,0.4444444444444444,10.555555555555557,2.111111111111111,0.4444444444444444,1.6666666666666665,10.444444444444445,2.8888888888888893,0.3333333333333333,0.3333333333333333,0.3333333333333333,14.333333333333334,1.888888888888889,1.0,0.8888888888888891
99,F1,20/10/2019,20:00,Marseille,Strasbourg,2,12.88888888888889,3.666666666666667,0.3333333333333333,0.7777777777777778,0.2222222222222222,15.222222222222221,3.0000000000000004,0.2222222222222222,1.1111111111111112,11.222222222222221,2.777777777777778,0.2222222222222222,0.3333333333333333,0.4444444444444444,13.222222222222221,2.2222222222222223,0.1111111111111111,0.6666666666666667
100,F1,25/10/2019,19:45,Nantes,Monaco,0,12.500000000000002,4.0,0.6,0.6,0.3,14.700000000000001,1.6,0.1,0.8999999999999999,14.1,5.800000000000001,0.3,0.3,0.4,11.0,2.1,2.2,1.8
101,F1,26/10/2019,16:30,Lille,Bordeaux,2,12.8,4.4,0.4,0.6,0.3,10.9,1.6,0.2,1.4000000000000001,12.3,4.4,0.4,0.3,0.3,13.499999999999998,1.7999999999999998,0.0,1.5
102,F1,26/10/2019,19:00,Brest,Dijon,2,9.399999999999999,3.1,0.3,0.8,0.2,12.2,1.6,0.0,1.1,12.0,3.8,0.2,0.3,0.5,12.599999999999998,1.6,0.0,0.5
103,F1,26/10/2019,19:00,Lyon,Metz,2,12.700000000000001,4.9,0.2,0.7,0.4,11.899999999999999,1.8,0.2,1.4,11.1,3.4,0.3,0.2,0.5,12.799999999999999,1.4000000000000001,0.0,0.9
104,F1,26/10/2019,19:00,Montpellier,Angers,1,12.999999999999998,4.199999999999999,0.4,0.5,0.4,15.700000000000001,1.9000000000000001,0.1,0.8999999999999999,15.700000000000001,4.4,0.5,0.1,0.4,12.299999999999999,1.0999999999999999,0.0,1.6
105,F1,26/10/2019,19:00,Reims,Nimes,1,12.200000000000001,3.4000000000000004,0.5,0.7,0.3,14.700000000000001,1.7000000000000002,0.0,0.9,14.600000000000001,4.3,0.2,0.4,0.4,13.4,1.9000000000000001,0.2,1.0000000000000002
106,F1,26/10/2019,19:00,Strasbourg,Nice,2,11.1,2.7,0.2,0.7,0.5,13.4,2.2,0.1,0.6,11.299999999999999,4.2,0.4,0.1,0.5,10.1,2.6,1.2,1.3000000000000003
107,F1,27/10/2019,14:00,Rennes,Toulouse,2,10.4,2.9,0.3,0.7,0.4,14.4,2.0,0.1,1.0,11.899999999999999,4.0,0.3,0.3,0.4,13.999999999999998,1.4000000000000001,1.0,1.1
108,F1,27/10/2019,16:00,St Etienne,Amiens,1,10.499999999999998,3.5999999999999996,0.4,0.8,0.4,13.000000000000002,2.1,0.1,0.8999999999999999,9.200000000000001,3.1,0.3,0.3,0.4,12.1,1.8000000000000003,1.1,1.3
109,F1,27/10/2019,20:00,Paris SG,Marseille,2,16.099999999999998,6.4,0.8,0.5,0.2,12.5,1.9,0.0,2.1,12.7,3.9000000000000004,0.4,0.4,0.2,15.000000000000002,2.9999999999999996,0.2,1.2
110,F1,01/11/2019,19:45,Dijon,Paris SG,2,12.181818181818182,3.9090909090909087,0.18181818181818182,0.7272727272727273,0.5454545454545454,12.181818181818182,1.4545454545454546,0.0,0.4545454545454546,15.636363636363635,6.454545454545455,0.8181818181818182,0.0,0.18181818181818182,12.272727272727272,1.9090909090909092,0.0,2.272727272727273
111,F1,02/11/2019,16:30,Marseille,Lille,2,12.0,3.6363636363636362,0.36363636363636365,0.7272727272727273,0.2727272727272727,14.181818181818183,2.8181818181818175,0.18181818181818182,1.090909090909091,12.636363636363635,4.2727272727272725,0.45454545454545453,0.2727272727272727,0.2727272727272727,11.454545454545453,1.4545454545454546,2.0,1.5454545454545454
112,F1,02/11/2019,19:00,Amiens,Brest,2,9.363636363636363,3.272727272727273,0.2727272727272727,0.6363636363636364,0.36363636363636365,12.545454545454545,1.909090909090909,0.18181818181818182,1.3636363636363635,9.909090909090908,3.4545454545454537,0.36363636363636365,0.45454545454545453,0.18181818181818182,11.999999999999998,1.4545454545454546,0.09090909090909091,1.1818181818181819
113,F1,02/11/2019,19:00,Angers,Strasbourg,2,15.454545454545453,4.545454545454545,0.45454545454545453,0.5454545454545454,0.36363636363636365,12.27272727272727,1.272727272727273,0.0,1.4545454545454546,11.909090909090907,2.9999999999999996,0.2727272727272727,0.2727272727272727,0.45454545454545453,14.181818181818182,2.090909090909091,0.09090909090909091,0.6363636363636364
114,F1,02/11/2019,19:00,Metz,Montpellier,1,11.545454545454547,3.3636363636363633,0.2727272727272727,0.6363636363636364,0.5454545454545454,12.454545454545453,1.4545454545454546,0.0,0.8181818181818182,13.090909090909092,4.090909090909091,0.36363636363636365,0.2727272727272727,0.36363636363636365,15.545454545454547,1.9090909090909092,1.0,0.8181818181818182
115,F1,02/11/2019,19:00,Toulouse,Lyon,0,12.18181818181818,4.090909090909091,0.2727272727272727,0.5454545454545454,0.45454545454545453,14.545454545454545,1.4545454545454546,0.09090909090909091,1.1818181818181819,13.181818181818182,5.090909090909091,0.2727272727272727,0.36363636363636365,0.36363636363636365,11.909090909090907,1.7272727272727273,1.0909090909090908,1.4545454545454546
116,F1,03/11/2019,14:00,Bordeaux,Nantes,2,11.636363636363635,4.090909090909091,0.36363636363636365,0.7272727272727273,0.36363636363636365,13.909090909090908,1.8181818181818186,0.0,1.3636363636363638,12.727272727272728,4.0,0.5454545454545454,0.09090909090909091,0.36363636363636365,14.181818181818182,1.6363636363636365,1.0,0.8181818181818183
117,F1,03/11/2019,16:00,Nice,Reims,2,11.09090909090909,4.2727272727272725,0.36363636363636365,0.6363636363636364,0.5454545454545454,10.272727272727273,2.636363636363636,0.36363636363636365,1.1818181818181817,11.999999999999998,3.3636363636363633,0.45454545454545453,0.2727272727272727,0.2727272727272727,14.727272727272725,1.8181818181818181,0.0,0.8181818181818182
118,F1,03/11/2019,20:00,St Etienne,Monaco,2,10.909090909090907,3.3636363636363633,0.36363636363636365,0.8181818181818182,0.36363636363636365,13.363636363636363,2.090909090909091,0.09090909090909091,1.0,13.454545454545457,5.454545454545453,0.36363636363636365,0.2727272727272727,0.36363636363636365,11.181818181818182,2.090909090909091,2.1818181818181817,1.727272727272727
119,F1,08/11/2019,19:45,Nice,Bordeaux,1,11.166666666666666,4.416666666666666,0.4166666666666667,0.5833333333333334,0.5,10.333333333333334,2.5000000000000004,0.3333333333333333,1.25,11.500000000000002,4.333333333333334,0.4166666666666667,0.25,0.3333333333333333,14.250000000000002,2.0,0.0,1.4166666666666667
120,F1,09/11/2019,16:30,Brest,Paris SG,0,10.249999999999998,3.416666666666667,0.3333333333333333,0.75,0.25,11.916666666666666,1.4166666666666665,0.08333333333333333,1.0833333333333333,15.999999999999998,6.249999999999999,0.75,0.0,0.25,12.0,1.916666666666667,0.0,2.1666666666666665
121,F1,09/11/2019,19:00,Lille,Metz,1,12.083333333333332,4.083333333333333,0.4166666666666667,0.5833333333333334,0.3333333333333333,11.749999999999998,1.5833333333333333,0.16666666666666666,1.4999999999999998,11.5,3.4166666666666674,0.25,0.25,0.5,12.416666666666666,1.4166666666666667,0.0,0.9166666666666666
122,F1,09/11/2019,19:00,Monaco,Dijon,2,13.25,5.166666666666667,0.3333333333333333,0.5833333333333334,0.4166666666666667,11.083333333333334,2.0000000000000004,0.41666666666666663,1.583333333333333,11.999999999999998,4.083333333333334,0.25,0.25,0.5,12.166666666666666,1.5833333333333333,0.0,0.5833333333333333
123,F1,09/11/2019,19:00,Reims,Angers,1,11.916666666666666,3.333333333333333,0.4166666666666667,0.75,0.3333333333333333,14.916666666666666,1.9166666666666667,0.08333333333333333,0.7500000000000001,14.916666666666668,4.583333333333333,0.5,0.16666666666666666,0.3333333333333333,12.333333333333334,1.25,0.0,1.4166666666666665
124,F1,09/11/2019,19:00,Strasbourg,Nimes,2,11.583333333333334,3.0,0.25,0.6666666666666666,0.5,14.666666666666666,1.9999999999999998,0.08333333333333333,0.5833333333333333,13.90909090909091,4.0,0.18181818181818182,0.45454545454545453,0.36363636363636365,13.363636363636363,1.8181818181818181,0.18181818181818182,0.9090909090909091
125,F1,10/11/2019,14:00,Rennes,Amiens,2,10.727272727272727,3.181818181818181,0.36363636363636365,0.6363636363636364,0.36363636363636365,14.727272727272727,1.909090909090909,0.09090909090909091,1.1818181818181819,9.083333333333334,3.166666666666666,0.3333333333333333,0.3333333333333333,0.3333333333333333,12.499999999999998,1.9999999999999998,1.0833333333333333,1.3333333333333333
126,F1,10/11/2019,16:00,Montpellier,Toulouse,2,13.0,4.083333333333333,0.3333333333333333,0.5833333333333334,0.3333333333333333,15.833333333333334,1.9166666666666667,0.08333333333333333,0.9166666666666666,12.166666666666666,4.166666666666667,0.25,0.25,0.5,14.166666666666668,1.5833333333333335,1.0,1.25
127,F1,10/11/2019,16:00,Nantes,St Etienne,0,12.416666666666666,3.833333333333333,0.5,0.5833333333333334,0.4166666666666667,14.416666666666666,1.7499999999999998,0.08333333333333333,0.75,11.0,3.5,0.4166666666666667,0.25,0.3333333333333333,13.333333333333334,1.9999999999999998,1.0,1.0
128,F1,10/11/2019,20:00,Marseille,Lyon,2,11.916666666666666,3.416666666666667,0.4166666666666667,0.6666666666666666,0.25,14.083333333333334,2.666666666666667,0.16666666666666666,1.1666666666666667,13.833333333333334,5.333333333333333,0.3333333333333333,0.3333333333333333,0.3333333333333333,11.25,1.5833333333333333,1.0833333333333333,1.5833333333333335
129,F1,22/11/2019,19:45,Paris SG,Lille,2,16.153846153846153,6.384615384615383,0.7692307692307693,0.5384615384615384,0.23076923076923078,12.076923076923077,1.923076923076923,0.0,2.1538461538461537,12.153846153846153,4.153846153846154,0.38461538461538464,0.3076923076923077,0.3076923076923077,12.076923076923077,1.6153846153846154,2.0,1.3846153846153846
130,F1,23/11/2019,16:30,Lyon,Nice,2,13.615384615384617,5.230769230769231,0.3076923076923077,0.6923076923076923,0.38461538461538464,11.076923076923078,1.4615384615384615,0.15384615384615385,1.5384615384615385,11.076923076923078,4.461538461538462,0.38461538461538464,0.15384615384615385,0.46153846153846156,10.538461538461538,2.4615384615384617,2.1538461538461537,1.2307692307692306
131,F1,23/11/2019,19:00,Amiens,Strasbourg,0,9.384615384615383,3.384615384615385,0.3076923076923077,0.6153846153846154,0.38461538461538464,12.846153846153847,2.153846153846154,0.15384615384615385,1.3076923076923075,12.23076923076923,3.5384615384615388,0.3076923076923077,0.23076923076923078,0.46153846153846156,14.538461538461537,2.0,0.07692307692307693,0.8461538461538463
132,F1,23/11/2019,19:00,Angers,Nimes,2,14.769230769230768,4.384615384615386,0.46153846153846156,0.5384615384615384,0.3076923076923077,12.230769230769232,1.3846153846153846,0.07692307692307693,1.3076923076923075,13.583333333333334,4.0,0.16666666666666666,0.4166666666666667,0.4166666666666667,13.000000000000002,1.8333333333333333,1.1666666666666667,0.9166666666666667
133,F1,23/11/2019,19:00,Brest,Nantes,1,10.76923076923077,3.4615384615384617,0.3076923076923077,0.6923076923076923,0.3076923076923077,11.769230769230772,1.3846153846153846,0.07692307692307693,1.0769230769230769,12.153846153846152,3.9999999999999996,0.46153846153846156,0.07692307692307693,0.46153846153846156,13.76923076923077,1.6923076923076923,1.0,0.8461538461538461
134,F1,23/11/2019,19:00,Dijon,Rennes,2,12.230769230769232,4.0,0.23076923076923078,0.6923076923076923,0.5384615384615384,11.846153846153847,1.4615384615384617,0.0,0.5384615384615385,11.666666666666666,3.8333333333333335,0.4166666666666667,0.25,0.3333333333333333,14.5,1.9999999999999998,1.0,1.3333333333333333
135,F1,23/11/2019,19:00,Metz,Reims,1,10.923076923076925,3.2307692307692313,0.23076923076923078,0.6923076923076923,0.46153846153846156,12.461538461538462,1.4615384615384617,0.0,0.8461538461538461,11.692307692307693,3.2307692307692304,0.38461538461538464,0.3076923076923077,0.3076923076923077,14.846153846153845,1.8461538461538465,1.0,0.6923076923076923
136,F1,24/11/2019,14:00,Bordeaux,Monaco,2,11.384615384615387,4.307692307692308,0.38461538461538464,0.6923076923076923,0.3076923076923077,14.384615384615387,2.0,0.0,1.3846153846153848,13.615384615384617,5.307692307692309,0.38461538461538464,0.23076923076923078,0.38461538461538464,11.076923076923078,2.0,3.1538461538461537,1.5384615384615385
137,F1,24/11/2019,16:00,St Etienne,Montpellier,1,11.0,3.5384615384615383,0.46153846153846156,0.7692307692307693,0.3076923076923077,13.0,1.846153846153846,0.07692307692307693,1.153846153846154,12.615384615384613,4.0,0.38461538461538464,0.3076923076923077,0.3076923076923077,16.076923076923077,1.923076923076923,1.0,1.0769230769230769
138,F1,24/11/2019,20:00,Toulouse,Marseille,0,11.692307692307693,3.9999999999999996,0.23076923076923078,0.5384615384615384,0.5384615384615384,14.384615384615387,1.6153846153846154,0.07692307692307693,1.1538461538461537,11.769230769230772,3.4615384615384617,0.46153846153846156,0.3076923076923077,0.23076923076923078,14.076923076923075,2.692307692307693,0.23076923076923078,1.2307692307692308
139,F1,29/11/2019,19:45,Marseille,Brest,2,11.92857142857143,3.714285714285714,0.5,0.6428571428571429,0.21428571428571427,14.0,2.7142857142857144,0.21428571428571427,1.2857142857142854,10.928571428571427,3.5,0.2857142857142857,0.42857142857142855,0.2857142857142857,11.5,1.4285714285714284,0.07142857142857142,1.0714285714285712
140,F1,30/11/2019,16:30,Strasbourg,Lyon,0,12.57142857142857,3.9285714285714284,0.35714285714285715,0.6428571428571429,0.42857142857142855,14.071428571428571,1.928571428571428,0.07142857142857142,1.0714285714285712,13.285714285714286,5.142857142857142,0.35714285714285715,0.2857142857142857,0.35714285714285715,11.214285714285715,1.4999999999999998,1.1428571428571428,1.571428571428571
141,F1,30/11/2019,19:00,Lille,Dijon,2,12.214285714285715,4.428571428571428,0.35714285714285715,0.6428571428571429,0.35714285714285715,12.0,1.4999999999999998,0.14285714285714285,1.2857142857142854,12.499999999999998,4.142857142857143,0.2857142857142857,0.21428571428571427,0.5,12.285714285714288,1.4285714285714284,0.0,0.6428571428571428
142,F1,30/11/2019,19:00,Montpellier,Amiens,2,12.285714285714285,3.857142857142857,0.35714285714285715,0.5714285714285714,0.2857142857142857,16.28571428571429,1.9999999999999996,0.07142857142857142,0.9999999999999999,9.071428571428571,3.142857142857143,0.2857142857142857,0.2857142857142857,0.42857142857142855,12.428571428571427,2.1428571428571423,1.1428571428571428,1.2142857142857142
143,F1,30/11/2019,19:00,Nice,Angers,2,11.499999999999998,4.642857142857142,0.35714285714285715,0.6428571428571429,0.5,10.714285714285715,2.571428571428571,0.3571428571428571,1.214285714285714,15.214285714285714,4.571428571428571,0.5,0.21428571428571427,0.2857142857142857,12.214285714285715,1.4285714285714284,1.0,1.2857142857142856
144,F1,30/11/2019,19:00,Nimes,Metz,1,13.307692307692308,3.8461538461538463,0.15384615384615385,0.6923076923076923,0.46153846153846156,12.461538461538462,1.769230769230769,0.23076923076923078,0.8461538461538463,10.785714285714286,3.1428571428571423,0.21428571428571427,0.35714285714285715,0.42857142857142855,12.571428571428571,1.4999999999999996,0.0,0.857142857142857
145,F1,30/11/2019,19:00,Reims,Bordeaux,1,12.142857142857144,3.4285714285714284,0.35714285714285715,0.7857142857142857,0.2857142857142857,14.714285714285714,1.8571428571428565,0.14285714285714285,0.7142857142857142,11.785714285714283,4.428571428571429,0.42857142857142855,0.2857142857142857,0.2857142857142857,14.5,2.071428571428571,0.0,1.4285714285714284
146,F1,01/12/2019,14:00,Nantes,Toulouse,2,12.07142857142857,3.9999999999999996,0.42857142857142855,0.5714285714285714,0.42857142857142855,13.57142857142857,1.6428571428571423,0.07142857142857142,0.857142857142857,11.571428571428571,3.9285714285714284,0.21428571428571427,0.21428571428571427,0.5714285714285714,14.499999999999998,1.714285714285714,1.0714285714285714,1.0714285714285712
147,F1,01/12/2019,16:00,Rennes,St Etienne,2,11.615384615384615,3.8461538461538467,0.38461538461538464,0.6153846153846154,0.38461538461538464,14.538461538461538,2.0,0.07692307692307693,1.3076923076923077,10.85714285714286,3.4285714285714284,0.42857142857142855,0.2857142857142857,0.2857142857142857,13.357142857142856,1.9285714285714282,1.0,1.0714285714285712
148,F1,03/12/2019,18:00,Angers,Marseille,0,14.866666666666667,4.533333333333333,0.4666666666666667,0.5333333333333333,0.3333333333333333,12.26666666666667,1.4,0.06666666666666667,1.2666666666666666,13.399999999999999,4.133333333333334,0.5333333333333333,0.26666666666666666,0.2,13.8,2.5333333333333337,0.2,1.3333333333333333
149,F1,03/12/2019,18:00,Bordeaux,Nimes,2,11.333333333333334,4.2,0.4,0.6666666666666666,0.26666666666666666,14.466666666666667,1.9999999999999998,0.0,1.4,13.357142857142856,3.7857142857142856,0.14285714285714285,0.42857142857142855,0.42857142857142855,12.428571428571429,1.714285714285714,1.1428571428571428,0.857142857142857
150,F1,03/12/2019,18:00,Brest,Strasbourg,2,10.466666666666667,3.3333333333333335,0.26666666666666666,0.7333333333333333,0.3333333333333333,11.666666666666664,1.4666666666666666,0.06666666666666667,1.0666666666666667,12.333333333333332,3.8,0.3333333333333333,0.2,0.4666666666666667,13.933333333333335,1.9999999999999998,0.06666666666666667,1.0666666666666667
151,F1,03/12/2019,20:05,Lyon,Lille,0,12.933333333333332,5.066666666666666,0.4,0.6666666666666666,0.3333333333333333,11.200000000000001,1.4666666666666666,0.2,1.5999999999999999,12.666666666666668,4.466666666666667,0.4,0.26666666666666666,0.3333333333333333,12.266666666666666,1.5333333333333332,2.0,1.2666666666666666
152,F1,04/12/2019,18:00,Dijon,Montpellier,1,12.2,3.866666666666667,0.26666666666666666,0.6666666666666666,0.5333333333333333,12.533333333333331,1.4,0.0,0.6,12.8,4.266666666666667,0.4,0.3333333333333333,0.26666666666666666,16.066666666666663,1.9333333333333331,1.0,1.2
153,F1,04/12/2019,18:00,Metz,Rennes,0,10.733333333333333,3.2,0.2,0.7333333333333333,0.4,13.0,1.7999999999999998,0.0,0.8666666666666666,11.785714285714286,3.928571428571428,0.42857142857142855,0.21428571428571427,0.35714285714285715,14.571428571428573,1.9285714285714282,1.0,1.357142857142857
154,F1,04/12/2019,18:00,St Etienne,Nice,2,10.466666666666669,3.266666666666667,0.4,0.8,0.3333333333333333,13.199999999999998,1.9999999999999998,0.06666666666666667,1.0666666666666667,11.4,4.800000000000001,0.4,0.13333333333333333,0.4666666666666667,10.666666666666666,2.533333333333333,3.1333333333333333,1.3333333333333333
155,F1,04/12/2019,18:00,Toulouse,Monaco,0,11.266666666666667,3.866666666666667,0.2,0.5333333333333333,0.6,14.533333333333333,1.7999999999999998,0.2,1.0666666666666667,13.42857142857143,5.142857142857143,0.35714285714285715,0.21428571428571427,0.42857142857142855,11.714285714285715,2.214285714285714,4.142857142857142,1.4999999999999998
156,F1,04/12/2019,20:05,Paris SG,Nantes,2,15.785714285714288,6.2142857142857135,0.7857142857142857,0.5,0.21428571428571427,12.142857142857142,1.9285714285714282,0.0,2.1428571428571423,12.666666666666666,4.266666666666667,0.4666666666666667,0.13333333333333333,0.4,13.666666666666666,1.5999999999999999,1.0,0.9333333333333332
157,F1,06/12/2019,18:00,Lille,Brest,2,12.375,4.3125,0.4375,0.625,0.3125,12.0625,1.5625,0.125,1.25,10.5,3.625,0.3125,0.375,0.3125,11.5,1.5,0.0625,1.3125
158,F1,06/12/2019,19:45,Nimes,Lyon,0,12.933333333333332,3.6000000000000005,0.13333333333333333,0.7333333333333333,0.4666666666666667,12.466666666666667,1.6666666666666665,0.2,0.7999999999999999,12.8125,4.9375,0.375,0.25,0.375,11.3125,1.4375,1.125,1.5
159,F1,07/12/2019,16:30,Montpellier,Paris SG,0,13.125,4.375,0.375,0.5625,0.25,16.3125,2.0,0.0625,1.25,15.399999999999997,6.2,0.8,0.0,0.2,12.066666666666665,1.8666666666666665,0.0,2.1333333333333333
160,F1,07/12/2019,19:00,Monaco,Amiens,2,13.73333333333333,5.2666666666666675,0.4,0.6,0.4,11.6,2.1333333333333333,0.39999999999999997,1.5333333333333332,8.866666666666667,3.0666666666666664,0.26666666666666666,0.26666666666666666,0.4666666666666667,12.6,2.1333333333333333,2.1333333333333333,1.2666666666666666
161,F1,07/12/2019,19:00,Nice,Metz,2,11.6875,4.75,0.375,0.625,0.5,10.6875,2.5625,0.3125,1.3125,11.3125,3.25,0.1875,0.375,0.4375,13.0,1.8125,0.0,0.8125
162,F1,07/12/2019,19:00,Rennes,Angers,2,11.8,3.8,0.4666666666666667,0.6,0.3333333333333333,14.133333333333335,1.7999999999999998,0.06666666666666667,1.3333333333333333,14.5,4.375,0.4375,0.1875,0.375,12.1875,1.375,1.0,1.1875
163,F1,07/12/2019,19:00,Strasbourg,Toulouse,2,12.125,3.75,0.3125,0.625,0.5,13.75,1.9375,0.0625,1.0,11.4375,3.8125,0.1875,0.1875,0.625,14.75,1.6875,2.0625,1.0625
164,F1,08/12/2019,14:00,Reims,St Etienne,2,12.599999999999998,3.6,0.3333333333333333,0.8,0.26666666666666666,14.666666666666668,1.8666666666666665,0.2,0.7333333333333333,10.75,3.5,0.4375,0.25,0.3125,13.3125,2.0,1.0,1.25
165,F1,08/12/2019,16:00,Nantes,Dijon,2,12.5625,4.25,0.4375,0.5625,0.4375,13.6875,1.625,0.0625,0.875,12.5625,3.75,0.25,0.25,0.5,12.6875,1.5,0.0,0.6875
166,F1,08/12/2019,20:00,Marseille,Bordeaux,2,13.1875,4.125,0.5625,0.625,0.1875,13.625,2.4375,0.1875,1.375,11.375,4.4375,0.4375,0.3125,0.25,14.4375,2.0,0.0,1.6875
167,F1,13/12/2019,19:45,Lille,Montpellier,2,12.588235294117647,4.647058823529411,0.47058823529411764,0.5882352941176471,0.29411764705882354,11.941176470588234,1.4705882352941178,0.11764705882352941,1.2352941176470589,12.705882352941176,4.1764705882352935,0.35294117647058826,0.35294117647058826,0.29411764705882354,16.352941176470587,2.1764705882352944,1.0588235294117647,1.2352941176470589
168,F1,14/12/2019,16:30,Metz,Marseille,1,11.705882352941174,3.2352941176470584,0.17647058823529413,0.7058823529411765,0.47058823529411764,13.0,1.823529411764706,0.0,0.823529411764706,13.882352941176471,4.235294117647059,0.5882352941176471,0.23529411764705882,0.17647058823529413,13.411764705882353,2.411764705882353,0.1764705882352941,1.4705882352941178
169,F1,14/12/2019,19:00,Amiens,Dijon,1,8.625,3.0,0.25,0.625,0.5,12.3125,2.0,0.25,1.1875,12.11764705882353,3.5882352941176463,0.23529411764705882,0.23529411764705882,0.5294117647058824,12.764705882352942,1.5294117647058825,0.0,0.6470588235294118
170,F1,14/12/2019,19:00,Angers,Monaco,1,14.352941176470585,4.1764705882352935,0.4117647058823529,0.5294117647058824,0.4117647058823529,12.176470588235293,1.3529411764705883,0.058823529411764705,1.1764705882352942,14.125,5.4375,0.4375,0.1875,0.375,11.5,2.0,4.125,1.625
171,F1,14/12/2019,19:00,Brest,Nice,1,10.235294117647058,3.411764705882353,0.29411764705882354,0.7058823529411765,0.35294117647058826,11.352941176470589,1.4705882352941178,0.058823529411764705,1.2352941176470589,11.823529411764707,4.764705882352941,0.4117647058823529,0.11764705882352941,0.47058823529411764,10.529411764705882,2.411764705882353,3.1176470588235294,1.4705882352941178
172,F1,14/12/2019,19:00,Nimes,Nantes,0,12.5,3.5,0.125,0.6875,0.5,12.3125,1.6875,0.3125,0.75,12.823529411764705,4.352941176470588,0.47058823529411764,0.11764705882352941,0.4117647058823529,13.588235294117647,1.5882352941176472,1.0,0.8823529411764707
173,F1,14/12/2019,19:00,Toulouse,Reims,0,11.588235294117649,4.117647058823529,0.17647058823529413,0.5294117647058824,0.6470588235294118,14.294117647058824,1.647058823529412,0.1764705882352941,1.1176470588235294,12.4375,3.5625,0.375,0.375,0.25,14.375,1.875,2.0625,0.875
174,F1,15/12/2019,14:00,Bordeaux,Strasbourg,0,10.882352941176471,4.2941176470588225,0.4117647058823529,0.6470588235294118,0.29411764705882354,14.11764705882353,1.9411764705882355,0.0,1.647058823529412,12.470588235294116,3.941176470588235,0.35294117647058826,0.17647058823529413,0.47058823529411764,13.52941176470588,1.823529411764706,0.058823529411764705,1.1764705882352942
175,F1,15/12/2019,16:00,Lyon,Rennes,0,13.352941176470589,5.11764705882353,0.4117647058823529,0.6470588235294118,0.35294117647058826,11.52941176470588,1.4705882352941178,0.1764705882352941,1.647058823529412,11.5625,3.75,0.5,0.1875,0.3125,14.1875,1.875,1.0,1.375
176,F1,15/12/2019,20:00,St Etienne,Paris SG,0,10.76470588235294,3.529411764705882,0.4117647058823529,0.7647058823529411,0.35294117647058826,13.35294117647059,2.0,0.058823529411764705,1.2352941176470589,15.3125,6.125,0.8125,0.0,0.1875,12.4375,1.9375,0.0,2.1875
177,F1,21/12/2019,19:45,Dijon,Metz,1,12.000000000000002,3.666666666666666,0.2222222222222222,0.7222222222222222,0.5,12.500000000000002,1.6111111111111112,0.0,0.6666666666666667,11.38888888888889,3.2222222222222223,0.16666666666666666,0.3888888888888889,0.4444444444444444,13.111111111111109,1.9444444444444446,0.0,0.8333333333333335
178,F1,21/12/2019,19:45,Marseille,Nimes,2,14.000000000000002,4.277777777777778,0.5555555555555556,0.6111111111111112,0.16666666666666666,13.388888888888886,2.3333333333333335,0.16666666666666666,1.4444444444444449,12.705882352941178,3.529411764705882,0.11764705882352941,0.35294117647058826,0.5294117647058824,12.588235294117647,1.5882352941176472,1.2352941176470589,0.7058823529411765
179,F1,21/12/2019,19:45,Monaco,Lille,2,13.705882352941176,5.235294117647059,0.4117647058823529,0.5882352941176471,0.35294117647058826,11.705882352941176,2.058823529411765,0.35294117647058826,1.5294117647058825,12.666666666666666,4.888888888888889,0.5,0.2222222222222222,0.2777777777777778,11.999999999999998,1.5555555555555558,2.0,1.277777777777778
180,F1,21/12/2019,19:45,Montpellier,Brest,2,12.555555555555557,4.166666666666666,0.3333333333333333,0.5555555555555556,0.3333333333333333,16.277777777777775,2.111111111111111,0.1111111111111111,1.2222222222222223,10.555555555555555,3.4444444444444446,0.2777777777777778,0.3888888888888889,0.3333333333333333,11.444444444444443,1.5555555555555558,0.05555555555555555,1.166666666666667
181,F1,21/12/2019,19:45,Nantes,Angers,0,12.666666666666664,4.388888888888889,0.5,0.5555555555555556,0.3888888888888889,14.0,1.6666666666666672,0.05555555555555555,0.8888888888888891,14.111111111111107,4.222222222222222,0.3888888888888889,0.2222222222222222,0.3888888888888889,12.388888888888888,1.5,1.0,1.1111111111111112
182,F1,21/12/2019,19:45,Nice,Toulouse,2,12.0,4.888888888888889,0.3888888888888889,0.6111111111111112,0.4444444444444444,10.555555555555557,2.3888888888888893,0.2777777777777778,1.3888888888888893,11.444444444444446,4.166666666666666,0.16666666666666666,0.16666666666666666,0.6666666666666666,14.444444444444446,1.5555555555555558,2.0555555555555554,1.0555555555555558
183,F1,21/12/2019,19:45,Paris SG,Amiens,2,15.64705882352941,6.529411764705882,0.8235294117647058,0.5294117647058824,0.17647058823529413,12.235294117647058,1.8823529411764708,0.0,2.294117647058824,8.470588235294118,2.9411764705882355,0.23529411764705882,0.29411764705882354,0.47058823529411764,12.470588235294118,1.9411764705882355,2.1176470588235294,1.1764705882352942
184,F1,21/12/2019,19:45,Reims,Lyon,1,12.294117647058822,3.5882352941176467,0.4117647058823529,0.7647058823529411,0.23529411764705882,14.352941176470589,1.8823529411764708,0.1764705882352941,0.8823529411764707,13.166666666666663,5.000000000000001,0.3888888888888889,0.2222222222222222,0.3888888888888889,11.999999999999998,1.5555555555555558,1.1111111111111112,1.5555555555555558
185,F1,21/12/2019,19:45,Rennes,Bordeaux,2,11.588235294117645,3.8823529411764706,0.5294117647058824,0.5882352941176471,0.29411764705882354,14.23529411764706,1.9411764705882355,0.058823529411764705,1.3529411764705883,10.999999999999998,4.222222222222222,0.3888888888888889,0.2777777777777778,0.3333333333333333,14.000000000000002,2.0000000000000004,0.0,1.5555555555555556
186,F1,21/12/2019,19:45,Strasbourg,St Etienne,2,12.166666666666666,3.944444444444444,0.3888888888888889,0.6111111111111112,0.4444444444444444,13.499999999999996,1.8333333333333337,0.05555555555555555,1.1666666666666667,10.777777777777777,3.444444444444444,0.3888888888888889,0.2222222222222222,0.3888888888888889,12.833333333333332,1.9444444444444449,1.0555555555555556,1.1666666666666667
187,F1,10/01/2020,19:45,Rennes,Marseille,0,11.61111111111111,3.9444444444444446,0.5555555555555556,0.5555555555555556,0.2777777777777778,14.055555555555557,1.8333333333333337,0.05555555555555555,1.3333333333333335,14.263157894736842,4.526315789473684,0.5789473684210527,0.2631578947368421,0.15789473684210525,13.31578947368421,2.368421052631579,0.15789473684210525,1.5263157894736843
188,F1,11/01/2020,16:30,Bordeaux,Lyon,0,11.105263157894736,4.105263157894737,0.3684210526315789,0.631578947368421,0.3684210526315789,13.947368421052628,2.052631578947368,0.0,1.4736842105263157,13.26315789473684,4.94736842105263,0.3684210526315789,0.2631578947368421,0.3684210526315789,12.210526315789473,1.6315789473684208,1.1052631578947367,1.526315789473684
189,F1,11/01/2020,19:00,Amiens,Montpellier,0,8.444444444444445,2.944444444444444,0.2222222222222222,0.6666666666666666,0.5,12.333333333333334,1.8888888888888893,0.2222222222222222,1.1666666666666667,12.789473684210526,4.2631578947368425,0.3684210526315789,0.3157894736842105,0.3157894736842105,16.052631578947366,2.052631578947368,1.0526315789473684,1.368421052631579
190,F1,11/01/2020,19:00,Angers,Nice,1,14.052631578947368,4.368421052631579,0.42105263157894735,0.5789473684210527,0.3684210526315789,12.052631578947368,1.4210526315789473,0.05263157894736842,1.1578947368421049,12.157894736842106,4.894736842105263,0.42105263157894735,0.15789473684210525,0.42105263157894735,10.473684210526317,2.3157894736842106,3.1052631578947367,1.4736842105263157
191,F1,11/01/2020,19:00,Metz,Strasbourg,2,11.263157894736842,3.2105263157894735,0.15789473684210525,0.7368421052631579,0.42105263157894735,12.947368421052632,1.9999999999999998,0.05263157894736842,0.8947368421052629,11.789473684210526,3.894736842105263,0.42105263157894735,0.15789473684210525,0.42105263157894735,13.631578947368421,1.8947368421052628,0.05263157894736842,1.2105263157894735
192,F1,11/01/2020,19:00,Nimes,Reims,2,12.666666666666668,3.6111111111111107,0.1111111111111111,0.6666666666666666,0.5555555555555556,12.333333333333332,1.6111111111111114,0.2777777777777778,0.7222222222222222,12.277777777777777,3.5555555555555554,0.3888888888888889,0.3888888888888889,0.2222222222222222,14.166666666666668,1.8888888888888893,2.0555555555555554,0.888888888888889
193,F1,11/01/2020,19:00,Toulouse,Brest,0,11.26315789473684,3.947368421052631,0.15789473684210525,0.5263157894736842,0.6842105263157895,14.631578947368423,1.6842105263157894,0.15789473684210525,0.9999999999999999,10.894736842105264,3.473684210526315,0.2631578947368421,0.3684210526315789,0.3684210526315789,11.631578947368418,1.5263157894736836,0.05263157894736842,1.1052631578947367
194,F1,12/01/2020,14:00,St Etienne,Nantes,0,10.526315789473685,3.3157894736842106,0.3684210526315789,0.7368421052631579,0.42105263157894735,12.842105263157896,1.9473684210526314,0.10526315789473684,1.157894736842105,12.473684210526317,4.210526315789474,0.47368421052631576,0.10526315789473684,0.42105263157894735,14.052631578947366,1.6315789473684208,1.0,0.894736842105263
195,F1,12/01/2020,16:00,Dijon,Lille,2,12.368421052631579,3.736842105263158,0.21052631578947367,0.7368421052631579,0.47368421052631576,12.526315789473683,1.6315789473684208,0.0,0.7368421052631579,12.473684210526315,4.842105263157894,0.47368421052631576,0.21052631578947367,0.3157894736842105,12.157894736842106,1.5263157894736838,2.0,1.2631578947368418
196,F1,12/01/2020,20:00,Paris SG,Monaco,1,16.0,6.722222222222221,0.8333333333333334,0.5,0.16666666666666666,12.444444444444443,1.7777777777777781,0.0,2.3888888888888893,13.777777777777777,5.277777777777777,0.4444444444444444,0.2222222222222222,0.3333333333333333,11.61111111111111,2.2222222222222223,4.166666666666666,1.7222222222222223
197,F1,15/01/2020,18:00,Amiens,Reims,1,8.368421052631579,2.947368421052631,0.21052631578947367,0.631578947368421,0.5263157894736842,12.63157894736842,1.8947368421052628,0.21052631578947367,1.157894736842105,11.947368421052634,3.4736842105263155,0.3684210526315789,0.3684210526315789,0.2631578947368421,14.789473684210526,2.0526315789473677,3.0526315789473686,0.8421052631578947
198,F1,15/01/2020,18:00,Nimes,Rennes,0,12.68421052631579,3.6315789473684212,0.15789473684210525,0.631578947368421,0.5263157894736842,12.578947368421053,1.5789473684210524,0.2631578947368421,0.7894736842105262,11.473684210526315,3.8421052631578947,0.5263157894736842,0.15789473684210525,0.3157894736842105,14.105263157894733,1.8421052631578947,1.0,1.263157894736842
199,F1,15/01/2020,20:00,Monaco,Paris SG,0,13.894736842105264,5.3157894736842115,0.42105263157894735,0.5789473684210527,0.3157894736842105,11.473684210526317,2.263157894736842,0.3684210526315789,1.789473684210526,15.842105263157896,6.684210526315789,0.7894736842105263,0.05263157894736842,0.15789473684210525,12.105263157894738,1.684210526315789,0.0,2.421052631578947
200,F1,24/01/2020,19:45,Nice,Rennes,1,11.95,4.75,0.4,0.6,0.4,10.55,2.35,0.25,1.4500000000000002,11.299999999999999,3.75,0.55,0.15,0.3,14.4,1.9,1.0,1.2500000000000002
201,F1,25/01/2020,16:30,Marseille,Angers,1,14.049999999999999,4.5,0.6,0.6,0.15,13.500000000000002,2.4999999999999996,0.15000000000000002,1.4999999999999998,14.15,4.6000000000000005,0.4,0.25,0.35,12.000000000000002,1.4000000000000001,1.0,1.1500000000000004
202,F1,25/01/2020,19:00,Brest,Amiens,2,11.100000000000001,3.7500000000000004,0.3,0.75,0.35,11.549999999999997,1.4500000000000004,0.05,1.3000000000000003,8.25,2.95,0.2,0.3,0.5,13.3,1.8500000000000003,2.1,1.1500000000000001
203,F1,25/01/2020,19:00,Monaco,Strasbourg,0,13.850000000000001,5.25,0.4,0.55,0.35,11.349999999999998,2.25,0.35,1.75,11.899999999999999,3.85,0.4,0.15,0.45,13.750000000000004,1.9000000000000004,0.05,1.1500000000000001
204,F1,25/01/2020,19:00,Montpellier,Dijon,2,12.700000000000001,4.25,0.4,0.55,0.3,15.899999999999999,2.0,0.1,1.4,12.5,3.8999999999999995,0.25,0.3,0.45,12.450000000000001,1.6500000000000001,0.05,0.75
205,F1,25/01/2020,19:00,Reims,Metz,0,11.65,3.3499999999999996,0.35,0.8,0.25,14.850000000000001,2.1000000000000005,0.2,0.8500000000000002,11.15,3.25,0.2,0.4,0.4,12.899999999999999,1.9500000000000002,1.0,0.9000000000000002
206,F1,25/01/2020,19:00,St Etienne,Nimes,2,10.5,3.1999999999999997,0.35,0.7,0.45,12.899999999999999,1.9500000000000004,0.1,1.1,12.350000000000001,3.5,0.15,0.3,0.55,13.100000000000001,1.5500000000000005,1.2000000000000002,0.7500000000000002
207,F1,26/01/2020,14:00,Lyon,Toulouse,2,13.700000000000001,5.000000000000001,0.4,0.65,0.35,12.200000000000001,1.7,0.15000000000000002,1.5500000000000003,11.299999999999995,4.0,0.15,0.15,0.7,14.85,1.65,2.05,1.05
208,F1,26/01/2020,16:00,Nantes,Bordeaux,0,12.400000000000002,4.2,0.5,0.55,0.4,13.850000000000001,1.6000000000000003,0.05,0.9500000000000001,10.8,4.0,0.35,0.25,0.4,13.849999999999998,2.0,0.0,1.4500000000000002
209,F1,26/01/2020,20:00,Lille,Paris SG,0,12.45,4.9,0.45,0.6,0.35,12.55,1.6500000000000001,0.15000000000000002,1.2000000000000004,15.9,6.95,0.8,0.05,0.15,12.200000000000001,1.7500000000000002,0.0,2.5000000000000004
210,F1,31/01/2020,19:45,Rennes,Nantes,2,11.761904761904763,3.8095238095238093,0.5238095238095238,0.5714285714285714,0.2857142857142857,14.380952380952376,1.857142857142857,0.047619047619047616,1.2380952380952381,12.142857142857146,3.999999999999999,0.47619047619047616,0.09523809523809523,0.42857142857142855,13.714285714285714,1.6666666666666667,1.0476190476190477,0.9047619047619048
211,F1,01/02/2020,16:30,Paris SG,Montpellier,2,15.714285714285714,6.857142857142856,0.8095238095238095,0.5714285714285714,0.14285714285714285,12.095238095238097,1.7142857142857142,0.0,2.4761904761904767,12.857142857142861,4.285714285714286,0.42857142857142855,0.2857142857142857,0.2857142857142857,15.904761904761905,2.0,1.0476190476190477,1.4285714285714284
212,F1,01/02/2020,19:00,Amiens,Toulouse,1,8.238095238095237,2.9523809523809526,0.19047619047619047,0.6666666666666666,0.5238095238095238,13.476190476190478,1.9523809523809526,0.19047619047619047,1.142857142857143,11.238095238095237,4.0,0.14285714285714285,0.14285714285714285,0.7142857142857143,14.380952380952383,1.619047619047619,2.0476190476190474,1.0
213,F1,01/02/2020,19:00,Angers,Reims,0,13.666666666666664,4.380952380952381,0.38095238095238093,0.6190476190476191,0.3333333333333333,12.047619047619046,1.4285714285714284,0.047619047619047616,1.0952380952380956,11.857142857142858,3.285714285714285,0.3333333333333333,0.38095238095238093,0.2857142857142857,14.666666666666666,2.047619047619048,3.0476190476190474,0.8095238095238095
214,F1,01/02/2020,19:00,Dijon,Brest,2,12.190476190476192,3.8095238095238093,0.23809523809523808,0.7142857142857143,0.47619047619047616,12.57142857142857,1.666666666666667,0.09523809523809523,0.7619047619047619,11.047619047619051,3.7142857142857135,0.3333333333333333,0.3333333333333333,0.3333333333333333,11.619047619047617,1.4761904761904763,0.047619047619047616,1.3333333333333335
215,F1,01/02/2020,19:00,Nimes,Monaco,2,12.333333333333332,3.5238095238095237,0.14285714285714285,0.6190476190476191,0.5714285714285714,13.23809523809524,1.5714285714285716,0.23809523809523808,0.7619047619047619,13.761904761904763,5.142857142857143,0.38095238095238093,0.23809523809523808,0.38095238095238093,11.190476190476192,2.1904761904761907,4.142857142857142,1.7142857142857144
216,F1,01/02/2020,19:00,Strasbourg,Lille,0,11.857142857142858,3.9999999999999996,0.42857142857142855,0.6190476190476191,0.42857142857142855,13.523809523809524,1.8095238095238098,0.047619047619047616,1.2380952380952381,12.285714285714285,4.761904761904762,0.42857142857142855,0.19047619047619047,0.38095238095238093,12.904761904761905,1.714285714285714,3.0,1.142857142857143
217,F1,02/02/2020,14:00,Nice,Lyon,2,12.476190476190474,4.714285714285714,0.38095238095238093,0.6190476190476191,0.38095238095238093,10.666666666666666,2.2380952380952377,0.23809523809523808,1.4285714285714286,13.666666666666666,5.000000000000001,0.42857142857142855,0.23809523809523808,0.3333333333333333,12.0,1.6190476190476186,1.0952380952380953,1.619047619047619
218,F1,02/02/2020,16:00,Metz,St Etienne,2,10.952380952380954,3.2857142857142856,0.23809523809523808,0.7142857142857143,0.38095238095238093,12.714285714285714,1.9047619047619049,0.047619047619047616,0.9047619047619049,10.619047619047619,3.3333333333333326,0.38095238095238093,0.19047619047619047,0.42857142857142855,13.190476190476188,2.0,1.0476190476190477,1.1428571428571428
219,F1,02/02/2020,20:00,Bordeaux,Marseille,1,10.809523809523807,3.904761904761904,0.38095238095238093,0.6190476190476191,0.38095238095238093,13.857142857142856,2.0,0.0,1.4285714285714286,13.80952380952381,4.380952380952381,0.5714285714285714,0.2857142857142857,0.14285714285714285,13.666666666666666,2.4285714285714284,0.14285714285714285,1.4285714285714284
220,F1,04/02/2020,18:00,Lille,Rennes,2,12.136363636363631,4.727272727272727,0.45454545454545453,0.5909090909090909,0.36363636363636365,13.318181818181817,1.8181818181818181,0.13636363636363635,1.1818181818181814,11.818181818181817,4.045454545454544,0.5454545454545454,0.18181818181818182,0.2727272727272727,14.318181818181817,1.9999999999999993,1.0,1.318181818181818
221,F1,04/02/2020,18:00,Monaco,Angers,2,13.40909090909091,5.09090909090909,0.36363636363636365,0.5454545454545454,0.4090909090909091,11.136363636363635,2.227272727272727,0.40909090909090917,1.6818181818181817,13.727272727272727,4.363636363636362,0.36363636363636365,0.2727272727272727,0.36363636363636365,12.181818181818182,1.409090909090909,1.0,1.0909090909090908
222,F1,04/02/2020,20:05,Nantes,Paris SG,0,11.954545454545455,4.045454545454545,0.45454545454545453,0.5454545454545454,0.45454545454545453,13.863636363636365,1.7727272727272723,0.09090909090909091,0.9545454545454546,15.90909090909091,6.954545454545455,0.8181818181818182,0.045454545454545456,0.13636363636363635,12.272727272727272,1.8181818181818177,0.0,2.5909090909090904
223,F1,05/02/2020,18:00,Brest,Bordeaux,1,11.409090909090908,3.727272727272726,0.3181818181818182,0.7272727272727273,0.36363636363636365,11.863636363636363,1.4545454545454541,0.045454545454545456,1.2727272727272725,10.863636363636363,3.8636363636363633,0.36363636363636365,0.2727272727272727,0.36363636363636365,13.681818181818182,1.9999999999999996,0.0,1.3636363636363635
224,F1,05/02/2020,18:00,Lyon,Amiens,1,13.681818181818182,5.090909090909091,0.4090909090909091,0.6363636363636364,0.36363636363636365,11.86363636363636,1.6363636363636358,0.18181818181818182,1.5909090909090908,8.272727272727272,2.999999999999999,0.18181818181818182,0.3181818181818182,0.5,13.500000000000002,1.9999999999999996,2.090909090909091,1.0909090909090906
225,F1,05/02/2020,18:00,Montpellier,Metz,1,12.545454545454547,4.181818181818182,0.4090909090909091,0.5454545454545454,0.3181818181818182,15.909090909090908,2.0909090909090904,0.18181818181818182,1.3636363636363633,10.909090909090908,3.4090909090909083,0.2727272727272727,0.36363636363636365,0.36363636363636365,12.636363636363637,1.818181818181818,1.0,0.9999999999999998
226,F1,05/02/2020,18:00,Nimes,Dijon,2,12.772727272727273,3.727272727272726,0.18181818181818182,0.5909090909090909,0.5454545454545454,13.227272727272728,1.6818181818181814,0.22727272727272727,0.8636363636363635,12.181818181818182,3.8636363636363624,0.2727272727272727,0.2727272727272727,0.45454545454545453,12.409090909090908,1.5909090909090904,1.0454545454545454,0.8636363636363636
227,F1,05/02/2020,18:00,Reims,Nice,1,11.863636363636363,3.318181818181817,0.36363636363636365,0.7727272727272727,0.2727272727272727,14.590909090909092,2.045454545454545,0.18181818181818182,0.9545454545454544,12.454545454545451,4.818181818181818,0.4090909090909091,0.22727272727272727,0.36363636363636365,10.954545454545455,2.272727272727272,3.1363636363636362,1.4545454545454541
228,F1,05/02/2020,18:00,Toulouse,Strasbourg,0,11.27272727272727,3.8636363636363624,0.13636363636363635,0.5454545454545454,0.6818181818181818,14.409090909090908,1.636363636363636,0.13636363636363635,0.9545454545454546,11.909090909090907,3.954545454545454,0.4090909090909091,0.13636363636363635,0.45454545454545453,13.454545454545453,1.772727272727272,0.045454545454545456,1.227272727272727
229,F1,05/02/2020,20:00,St Etienne,Marseille,0,10.90909090909091,3.5,0.36363636363636365,0.6818181818181818,0.45454545454545453,13.40909090909091,1.9999999999999991,0.09090909090909091,1.136363636363636,13.909090909090908,4.363636363636363,0.5454545454545454,0.3181818181818182,0.13636363636363635,13.681818181818185,2.409090909090908,0.13636363636363635,1.3636363636363638
230,F1,07/02/2020,19:45,Angers,Lille,0,13.82608695652174,4.3478260869565215,0.34782608695652173,0.6086956521739131,0.391304347826087,11.999999999999998,1.4347826086956519,0.043478260869565216,1.043478260869565,12.217391304347828,4.652173913043479,0.4782608695652174,0.17391304347826086,0.34782608695652173,13.391304347826091,1.869565217391304,3.0,1.1739130434782608
231,F1,08/02/2020,16:30,Marseille,Toulouse,2,13.521739130434783,4.304347826086956,0.5652173913043478,0.6521739130434783,0.13043478260869565,13.56521739130435,2.478260869565217,0.13043478260869565,1.3913043478260863,11.304347826086959,3.7391304347826093,0.13043478260869565,0.17391304347826086,0.6956521739130435,14.08695652173913,1.6086956521739129,2.0434782608695654,0.9130434782608694
232,F1,08/02/2020,19:00,Amiens,Monaco,0,8.217391304347826,2.9565217391304355,0.17391304347826086,0.6956521739130435,0.4782608695652174,13.521739130434781,1.9999999999999998,0.17391304347826086,1.043478260869565,13.08695652173913,4.999999999999999,0.391304347826087,0.21739130434782608,0.391304347826087,11.21739130434783,2.2173913043478257,6.130434782608696,1.652173913043478
233,F1,08/02/2020,19:00,Dijon,Nantes,1,12.08695652173913,3.8260869565217392,0.2608695652173913,0.6956521739130435,0.4782608695652174,13.043478260869566,1.6521739130434778,0.08695652173913043,0.8260869565217391,12.086956521739133,4.08695652173913,0.43478260869565216,0.08695652173913043,0.4782608695652174,13.652173913043478,1.7826086956521734,1.0434782608695652,0.9565217391304346
234,F1,08/02/2020,19:00,Metz,Bordeaux,0,11.21739130434783,3.608695652173913,0.2608695652173913,0.6956521739130435,0.34782608695652173,12.782608695652174,1.7826086956521734,0.043478260869565216,0.9999999999999999,10.956521739130434,3.91304347826087,0.34782608695652173,0.30434782608695654,0.34782608695652173,13.304347826086959,1.9130434782608687,0.0,1.3478260869565215
235,F1,08/02/2020,19:00,Nice,Nimes,0,12.130434782608697,4.782608695652173,0.391304347826087,0.6086956521739131,0.34782608695652173,10.782608695652176,2.1739130434782608,0.2608695652173913,1.4347826086956519,12.695652173913043,3.782608695652174,0.21739130434782608,0.2608695652173913,0.5217391304347826,13.391304347826088,1.6086956521739126,1.1739130434782608,0.9130434782608696
236,F1,08/02/2020,19:00,Rennes,Brest,1,11.782608695652176,4.043478260869565,0.5217391304347826,0.5652173913043478,0.30434782608695654,14.391304347826086,1.9565217391304344,0.043478260869565216,1.260869565217391,11.652173913043478,3.695652173913043,0.30434782608695654,0.34782608695652173,0.34782608695652173,11.956521739130437,1.4782608695652169,0.08695652173913043,1.2608695652173911
237,F1,09/02/2020,14:00,Montpellier,St Etienne,2,12.521739130434781,4.304347826086956,0.391304347826087,0.5652173913043478,0.30434782608695654,15.782608695652172,2.08695652173913,0.17391304347826086,1.3478260869565213,10.913043478260871,3.4782608695652173,0.34782608695652173,0.17391304347826086,0.4782608695652174,13.173913043478262,1.9999999999999993,1.0434782608695652,1.0869565217391304
238,F1,09/02/2020,16:00,Strasbourg,Reims,2,12.043478260869566,4.043478260869565,0.43478260869565216,0.6086956521739131,0.43478260869565216,13.304347826086957,1.7826086956521734,0.043478260869565216,1.217391304347826,12.0,3.347826086956521,0.34782608695652173,0.391304347826087,0.2608695652173913,14.43478260869565,2.043478260869565,3.0434782608695654,0.9565217391304346
239,F1,09/02/2020,20:00,Paris SG,Lyon,2,16.043478260869566,6.9565217391304355,0.8260869565217391,0.5652173913043478,0.13043478260869565,12.652173913043478,1.9130434782608692,0.0,2.5652173913043472,13.521739130434785,5.0,0.391304347826087,0.2608695652173913,0.34782608695652173,11.695652173913043,1.6086956521739124,2.0869565217391304,1.521739130434782
240,F1,14/02/2020,19:45,Monaco,Montpellier,2,13.041666666666664,5.041666666666668,0.4166666666666667,0.5416666666666666,0.375,11.458333333333334,2.2500000000000004,0.37499999999999994,1.6666666666666665,12.333333333333334,4.25,0.4166666666666667,0.2916666666666667,0.2916666666666667,15.791666666666664,2.041666666666667,3.0833333333333335,1.3333333333333333
241,F1,15/02/2020,16:30,Amiens,Paris SG,1,8.208333333333334,2.8749999999999996,0.16666666666666666,0.6666666666666666,0.5,13.541666666666668,1.9583333333333333,0.16666666666666666,1.0416666666666665,16.041666666666668,6.875,0.8333333333333334,0.041666666666666664,0.125,12.583333333333334,1.8750000000000004,0.0,2.625
242,F1,15/02/2020,19:00,Bordeaux,Dijon,1,11.125,3.9583333333333344,0.375,0.6666666666666666,0.3333333333333333,13.208333333333336,1.9166666666666665,0.0,1.3750000000000002,12.291666666666666,3.833333333333334,0.25,0.2916666666666667,0.4583333333333333,12.833333333333334,1.6666666666666663,1.0416666666666667,0.9166666666666665
243,F1,15/02/2020,19:00,Nantes,Metz,1,11.916666666666668,4.0,0.4166666666666667,0.5416666666666666,0.4583333333333333,13.541666666666668,1.7916666666666665,0.08333333333333333,1.0416666666666665,11.208333333333334,3.625,0.25,0.375,0.375,12.458333333333332,1.7916666666666667,1.0416666666666667,0.9999999999999998
244,F1,15/02/2020,19:00,Nimes,Angers,2,12.583333333333332,3.8333333333333335,0.25,0.5833333333333334,0.5,13.375000000000002,1.7083333333333333,0.20833333333333331,1.0,13.624999999999996,4.208333333333333,0.3333333333333333,0.25,0.4166666666666667,11.916666666666666,1.5416666666666667,1.0,0.9999999999999998
245,F1,15/02/2020,19:00,Toulouse,Nice,0,11.25,3.7083333333333335,0.125,0.5416666666666666,0.7083333333333334,13.833333333333334,1.6250000000000002,0.125,0.875,11.875000000000002,4.708333333333334,0.375,0.25,0.375,10.666666666666668,2.166666666666667,3.166666666666666,1.4166666666666667
246,F1,16/02/2020,14:00,Lyon,Strasbourg,1,13.249999999999998,4.874999999999999,0.375,0.6666666666666666,0.375,11.79166666666667,1.6249999999999998,0.16666666666666666,1.5416666666666667,12.041666666666666,4.083333333333333,0.4583333333333333,0.125,0.4166666666666667,13.291666666666664,1.75,0.041666666666666664,1.2916666666666665
247,F1,16/02/2020,16:00,Brest,St Etienne,2,11.5,3.6666666666666665,0.2916666666666667,0.75,0.3333333333333333,12.041666666666666,1.5833333333333335,0.08333333333333333,1.2083333333333333,11.166666666666666,3.541666666666666,0.3333333333333333,0.16666666666666666,0.5,13.25,2.041666666666666,1.0416666666666667,1.0416666666666665
248,F1,16/02/2020,16:00,Reims,Rennes,2,11.708333333333332,3.208333333333333,0.3333333333333333,0.7916666666666666,0.2916666666666667,14.333333333333334,2.041666666666666,0.16666666666666666,0.9166666666666666,12.0,3.9583333333333344,0.5,0.20833333333333334,0.2916666666666667,14.083333333333334,1.9583333333333333,1.0,1.2083333333333333
249,F1,16/02/2020,20:00,Lille,Marseille,0,12.208333333333334,4.625000000000001,0.5,0.5833333333333334,0.3333333333333333,13.458333333333332,1.916666666666667,0.125,1.208333333333333,13.45833333333333,4.25,0.5833333333333334,0.2916666666666667,0.125,13.250000000000002,2.4166666666666665,0.125,1.3750000000000004
250,F1,21/02/2020,18:00,Nice,Brest,1,11.96,4.680000000000002,0.4,0.6,0.36,10.600000000000001,2.08,0.28,1.4400000000000004,11.44,3.6400000000000006,0.32,0.36,0.32,12.000000000000002,1.6000000000000003,0.08,1.2800000000000002
251,F1,21/02/2020,19:45,Metz,Lyon,0,11.04,3.560000000000001,0.24,0.68,0.36,12.399999999999997,1.7600000000000002,0.12,0.9600000000000002,12.920000000000002,4.760000000000002,0.36,0.28,0.36,12.000000000000004,1.6800000000000006,2.08,1.52
252,F1,22/02/2020,16:30,Marseille,Nantes,0,13.120000000000001,4.16,0.6,0.64,0.12,13.2,2.5200000000000014,0.12,1.4,12.16,4.120000000000001,0.4,0.16,0.44,13.56,1.7200000000000004,1.04,1.0
253,F1,22/02/2020,19:00,Angers,Montpellier,2,13.480000000000002,4.040000000000001,0.32,0.6,0.44,12.08,1.5600000000000003,0.08,0.9600000000000002,12.360000000000001,4.160000000000001,0.4,0.28,0.32,15.48,2.04,3.08,1.2800000000000002
254,F1,22/02/2020,19:00,Dijon,Monaco,1,12.040000000000001,3.8000000000000016,0.24,0.72,0.44,12.72,1.6400000000000006,0.08,0.9600000000000001,13.160000000000004,4.920000000000002,0.44,0.2,0.36,11.52,2.2,6.12,1.6400000000000001
255,F1,22/02/2020,19:00,Lille,Toulouse,2,12.24,4.560000000000001,0.48,0.56,0.36,13.560000000000002,1.8399999999999999,0.12,1.2000000000000004,11.560000000000002,3.760000000000001,0.12,0.16,0.72,13.839999999999998,1.6400000000000001,2.12,0.84
256,F1,22/02/2020,19:00,Strasbourg,Amiens,1,11.839999999999998,3.960000000000001,0.44,0.6,0.4,13.32,1.7200000000000006,0.04,1.2800000000000002,8.320000000000004,2.960000000000001,0.16,0.36,0.48,13.840000000000002,2.0000000000000004,2.08,1.1600000000000001
257,F1,23/02/2020,14:00,St Etienne,Reims,1,11.159999999999998,3.5600000000000014,0.32,0.68,0.52,13.160000000000002,2.080000000000001,0.08,1.08,11.680000000000001,3.200000000000001,0.36,0.36,0.28,14.320000000000002,2.0000000000000004,3.04,0.92
258,F1,23/02/2020,16:00,Rennes,Nimes,2,11.680000000000001,3.8800000000000012,0.48,0.6,0.32,14.199999999999998,1.9200000000000006,0.04,1.1600000000000001,12.520000000000003,3.760000000000001,0.28,0.24,0.48,13.12,1.6800000000000002,1.1600000000000001,0.9999999999999999
259,F1,23/02/2020,20:00,Paris SG,Bordeaux,2,16.000000000000004,7.000000000000002,0.8,0.56,0.12,12.480000000000002,1.88,0.0,2.680000000000001,11.12,3.8800000000000012,0.36,0.32,0.32,13.16,1.8800000000000008,0.0,1.4000000000000004
260,F1,28/02/2020,19:45,Nimes,Marseille,0,12.384615384615387,3.6923076923076925,0.2692307692307692,0.5769230769230769,0.5,12.807692307692308,1.6538461538461537,0.23076923076923078,1.0,13.23076923076923,4.1923076923076925,0.5769230769230769,0.2692307692307692,0.15384615384615385,13.269230769230766,2.461538461538462,0.11538461538461539,1.3846153846153846
261,F1,29/02/2020,16:30,Paris SG,Dijon,2,16.26923076923077,7.076923076923077,0.8076923076923077,0.5384615384615384,0.11538461538461539,12.5,2.0000000000000004,0.038461538461538464,2.7307692307692304,12.038461538461537,3.7307692307692317,0.23076923076923078,0.34615384615384615,0.4230769230769231,12.846153846153848,1.6538461538461537,1.0384615384615385,0.9615384615384616
262,F1,29/02/2020,19:00,Amiens,Metz,0,8.115384615384615,2.8846153846153846,0.15384615384615385,0.6923076923076923,0.46153846153846156,14.192307692307692,2.153846153846154,0.15384615384615385,1.115384615384615,10.884615384615389,3.4230769230769234,0.23076923076923078,0.38461538461538464,0.38461538461538464,12.230769230769232,1.7692307692307696,2.0769230769230766,0.9230769230769229
263,F1,29/02/2020,19:00,Brest,Angers,0,11.346153846153848,3.6153846153846154,0.3076923076923077,0.7307692307692307,0.3076923076923077,11.692307692307692,1.538461538461538,0.07692307692307693,1.3076923076923077,13.423076923076923,4.1923076923076925,0.34615384615384615,0.23076923076923078,0.4230769230769231,12.230769230769232,1.6538461538461537,2.0,0.9615384615384613
264,F1,29/02/2020,19:00,Monaco,Reims,1,13.307692307692307,4.961538461538462,0.4230769230769231,0.5384615384615384,0.34615384615384615,11.57692307692308,2.1153846153846154,0.3461538461538462,1.6153846153846159,11.692307692307692,3.1538461538461537,0.34615384615384615,0.38461538461538464,0.2692307692307692,13.961538461538462,1.9615384615384617,3.0384615384615383,0.9230769230769229
265,F1,29/02/2020,19:00,Montpellier,Strasbourg,2,12.269230769230766,4.076923076923077,0.38461538461538464,0.5769230769230769,0.34615384615384615,15.499999999999998,2.0384615384615388,0.19230769230769232,1.2307692307692308,11.961538461538462,3.9230769230769234,0.4230769230769231,0.19230769230769232,0.38461538461538464,13.499999999999998,1.730769230769231,0.038461538461538464,1.230769230769231
266,F1,29/02/2020,19:00,Toulouse,Rennes,0,11.384615384615387,3.6538461538461537,0.11538461538461539,0.5384615384615384,0.7307692307692307,14.076923076923077,1.6923076923076925,0.19230769230769232,0.8076923076923075,12.230769230769232,4.03846153846154,0.5,0.19230769230769232,0.3076923076923077,14.076923076923077,1.8461538461538465,1.0,1.1923076923076923
267,F1,01/03/2020,14:00,Nantes,Lille,0,12.000000000000002,4.115384615384616,0.4230769230769231,0.5769230769230769,0.4230769230769231,13.692307692307693,1.7692307692307696,0.07692307692307693,1.0769230769230769,12.461538461538462,4.730769230769231,0.5,0.15384615384615385,0.34615384615384615,13.5,1.8076923076923077,3.0,1.2692307692307694
268,F1,01/03/2020,16:00,Bordeaux,Nice,1,11.153846153846155,4.000000000000002,0.34615384615384615,0.6923076923076923,0.34615384615384615,13.230769230769232,1.8846153846153848,0.0,1.461538461538462,12.23076923076923,4.730769230769232,0.38461538461538464,0.2692307692307692,0.34615384615384615,10.461538461538463,2.1153846153846154,3.1538461538461533,1.4615384615384617
269,F1,01/03/2020,20:00,Lyon,St Etienne,2,12.884615384615387,4.807692307692307,0.38461538461538464,0.6923076923076923,0.34615384615384615,12.076923076923078,1.653846153846154,0.15384615384615385,1.5384615384615388,11.0,3.5769230769230766,0.3076923076923077,0.19230769230769232,0.5,13.192307692307692,2.0384615384615383,1.0384615384615385,1.076923076923077
270,F1,06/03/2020,20:00,Marseille,Amiens,1,13.222222222222221,4.185185185185185,0.5925925925925926,0.6296296296296297,0.14814814814814814,13.296296296296296,2.4814814814814814,0.1111111111111111,1.4444444444444444,8.25925925925926,2.9629629629629624,0.14814814814814814,0.37037037037037035,0.48148148148148145,14.296296296296298,2.1481481481481475,2.074074074074074,1.0740740740740737
271,F1,07/03/2020,19:00,Angers,Nantes,2,13.148148148148149,4.111111111111111,0.37037037037037035,0.5925925925925926,0.4074074074074074,12.111111111111109,1.6296296296296298,0.07407407407407407,0.9629629629629626,11.777777777777773,4.0740740740740735,0.4074074074074074,0.14814814814814814,0.4444444444444444,13.666666666666666,1.8518518518518514,1.037037037037037,1.037037037037037
272,F1,07/03/2020,19:00,Dijon,Toulouse,2,11.925925925925924,3.7037037037037037,0.2222222222222222,0.7407407407407407,0.4444444444444444,12.481481481481481,1.5925925925925921,0.07407407407407407,0.925925925925926,11.518518518518519,3.5925925925925926,0.1111111111111111,0.14814814814814814,0.7407407407407407,14.037037037037036,1.7407407407407405,2.111111111111111,0.7777777777777777
273,F1,07/03/2020,19:00,Metz,Nimes,2,10.96296296296296,3.5185185185185186,0.25925925925925924,0.6666666666666666,0.37037037037037035,12.148148148148147,1.7407407407407403,0.14814814814814814,0.9259259259259258,12.518518518518515,3.7777777777777772,0.25925925925925924,0.2222222222222222,0.5185185185185185,12.88888888888889,1.7407407407407403,2.148148148148148,1.0370370370370368
274,F1,07/03/2020,19:00,Nice,Monaco,2,12.11111111111111,4.7037037037037015,0.37037037037037035,0.6296296296296297,0.3333333333333333,10.518518518518519,2.1481481481481484,0.25925925925925924,1.444444444444444,13.518518518518517,5.037037037037037,0.4074074074074074,0.25925925925925924,0.3333333333333333,11.888888888888886,2.111111111111111,6.111111111111112,1.592592592592592
275,F1,07/03/2020,19:00,Reims,Brest,2,11.851851851851851,3.3333333333333335,0.3333333333333333,0.7777777777777778,0.25925925925925924,13.925925925925924,1.9999999999999996,0.14814814814814814,0.9259259259259256,11.518518518518519,3.629629629629629,0.2962962962962963,0.37037037037037035,0.3333333333333333,11.703703703703704,1.5925925925925926,0.07407407407407407,1.259259259259259
276,F1,08/03/2020,14:00,St Etienne,Bordeaux,1,10.888888888888888,3.5925925925925926,0.2962962962962963,0.7037037037037037,0.5185185185185185,13.222222222222223,2.1111111111111107,0.07407407407407407,1.037037037037037,11.185185185185183,4.0,0.3333333333333333,0.3333333333333333,0.3333333333333333,13.444444444444446,1.9259259259259256,0.0,1.444444444444444
277,F1,08/03/2020,16:00,Rennes,Montpellier,2,12.185185185185185,4.037037037037037,0.5185185185185185,0.5925925925925926,0.2962962962962963,14.0,1.8148148148148144,0.037037037037037035,1.2222222222222219,12.666666666666664,4.333333333333332,0.4074074074074074,0.25925925925925924,0.3333333333333333,15.22222222222222,1.9999999999999998,3.0740740740740744,1.2962962962962958
278,F1,08/03/2020,20:00,Lille,Lyon,2,12.555555555555557,4.7407407407407405,0.5185185185185185,0.5555555555555556,0.3333333333333333,13.48148148148148,1.8518518518518519,0.1111111111111111,1.259259259259259,13.0,4.962962962962963,0.4074074074074074,0.25925925925925924,0.3333333333333333,12.148148148148149,1.740740740740741,2.074074074074074,1.5555555555555554
