,Div,Date,HomeTeam,AwayTeam,FTR,HTS,HTST,HTW,HTD,HTL,HTF,HTY,HTR,HTG,ATS,ATST,ATW,ATD,ATL,ATF,ATY,ATR,ATG,HATT,HMIL,HDEF,AATT,AMIL,ADEF,HB,AB,HomeTeamStreak_AtHome,HomeTeamStreak_AtAway,AwayTeamStreak_AtHome,AwayTeamStreak_AtAway,Home attendance,Away attendance
0,F1,12/08/16,Bastia,Paris SG,0,0.0,0.0,0,0,0,0.0,0.0,0.0,0.0,0.0,0.0,0,0,0,0.0,0.0,0.0,0.0,73,72,72,85,83,82,28,500,0,0,0,0,10511,26366
1,F1,12/08/16,Monaco,Guingamp,1,0.0,0.0,0,0,0,0.0,0.0,0.0,0.0,0.0,0.0,0,0,0,0.0,0.0,0.0,0.0,80,80,79,75,74,74,145,26,0,0,0,0,9420,19416
2,F1,13/08/16,Bordeaux,St Etienne,2,0.0,0.0,0,0,0,0.0,0.0,0.0,0.0,0.0,0.0,0,0,0,0.0,0.0,0.0,0.0,77,76,74,75,75,76,60,70,0,0,0,0,24217,23040
3,F1,13/08/16,Caen,Lorient,2,0.0,0.0,0,0,0,0.0,0.0,0.0,0.0,0.0,0.0,0,0,0,0.0,0.0,0.0,0.0,73,73,73,74,72,72,29,36,0,0,0,0,15786,19914
4,F1,13/08/16,Dijon,Nantes,0,0.0,0.0,0,0,0,0.0,0.0,0.0,0.0,0.0,0.0,0,0,0,0.0,0.0,0.0,0.0,72,72,70,74,73,73,26,40,0,0,0,0,10128,19547
5,F1,13/08/16,Metz,Lille,2,0.0,0.0,0,0,0,0.0,0.0,0.0,0.0,0.0,0.0,0,0,0,0.0,0.0,0.0,0.0,75,71,72,75,75,75,30,75,0,0,0,0,16196,18478
6,F1,13/08/16,Montpellier,Angers,2,0.0,0.0,0,0,0,0.0,0.0,0.0,0.0,0.0,0.0,0,0,0,0.0,0.0,0.0,0.0,76,74,73,72,74,73,42,25,0,0,0,0,12356,20294
7,F1,14/08/16,Marseille,Toulouse,1,0.0,0.0,0,0,0,0.0,0.0,0.0,0.0,0.0,0.0,0,0,0,0.0,0.0,0.0,0.0,80,78,77,75,74,73,100,35,0,0,0,0,39898,19819
8,F1,14/08/16,Nancy,Lyon,0,0.0,0.0,0,0,0,0.0,0.0,0.0,0.0,0.0,0.0,0,0,0,0.0,0.0,0.0,0.0,69,72,68,80,79,76,30,235,0,0,0,0,17516,22257
9,F1,14/08/16,Nice,Rennes,2,0.0,0.0,0,0,0,0.0,0.0,0.0,0.0,0.0,0.0,0,0,0,0.0,0.0,0.0,0.0,74,75,74,77,73,74,42,50,0,0,0,0,22949,19531
10,F1,19/08/16,Lyon,Caen,2,9.0,7.0,1,1,0,14.0,2.0,0.0,3.0,15.0,6.0,1,0,0,13.0,1.0,0.0,3.0,80,79,76,73,73,73,235,29,0,1,1,0,38203,19992
11,F1,20/08/16,Angers,Nice,0,12.0,2.0,0,1,1,12.0,2.0,0.0,0.0,7.0,1.0,1,0,0,12.0,0.0,0.0,1.0,72,74,73,74,75,74,25,42,0,-1,1,0,11954,22293
12,F1,20/08/16,Lille,Dijon,2,13.0,4.0,0,1,1,9.0,2.0,0.0,2.0,6.0,2.0,0,0,1,6.0,0.0,0.0,0.0,75,75,75,72,72,70,75,26,0,-1,-1,0,29487,19831
13,F1,20/08/16,Lorient,Bastia,0,8.0,2.0,0,1,1,9.0,2.0,1.0,2.0,10.0,0.0,0,0,1,15.0,3.0,0.0,0.0,74,72,72,73,72,72,36,28,0,-1,-1,0,11832,20847
14,F1,20/08/16,Nantes,Monaco,0,10.0,3.0,1,1,0,11.0,2.0,0.0,1.0,18.0,4.0,0,1,0,14.0,3.0,0.0,2.0,74,73,73,80,80,79,40,145,0,1,0,0,23152,24370
15,F1,20/08/16,Rennes,Nancy,2,19.0,4.0,0,1,1,9.0,1.0,0.0,0.0,11.0,1.0,0,0,1,18.0,4.0,0.0,0.0,77,73,74,69,72,68,50,30,0,-1,-1,0,22689,18961
16,F1,20/08/16,Toulouse,Bordeaux,2,6.0,2.0,0,1,0,12.0,1.0,0.0,0.0,10.0,6.0,1,0,0,9.0,1.0,0.0,3.0,75,74,73,77,76,74,35,60,0,0,1,0,17068,22352
17,F1,21/08/16,Guingamp,Marseille,2,9.0,5.0,0,1,0,15.0,4.0,0.0,2.0,10.0,2.0,0,1,0,14.0,3.0,0.0,0.0,75,74,74,80,78,77,26,100,0,0,0,0,14790,25215
18,F1,21/08/16,Paris SG,Metz,2,9.0,6.0,1,1,0,16.0,3.0,0.0,1.0,7.0,3.0,1,0,0,13.0,2.0,0.0,3.0,85,83,82,75,71,72,500,30,0,1,1,0,45159,19465
19,F1,21/08/16,St Etienne,Montpellier,2,14.0,5.0,0,1,1,20.0,2.0,0.0,2.0,14.0,3.0,1,0,0,9.0,1.0,0.0,1.0,75,75,76,76,74,73,70,42,0,-1,1,0,27227,18795
20,F1,26/08/16,Marseille,Lorient,2,9.0,2.5,0,2,1,14.5,2.0,0.0,0.5,9.0,2.5,0,0,2,12.0,2.0,2.0,1.0,80,78,77,74,72,72,100,36,0,-1,-1,-1,39898,19914
21,F1,27/08/16,Caen,Bastia,2,11.0,3.5,1,1,1,13.5,2.5,0.0,1.5,13.0,3.5,1,0,1,13.0,3.5,0.0,1.5,73,73,73,73,72,72,29,28,1,-1,-1,1,15786,20847
22,F1,27/08/16,Dijon,Lyon,2,6.5,2.0,0,1,2,10.5,1.0,0.0,0.0,15.0,7.0,2,0,0,15.5,2.5,0.0,2.5,72,72,70,80,79,76,26,235,-1,-1,1,1,10128,22257
23,F1,27/08/16,Metz,Angers,2,9.0,4.5,1,1,1,9.5,1.5,0.0,1.5,16.5,4.0,0,0,2,11.5,1.5,0.0,0.0,75,71,72,72,74,73,30,25,1,-1,-1,-1,16196,20294
24,F1,27/08/16,Montpellier,Rennes,1,13.5,3.0,1,1,1,10.5,1.0,0.0,1.0,14.0,3.5,1,0,1,10.0,2.5,0.0,1.0,76,74,73,77,73,74,42,50,1,-1,1,-1,12356,19531
25,F1,27/08/16,Nancy,Guingamp,0,9.5,1.0,0,1,2,13.0,3.0,0.0,0.0,11.5,4.5,1,1,0,12.0,2.0,0.0,2.0,69,72,68,75,74,74,30,26,-1,-1,1,0,17516,19416
26,F1,27/08/16,Nice,Lille,1,10.5,4.5,2,1,0,11.0,1.0,0.0,1.0,11.5,3.5,1,0,1,10.5,1.5,0.0,1.5,74,75,74,75,75,75,42,75,1,1,1,-1,22949,18478
27,F1,28/08/16,Bordeaux,Nantes,2,9.5,4.0,1,1,1,11.5,2.0,0.5,2.0,9.0,2.5,1,0,1,13.0,2.0,0.0,0.5,77,76,74,74,73,73,60,40,1,-1,-1,1,24217,19547
28,F1,28/08/16,Monaco,Paris SG,2,13.0,3.5,1,2,0,16.0,3.5,0.0,1.5,19.0,7.0,2,0,0,13.0,2.0,0.0,2.0,80,80,79,85,83,82,145,500,0,1,1,1,9420,26366
29,F1,28/08/16,St Etienne,Toulouse,1,14.0,5.0,1,1,1,14.5,1.5,0.0,2.5,8.5,3.5,1,1,0,15.5,1.0,0.0,2.0,75,75,76,75,74,73,70,35,1,-1,1,0,27227,19819
30,F1,09/09/16,Paris SG,St Etienne,1,14.666666666666664,5.333333333333333,2,2,1,12.0,2.0,0.0,1.6666666666666663,14.666666666666668,4.333333333333334,1,1,1,12.666666666666668,1.6666666666666663,0.0,1.6666666666666663,85,83,82,75,75,76,500,70,1,-1,1,-1,45159,23040
31,F1,10/09/16,Angers,Dijon,2,18.666666666666668,5.0,0,2,3,11.333333333333332,1.6666666666666663,0.0,0.0,7.0,3.0,1,0,2,10.666666666666666,1.3333333333333333,0.0,1.3333333333333333,72,74,73,72,72,70,25,26,-1,-2,1,-1,11954,19831
32,F1,10/09/16,Bastia,Toulouse,2,10.333333333333332,2.666666666666667,1,2,2,15.333333333333332,4.0,0.0,1.0,8.666666666666666,3.0,1,2,0,15.666666666666664,1.0,0.0,1.3333333333333333,73,72,72,75,74,73,28,35,0,-1,1,0,10511,19819
33,F1,10/09/16,Guingamp,Montpellier,1,12.333333333333336,5.0,2,2,0,11.333333333333336,1.6666666666666663,0.0,2.0,12.666666666666664,3.666666666666667,1,1,1,11.333333333333332,1.0,0.0,1.0,75,74,74,76,74,73,26,42,1,1,1,-1,14790,18795
34,F1,10/09/16,Lille,Monaco,0,10.333333333333332,3.333333333333333,1,2,1,11.333333333333332,1.6666666666666663,0.0,1.3333333333333333,11.666666666666664,3.0,2,1,0,13.666666666666668,2.6666666666666665,0.0,2.0,75,75,75,80,80,79,75,145,1,-1,1,1,29487,24370
35,F1,10/09/16,Lorient,Nancy,0,9.333333333333334,3.333333333333333,0,2,3,11.666666666666664,1.6666666666666663,1.0,0.6666666666666666,12.666666666666664,1.6666666666666663,0,0,3,11.666666666666664,2.6666666666666665,0.0,0.0,74,72,72,69,72,68,36,30,-1,-2,-2,-1,11832,18961
36,F1,10/09/16,Lyon,Bordeaux,0,18.333333333333336,7.666666666666668,2,2,1,13.333333333333336,2.333333333333333,0.0,2.333333333333333,9.333333333333334,5.0,2,0,1,13.0,2.0,1.0,1.6666666666666663,80,79,76,77,76,74,235,60,1,-1,2,-1,38203,22352
37,F1,11/09/16,Nantes,Metz,0,11.333333333333332,3.6666666666666665,1,2,2,14.0,1.6666666666666663,0.0,0.3333333333333333,8.333333333333334,3.6666666666666665,2,0,1,9.333333333333332,1.6666666666666663,0.0,1.6666666666666663,74,73,73,75,71,72,40,30,-1,-1,2,-1,23152,19465
38,F1,11/09/16,Nice,Marseille,2,11.333333333333332,5.0,2,2,0,11.666666666666668,1.3333333333333333,0.0,1.0,10.333333333333332,4.333333333333333,1,1,1,14.666666666666668,1.6666666666666663,0.0,1.0,74,75,74,80,78,77,42,100,1,1,1,-1,22949,25215
39,F1,11/09/16,Rennes,Caen,2,13.333333333333332,3.0,1,2,1,12.0,2.333333333333333,0.0,1.0,13.0,3.666666666666667,2,0,1,14.0,2.0,0.0,1.6666666666666663,77,73,74,73,73,73,50,29,1,-1,2,-1,22689,19992
40,F1,16/09/16,Caen,Paris SG,0,11.75,3.75,2,2,2,12.25,1.75,0.0,1.25,14.75,5.0,2,1,1,11.75,2.0,0.0,1.5,73,73,73,85,83,82,29,500,2,-2,1,-1,15786,26366
41,F1,17/09/16,Bordeaux,Angers,0,9.5,5.25,3,2,1,11.5,1.75,0.25,2.0,17.25,5.5,1,0,3,11.75,1.5,0.25,0.75,77,76,74,72,74,73,60,25,1,1,1,-1,24217,20294
42,F1,17/09/16,Dijon,Metz,1,7.0,2.75,1,2,3,10.25,1.5,0.25,1.25,8.75,3.75,3,0,1,11.75,2.25,0.0,2.0,72,72,70,75,71,72,26,30,1,-2,1,1,10128,19465
43,F1,17/09/16,Lorient,Lille,2,9.25,3.0,0,2,4,11.5,1.25,0.75,0.5,9.25,3.25,1,1,2,13.25,2.0,0.0,1.25,74,72,72,75,75,75,36,75,-2,-2,-1,0,11832,18478
44,F1,17/09/16,Monaco,Rennes,2,11.0,3.75,3,3,0,13.5,2.25,0.0,2.5,11.25,3.25,2,1,1,12.0,2.25,0.0,1.25,80,80,79,77,73,74,145,50,1,2,2,-1,9420,19531
45,F1,17/09/16,Nancy,Nantes,1,11.25,2.0,1,2,3,13.75,3.25,0.0,0.5,11.75,3.5,1,0,3,12.5,1.5,0.0,0.25,69,72,68,74,73,73,30,40,-1,1,-2,-1,17516,19547
46,F1,17/09/16,Toulouse,Guingamp,2,8.5,3.0,1,3,1,17.0,1.75,0.0,1.25,12.25,4.75,2,2,0,12.0,1.5,0.0,1.75,75,74,73,75,74,74,35,26,1,-1,1,1,17068,19416
47,F1,18/09/16,Marseille,Lyon,1,11.25,4.5,1,3,2,14.75,2.0,0.0,1.25,16.5,6.75,2,0,2,13.5,2.25,0.25,2.0,80,78,77,80,79,76,100,235,1,-2,-1,-1,39898,22257
48,F1,18/09/16,Montpellier,Nice,1,10.75,3.25,1,3,1,12.0,1.0,0.0,1.0,13.0,5.5,3,1,0,11.25,1.5,0.0,1.5,76,74,73,74,75,74,42,42,1,-1,2,1,12356,22293
49,F1,18/09/16,St Etienne,Bastia,2,12.25,3.75,1,3,1,12.75,2.25,0.0,1.5,9.0,3.0,2,0,2,15.25,4.0,0.0,1.25,75,75,76,73,72,72,70,28,1,-1,1,-1,27227,20847
50,F1,20/09/16,Lille,Toulouse,0,9.4,2.6,1,3,3,12.6,2.0,0.0,1.0,9.4,3.4,2,2,1,17.2,2.2,0.0,1.4,75,75,75,75,74,73,75,35,-1,-1,2,-1,29487,19819
51,F1,20/09/16,Paris SG,Dijon,2,16.0,5.4,3,4,1,11.4,1.8,0.0,2.4,8.8,3.4000000000000004,1,1,3,11.2,2.0,1.0,1.0,85,83,82,72,72,70,500,26,0,1,1,-2,45159,19831
52,F1,21/09/16,Angers,Caen,2,14.8,5.4,2,3,3,12.8,2.0,0.2,0.8,12.0,3.2,2,0,3,11.6,1.6,0.0,1.0,72,74,73,73,73,73,25,29,1,1,-1,-1,11954,19992
53,F1,21/09/16,Bastia,Nancy,1,9.0,3.0,2,3,3,14.4,4.0,0.0,1.0,10.8,2.0,1,1,3,13.0,2.6,0.0,0.6000000000000001,73,72,72,69,72,68,28,30,1,-2,-1,1,10511,18961
54,F1,21/09/16,Guingamp,Lorient,2,10.8,4.4,2,4,1,11.8,1.7999999999999998,0.2,1.6,9.2,3.2,1,0,4,11.6,1.4,1.4,0.6000000000000001,75,74,74,74,72,72,26,36,0,-1,1,0,14790,19914
55,F1,21/09/16,Lyon,Montpellier,2,16.0,5.6,2,3,2,13.2,2.2,0.2,1.6,11.6,3.6,1,3,1,13.2,1.0,0.0,1.0,80,79,76,76,74,73,235,42,-1,-1,1,-1,38203,18795
56,F1,21/09/16,Metz,Bordeaux,0,8.4,3.6,3,3,1,12.999999999999998,2.4,0.2,1.6,9.6,5.0,3,0,2,11.0,1.4,1.2,1.6,75,71,72,77,76,74,30,60,1,1,-1,1,16196,22352
57,F1,21/09/16,Nantes,St Etienne,1,12.2,3.8,1,3,3,13.6,1.2,0.0,0.4,12.4,3.6,2,2,1,14.0,2.2,0.0,1.4,74,73,73,75,75,76,40,70,-2,-1,2,-1,23152,23040
58,F1,21/09/16,Nice,Monaco,2,12.2,5.2,3,3,0,11.4,1.4,0.0,1.4,12.2,4.4,4,1,0,13.4,2.0,0.0,2.6,74,75,74,80,80,79,42,145,2,1,2,2,22949,24370
59,F1,21/09/16,Rennes,Marseille,2,10.0,3.2,2,3,2,11.6,2.0,0.0,1.0,11.6,4.0,1,2,2,15.0,2.2,0.0,1.0,77,73,74,80,78,77,50,100,2,-2,1,-2,22689,25215
60,F1,23/09/16,Toulouse,Paris SG,2,8.999999999999998,3.166666666666667,3,4,1,17.833333333333332,2.6666666666666665,0.0,1.4999999999999998,14.666666666666664,5.166666666666667,4,1,1,10.833333333333336,1.6666666666666667,0.0,2.5,75,74,73,85,83,82,35,500,1,1,1,1,17068,26366
61,F1,24/09/16,Bastia,Guingamp,2,9.166666666666666,3.333333333333333,2,4,3,14.0,3.333333333333333,0.0,0.8333333333333333,10.333333333333336,4.333333333333333,3,2,1,11.5,1.6666666666666667,1.0,1.5000000000000002,73,72,72,75,74,74,28,26,1,-2,1,-1,10511,19416
62,F1,24/09/16,Bordeaux,Caen,1,11.333333333333336,5.333333333333334,4,3,2,9.833333333333334,1.1666666666666667,0.3333333333333333,1.8333333333333333,11.0,2.833333333333333,2,0,4,11.5,1.5,0.0,1.0,77,76,74,73,73,73,60,29,-1,2,-1,-2,24217,19992
63,F1,24/09/16,Dijon,Rennes,2,8.666666666666668,3.5,1,4,4,10.499999999999998,1.6666666666666663,0.16666666666666666,0.8333333333333333,10.499999999999998,3.5,3,1,2,11.5,1.8333333333333333,0.0,1.3333333333333333,72,72,70,77,73,74,26,50,1,-3,3,-2,10128,19531
64,F1,24/09/16,Lorient,Lyon,2,9.833333333333334,3.1666666666666665,1,3,5,12.0,1.4999999999999998,0.5,0.5,16.000000000000004,6.0,3,1,2,12.666666666666664,1.833333333333333,0.16666666666666666,2.1666666666666665,74,72,72,80,79,76,36,235,1,-1,1,0,11832,22257
65,F1,24/09/16,Monaco,Angers,2,13.0,4.833333333333334,4,4,1,13.833333333333332,1.8333333333333333,0.16666666666666666,2.1666666666666665,14.5,5.333333333333333,3,0,3,12.666666666666664,1.6666666666666663,0.16666666666666666,1.0,80,80,79,72,74,73,145,25,1,-1,2,1,9420,20294
66,F1,24/09/16,Montpellier,Metz,0,11.0,3.333333333333334,1,5,2,13.5,1.0,0.16666666666666666,1.0,9.0,3.6666666666666665,3,1,2,13.499999999999998,2.333333333333333,1.0,1.3333333333333333,76,74,73,75,71,72,42,30,1,-2,-1,1,12356,19465
67,F1,25/09/16,Marseille,Nantes,2,11.0,4.0,1,5,3,16.5,2.0,0.16666666666666666,1.1666666666666663,13.0,4.166666666666666,1,2,3,14.0,1.6666666666666663,0.0,0.3333333333333333,80,78,77,74,73,73,100,40,1,-3,-2,-1,39898,19547
68,F1,25/09/16,Nancy,Nice,0,9.666666666666666,2.0,1,4,3,13.999999999999998,2.1666666666666665,0.0,0.5,11.666666666666664,5.500000000000001,4,2,0,11.5,1.3333333333333337,0.0,1.8333333333333333,69,72,68,74,75,74,30,42,-1,1,3,1,17516,22293
69,F1,25/09/16,St Etienne,Lille,2,11.333333333333336,3.0000000000000004,2,4,1,14.0,1.8333333333333333,0.16666666666666666,1.1666666666666663,11.0,3.0,1,1,4,12.666666666666664,2.0,0.0,1.0,75,75,76,75,75,75,70,75,2,-1,-2,-1,27227,18478
70,F1,30/09/16,Rennes,Guingamp,2,11.714285714285715,3.571428571428571,3,4,3,11.571428571428573,1.714285714285714,0.0,1.1428571428571428,9.285714285714286,4.142857142857143,3,2,2,12.285714285714285,1.5714285714285712,2.0,1.2857142857142856,77,73,74,75,74,74,50,26,3,-3,1,-2,22689,19416
71,F1,01/10/16,Caen,Toulouse,2,11.285714285714285,3.0,2,4,4,12.142857142857142,1.5714285714285712,0.0,0.857142857142857,9.285714285714286,3.1428571428571423,4,2,1,17.0,2.714285714285714,0.0,1.5714285714285712,73,73,73,75,74,73,29,35,-1,-2,2,1,15786,19819
72,F1,01/10/16,Dijon,Montpellier,1,9.571428571428571,3.7142857142857135,2,4,4,10.0,1.5714285714285712,0.14285714285714285,1.1428571428571428,11.714285714285715,3.1428571428571432,1,3,3,13.571428571428573,1.1428571428571428,1.0,0.857142857142857,72,72,70,76,74,73,26,42,2,-3,-1,-2,10128,18795
73,F1,01/10/16,Lille,Nancy,2,11.142857142857142,3.0,1,4,5,13.0,1.8571428571428568,0.14285714285714285,0.9999999999999998,10.428571428571429,1.714285714285714,1,2,4,14.428571428571427,2.2857142857142856,0.0,0.42857142857142855,75,75,75,69,72,68,75,30,-2,-2,-2,1,29487,18961
74,F1,01/10/16,Metz,Monaco,0,8.285714285714286,3.5714285714285707,4,4,2,14.428571428571427,2.4285714285714284,0.14285714285714285,1.2857142857142856,13.0,4.7142857142857135,5,1,1,13.285714285714285,1.714285714285714,1.0,2.142857142857143,75,71,72,80,80,79,30,145,-1,2,2,-1,16196,24370
75,F1,01/10/16,Nantes,Bastia,2,13.0,4.142857142857142,1,5,4,14.428571428571427,1.857142857142857,0.0,0.42857142857142855,9.428571428571429,3.7142857142857135,3,1,3,14.428571428571427,3.0,0.14285714285714285,0.857142857142857,74,73,73,73,72,72,40,28,-2,-2,2,-2,23152,20847
76,F1,01/10/16,Paris SG,Bordeaux,2,14.285714285714285,4.857142857142857,4,5,2,10.857142857142856,1.5714285714285712,0.14285714285714285,2.1428571428571423,11.428571428571427,4.857142857142857,4,1,2,9.428571428571429,1.0,1.1428571428571428,1.5714285714285714,85,83,82,77,76,74,500,60,1,-1,-1,2,45159,22352
77,F1,02/10/16,Angers,Marseille,1,14.0,5.1428571428571415,3,4,4,12.142857142857142,1.5714285714285712,0.14285714285714285,1.0,11.428571428571427,4.142857142857142,2,2,3,15.999999999999998,1.857142857142857,1.0,1.2857142857142856,72,74,73,80,78,77,25,100,1,-1,2,-3,11954,25215
78,F1,02/10/16,Lyon,St Etienne,2,16.285714285714292,6.285714285714287,3,4,3,12.0,1.714285714285714,0.14285714285714285,1.8571428571428568,11.000000000000002,3.0,3,3,1,14.428571428571427,2.0,1.0,1.4285714285714284,80,79,76,75,75,76,235,70,1,-1,3,-1,38203,23040
79,F1,02/10/16,Nice,Lorient,2,11.857142857142858,5.285714285714286,5,4,0,12.142857142857142,1.2857142857142856,0.0,1.7142857142857142,10.0,3.0,2,0,5,12.142857142857142,1.5714285714285712,1.2857142857142856,0.5714285714285714,74,75,74,74,72,72,42,36,3,2,2,-1,22949,19914
80,F1,14/10/16,Nice,Lyon,2,11.375,4.875,6,4,0,11.75,1.375,0.125,1.75,16.0,6.375,4,1,3,12.75,1.875,0.125,1.875,74,75,74,80,79,76,42,235,4,2,2,-1,22949,22257
81,F1,14/10/16,Toulouse,Monaco,2,9.25,2.875,4,5,2,17.0,3.125,0.0,1.375,13.125,5.25,6,1,1,13.125,1.625,1.0,2.75,75,74,73,80,80,79,35,145,1,-1,1,1,17068,24370
82,F1,15/10/16,Bastia,Angers,0,9.75,4.0,3,5,4,13.75,3.0,0.125,0.75,14.375,5.125,3,1,4,11.375,1.5,0.125,1.0,73,72,72,72,74,73,28,25,2,-3,1,-1,10511,20294
83,F1,15/10/16,Guingamp,Lille,2,8.875,3.75,3,6,3,12.25,1.5,0.375,1.125,11.5,3.125,2,1,5,13.125,1.875,1.0,1.0,75,74,74,75,75,75,26,75,1,-3,1,-1,14790,18478
84,F1,15/10/16,Lorient,Nantes,0,10.875,3.125,2,4,6,12.375,1.75,0.375,0.625,13.875,4.625,2,2,4,15.0,2.125,0.0,0.5,74,72,72,74,73,73,36,40,2,-2,1,-1,11832,19547
85,F1,15/10/16,Montpellier,Caen,2,12.125,3.5,1,6,3,13.375,1.25,0.125,1.125,11.375,3.0,3,1,4,12.0,1.5,0.0,0.875,76,74,73,73,73,73,42,29,-1,-2,1,-1,12356,19992
86,F1,15/10/16,Nancy,Paris SG,0,9.75,1.875,1,5,5,14.125,2.375,0.0,0.375,14.25,5.125,5,1,2,10.5,1.5,1.0,2.125,69,72,68,85,83,82,30,500,-1,-1,2,-1,17516,26366
87,F1,16/10/16,Marseille,Metz,2,11.125,3.875,2,6,3,15.5,1.625,0.125,1.25,9.0,3.375,4,1,3,14.375,2.375,1.125,1.125,80,78,77,75,71,72,100,30,2,-3,-2,2,39898,19465
88,F1,16/10/16,Rennes,Bordeaux,1,11.875,3.5,4,4,3,11.375,1.75,0.0,1.125,10.75,4.5,4,1,3,9.375,1.0,1.125,1.375,77,73,74,77,76,74,50,60,4,-3,0,-1,22689,22352
89,F1,16/10/16,St Etienne,Dijon,1,11.0,3.0,3,5,2,14.5,1.875,0.125,1.25,9.375,4.0,2,2,4,10.25,1.625,1.0,1.375,75,75,76,72,72,70,70,26,3,-2,2,-3,27227,19831
90,F1,21/10/16,Monaco,Montpellier,2,12.111111111111116,4.777777777777779,6,6,2,13.555555555555555,1.5555555555555558,0.1111111111111111,2.555555555555556,12.0,3.888888888888889,2,4,3,13.333333333333336,1.1111111111111112,1.1111111111111112,1.3333333333333333,80,80,79,76,74,73,145,42,0,-1,1,0,9420,18795
91,F1,22/10/16,Angers,Toulouse,1,13.555555555555555,4.8888888888888875,4,6,4,11.333333333333332,1.3333333333333337,0.1111111111111111,1.1111111111111112,10.111111111111107,3.2222222222222223,5,2,2,16.666666666666668,3.0,0.0,1.5555555555555556,72,74,73,75,74,73,25,35,0,1,2,-1,11954,19819
92,F1,22/10/16,Bordeaux,Nancy,1,10.333333333333334,4.111111111111111,4,6,3,9.555555555555557,1.1111111111111112,0.2222222222222222,1.3333333333333333,9.333333333333332,2.0,1,2,6,14.333333333333332,2.2222222222222223,0.0,0.4444444444444444,77,76,74,69,72,68,60,30,0,-1,-2,-1,24217,18961
93,F1,22/10/16,Dijon,Lorient,2,9.555555555555557,3.888888888888888,2,6,4,10.0,1.7777777777777781,0.2222222222222222,1.3333333333333333,11.333333333333332,3.333333333333333,2,0,7,12.333333333333336,2.0,1.2222222222222223,0.6666666666666667,72,72,70,74,72,72,26,36,2,-3,-1,-1,10128,19914
94,F1,22/10/16,Lille,Bastia,2,11.555555555555555,3.111111111111111,2,5,6,14.0,1.666666666666667,0.1111111111111111,0.8888888888888891,10.0,3.888888888888889,3,1,5,13.111111111111116,2.8888888888888893,0.1111111111111111,0.7777777777777779,75,75,75,73,72,72,75,28,1,-2,-1,-1,29487,20847
95,F1,22/10/16,Lyon,Guingamp,0,14.666666666666668,6.0,4,5,4,13.777777777777779,2.0,0.2222222222222222,1.6666666666666663,9.333333333333332,3.7777777777777777,4,2,3,12.333333333333336,1.4444444444444446,3.0,1.1111111111111112,80,79,76,75,74,74,235,26,2,-2,2,-3,38203,19416
96,F1,22/10/16,Nantes,Rennes,0,12.888888888888884,4.444444444444444,3,6,4,14.333333333333332,2.333333333333333,0.0,0.6666666666666666,12.222222222222221,3.555555555555556,4,2,3,11.777777777777775,1.666666666666667,0.0,1.1111111111111112,74,73,73,77,73,74,40,50,1,1,4,-3,23152,19531
97,F1,23/10/16,Caen,St Etienne,0,11.444444444444445,3.2222222222222223,3,5,5,11.333333333333336,1.3333333333333337,0.0,1.0,11.666666666666668,3.0,3,4,2,14.111111111111107,1.7777777777777781,1.0,1.2222222222222223,73,73,73,75,75,76,29,70,1,-2,3,-2,15786,23040
98,F1,23/10/16,Metz,Nice,0,9.222222222222221,3.111111111111112,4,5,4,13.888888888888884,2.333333333333333,0.2222222222222222,1.0,11.888888888888893,5.0,7,2,0,11.888888888888884,1.5555555555555556,0.1111111111111111,1.7777777777777777,75,71,72,74,75,74,30,42,-1,-1,5,2,16196,22293
99,F1,23/10/16,Paris SG,Marseille,1,13.444444444444445,4.888888888888889,6,6,2,10.444444444444443,1.4444444444444446,0.1111111111111111,2.1111111111111107,11.666666666666668,4.111111111111112,3,3,3,15.333333333333336,1.5555555555555556,1.0,1.2222222222222223,85,83,82,80,78,77,500,100,1,1,3,-3,45159,25215
100,F1,28/10/16,Lille,Paris SG,0,12.099999999999998,3.6,3,5,6,14.3,1.8,0.1,1.0,13.8,4.699999999999998,6,2,2,9.8,1.3000000000000005,1.0,1.9,75,75,75,85,83,82,75,500,2,-2,1,1,29487,26366
101,F1,29/10/16,Bastia,Dijon,1,9.5,3.6,3,6,6,13.8,2.7,0.1,0.7999999999999999,9.9,3.8,3,3,4,9.7,1.7000000000000002,2.0,1.3000000000000005,73,72,72,72,72,70,28,26,-1,-2,3,-3,10511,19831
102,F1,29/10/16,Guingamp,Angers,2,8.999999999999998,3.9,5,7,3,13.1,1.6,0.30000000000000004,1.3,13.299999999999995,4.699999999999998,4,2,4,11.6,1.4,0.1,1.0,75,74,74,72,74,73,26,25,1,1,0,1,14790,20294
103,F1,29/10/16,Lorient,Montpellier,1,11.7,3.5,2,5,8,12.5,2.0,0.30000000000000004,0.6,11.7,3.8,2,4,4,13.000000000000002,1.0,1.1,1.4,74,72,72,76,74,73,36,42,-1,-2,1,-1,11832,18795
104,F1,29/10/16,Nancy,Caen,2,9.5,2.1,1,6,6,14.499999999999998,2.3,0.0,0.5,11.2,3.0,3,1,6,10.9,1.3,0.0,0.8999999999999999,69,72,68,73,73,73,30,29,-2,-1,-1,-1,17516,19992
105,F1,29/10/16,St Etienne,Monaco,1,11.8,3.3,4,7,2,14.0,1.7000000000000004,0.1,1.3,12.300000000000002,5.2,7,1,2,13.6,1.6,1.0,2.9000000000000004,75,75,76,80,80,79,70,145,0,1,1,-1,27227,24370
106,F1,29/10/16,Toulouse,Lyon,0,9.7,3.1,5,6,2,16.2,3.1,0.0,1.4,15.000000000000002,5.999999999999999,4,1,5,13.700000000000005,1.9,1.1,1.6,75,74,73,80,79,76,35,235,2,-1,-1,-1,17068,22257
107,F1,30/10/16,Marseille,Bordeaux,1,10.5,3.7,3,7,3,14.8,1.6000000000000003,0.1,1.1,10.499999999999998,3.9000000000000012,4,3,3,9.8,1.1,1.1,1.3000000000000005,80,78,77,77,76,74,100,60,3,-3,0,-1,39898,22352
108,F1,30/10/16,Nice,Nantes,2,12.4,5.3,8,5,0,10.8,1.4,0.1,2.0,12.5,4.4,3,2,5,14.1,2.2,0.0,0.7000000000000001,74,75,74,74,73,73,42,40,5,3,-1,1,22949,19547
109,F1,30/10/16,Rennes,Metz,2,11.7,3.4999999999999987,5,6,3,11.4,1.8,0.0,1.2,9.2,3.3000000000000003,4,1,5,14.2,2.5,1.1,1.1,77,73,74,75,71,72,50,30,1,1,-2,-1,22689,19465
110,F1,04/11/16,Montpellier,Marseille,2,11.363636363636365,3.8181818181818175,2,8,4,12.636363636363635,1.0,0.18181818181818185,1.4545454545454546,10.454545454545453,3.6363636363636367,3,5,3,14.636363636363635,1.5454545454545452,1.0,1.0,76,74,73,80,78,77,42,100,1,-1,3,-3,12356,25215
111,F1,05/11/16,Angers,Lille,2,13.454545454545453,4.545454545454545,4,8,5,11.636363636363635,1.5454545454545454,0.09090909090909093,0.9090909090909092,11.909090909090908,3.3636363636363638,3,1,7,14.90909090909091,1.8181818181818183,1.0,0.9090909090909092,72,74,73,75,75,75,25,75,0,-1,-1,0,11954,18478
112,F1,05/11/16,Bordeaux,Lorient,2,10.000000000000002,3.6363636363636362,4,8,3,9.636363636363637,1.0909090909090908,0.18181818181818185,1.1818181818181817,12.18181818181818,3.454545454545455,2,1,8,12.545454545454545,2.0000000000000004,1.181818181818182,0.7272727272727273,77,76,74,74,72,72,60,36,0,-1,-1,-2,24217,19914
113,F1,05/11/16,Dijon,Guingamp,1,9.727272727272727,3.6363636363636362,3,7,4,11.090909090909092,1.6363636363636362,0.18181818181818185,1.1818181818181817,9.363636363636363,4.0,6,2,3,12.727272727272727,1.5454545454545452,3.0,1.2727272727272727,72,72,70,75,74,74,26,26,3,-3,2,1,10128,19416
114,F1,05/11/16,Lyon,Bastia,2,14.272727272727273,5.727272727272728,5,6,5,13.90909090909091,1.9090909090909087,0.2727272727272727,1.6363636363636365,10.363636363636363,4.2727272727272725,3,2,6,13.545454545454545,2.545454545454545,0.09090909090909093,0.7272727272727273,80,79,76,73,72,72,235,28,-1,1,-1,-2,38203,20847
115,F1,05/11/16,Monaco,Nancy,2,12.363636363636365,5.272727272727273,7,7,2,13.727272727272725,1.8181818181818181,0.09090909090909093,2.727272727272727,9.636363636363637,2.1818181818181817,2,3,6,14.727272727272727,2.363636363636364,0.0,0.6363636363636365,80,80,79,69,72,68,145,30,1,-1,1,0,9420,18961
116,F1,05/11/16,Nantes,Toulouse,1,12.818181818181818,4.363636363636363,3,7,6,14.545454545454545,2.2727272727272725,0.0,0.7272727272727273,9.90909090909091,2.9090909090909087,5,3,3,16.181818181818183,3.0,0.0,1.3636363636363638,74,73,73,75,74,73,40,35,-1,-1,-1,0,23152,19819
117,F1,06/11/16,Caen,Nice,2,11.454545454545455,3.1818181818181817,3,6,7,10.818181818181818,1.4545454545454546,0.0,0.8181818181818181,12.363636363636365,5.454545454545455,9,2,0,10.90909090909091,1.3636363636363635,0.09090909090909093,2.1818181818181817,73,73,73,74,75,74,29,42,-1,-2,6,3,15786,22293
118,F1,06/11/16,Metz,St Etienne,1,9.090909090909088,3.181818181818181,4,6,6,14.454545454545453,2.545454545454546,0.18181818181818185,1.0,11.454545454545453,3.181818181818181,4,5,2,13.727272727272727,1.5454545454545452,1.0,1.2727272727272727,75,71,72,75,75,76,30,70,-2,-2,0,1,16196,23040
119,F1,06/11/16,Paris SG,Rennes,2,14.09090909090909,4.909090909090909,7,8,2,10.454545454545457,1.2727272727272725,0.09090909090909093,1.818181818181818,11.545454545454545,3.5454545454545454,6,2,3,11.18181818181818,1.6363636363636365,0.0,1.181818181818182,85,83,82,77,73,74,500,50,1,2,2,1,45159,19531
120,F1,18/11/16,Lille,Lyon,0,11.416666666666668,3.166666666666667,3,6,8,14.666666666666664,1.6666666666666667,0.08333333333333333,0.8333333333333333,15.000000000000002,5.833333333333332,6,1,5,13.333333333333336,1.8333333333333333,2.083333333333333,1.6666666666666667,75,75,75,80,79,76,75,235,-1,-1,1,1,29487,22257
121,F1,18/11/16,Lorient,Monaco,0,11.916666666666664,3.25,2,7,9,12.333333333333336,2.0,0.3333333333333333,0.75,12.666666666666668,5.500000000000001,8,2,2,13.416666666666664,1.6666666666666663,1.0,3.0000000000000004,74,72,72,80,80,79,36,145,-1,-3,2,-1,11832,24370
122,F1,19/11/16,Bastia,Montpellier,1,10.333333333333334,4.25,3,8,7,13.58333333333333,2.5,0.25,0.75,11.499999999999998,3.8333333333333344,3,5,4,12.41666666666667,1.0,1.0833333333333333,1.5833333333333337,73,72,72,76,74,73,28,42,-1,-3,2,-1,10511,18795
123,F1,19/11/16,Nancy,Dijon,2,9.5,2.083333333333333,2,7,7,15.0,2.25,0.0,0.5833333333333333,10.000000000000002,3.9166666666666665,3,5,4,11.166666666666664,1.4999999999999998,2.0,1.3333333333333333,69,72,68,72,72,70,30,26,1,-1,3,-3,17516,19831
124,F1,19/11/16,Paris SG,Nantes,2,14.416666666666664,5.0,8,8,2,10.166666666666668,1.2499999999999998,0.08333333333333333,2.0,12.833333333333336,4.166666666666667,3,3,6,14.75,2.4166666666666665,0.0,0.7500000000000001,85,83,82,74,73,73,500,40,2,2,-1,-1,45159,19547
125,F1,19/11/16,Rennes,Angers,1,10.916666666666664,3.333333333333334,6,7,4,11.083333333333332,1.6666666666666667,0.0,1.0833333333333333,13.083333333333332,4.249999999999999,5,2,5,11.833333333333332,1.4166666666666667,0.08333333333333333,0.9166666666666669,77,73,74,72,74,73,50,25,1,-1,1,-1,22689,20294
126,F1,19/11/16,Toulouse,Metz,0,9.416666666666666,3.0000000000000004,5,7,3,15.499999999999998,2.916666666666666,0.0,1.333333333333333,9.5,3.0833333333333326,4,2,6,14.666666666666664,2.5,1.0833333333333333,0.9166666666666666,75,74,73,75,71,72,35,30,-1,0,-2,-2,17068,19465
127,F1,20/11/16,Guingamp,Bordeaux,1,9.75,4.166666666666666,6,8,3,13.083333333333336,1.4999999999999998,0.25,1.4166666666666667,10.166666666666666,3.8333333333333335,5,4,3,9.0,1.25,1.0833333333333333,1.25,75,74,74,77,76,74,26,60,2,1,1,-1,14790,22352
128,F1,20/11/16,Marseille,Caen,2,10.416666666666668,3.5,3,9,4,14.166666666666668,1.4999999999999998,0.08333333333333333,1.0,11.499999999999998,3.5,4,1,7,10.833333333333336,1.5,0.0,0.8333333333333333,80,78,77,73,73,73,100,29,3,-4,1,-1,39898,19992
129,F1,20/11/16,St Etienne,Nice,0,11.166666666666664,3.083333333333333,4,9,2,13.833333333333332,1.4166666666666663,0.16666666666666666,1.1666666666666663,11.666666666666664,5.083333333333333,9,2,1,11.5,1.5,0.08333333333333333,2.0,75,75,76,74,75,74,70,42,0,1,1,-1,27227,22293
130,F1,25/11/16,Rennes,Toulouse,2,10.923076923076923,3.230769230769232,6,8,4,11.0,1.6923076923076923,0.0,1.0769230769230769,9.846153846153848,3.0769230769230766,5,4,4,15.307692307692307,2.6923076923076925,0.0,1.3076923076923077,77,73,74,75,74,73,50,35,1,-1,-2,0,22689,19819
131,F1,26/11/16,Bordeaux,Dijon,2,10.0,3.7692307692307696,5,9,3,9.538461538461537,1.2307692307692308,0.15384615384615385,1.2307692307692306,10.153846153846152,4.0,3,5,5,12.0,1.6153846153846154,2.0,1.2307692307692308,77,76,74,72,72,70,60,26,1,-1,3,-4,24217,19831
132,F1,26/11/16,Caen,Guingamp,1,10.846153846153843,3.230769230769232,4,7,8,11.230769230769232,1.4615384615384617,0.0,0.7692307692307694,10.153846153846157,4.153846153846153,6,4,3,13.076923076923075,1.5384615384615383,3.0,1.3846153846153846,73,73,73,75,74,74,29,26,1,-2,2,1,15786,19416
133,F1,26/11/16,Metz,Lorient,1,9.076923076923077,3.0,5,8,6,14.615384615384619,2.3846153846153846,0.15384615384615385,1.0,12.153846153846152,3.2307692307692317,2,1,10,12.538461538461535,1.8461538461538465,2.1538461538461537,0.6923076923076923,75,71,72,74,72,72,30,36,0,1,-2,-3,16196,19914
134,F1,26/11/16,Monaco,Marseille,2,12.53846153846154,5.538461538461538,9,8,2,13.307692307692307,1.615384615384615,0.07692307692307693,3.0,10.692307692307693,3.307692307692308,4,5,4,14.461538461538465,1.5384615384615383,1.0,1.0,80,80,79,80,78,77,145,100,2,1,4,-4,9420,25215
135,F1,26/11/16,Montpellier,Nancy,1,11.461538461538465,3.8461538461538463,3,9,4,12.538461538461535,0.9230769230769232,0.15384615384615385,1.5384615384615383,9.769230769230768,2.230769230769231,3,3,7,15.153846153846155,2.1538461538461537,0.0,0.6153846153846154,76,74,73,69,72,68,42,30,2,-1,2,-1,12356,18961
136,F1,26/11/16,Nantes,Lille,1,12.769230769230768,3.9230769230769234,3,9,7,14.307692307692307,2.307692307692308,0.0,0.6923076923076923,11.615384615384615,3.1538461538461537,3,1,9,14.692307692307693,1.6923076923076918,1.0769230769230769,0.7692307692307693,74,73,73,75,75,75,40,75,-1,-2,-2,-1,23152,18478
137,F1,27/11/16,Angers,St Etienne,0,12.615384615384615,4.230769230769232,5,9,5,11.923076923076925,1.4615384615384617,0.2307692307692308,0.9230769230769232,10.923076923076923,2.923076923076924,4,6,3,13.692307692307693,1.4615384615384612,2.0,1.0769230769230769,72,74,73,75,75,76,25,70,1,-1,-1,1,11954,23040
138,F1,27/11/16,Lyon,Paris SG,0,15.153846153846155,5.615384615384616,7,7,5,13.461538461538465,1.9230769230769231,0.2307692307692308,1.6153846153846152,14.076923076923075,5.000000000000001,9,2,2,10.076923076923077,1.1538461538461535,1.0,2.0,80,79,76,85,83,82,235,500,1,2,3,2,38203,26366
139,F1,27/11/16,Nice,Bastia,1,11.923076923076925,5.0769230769230775,10,7,1,11.307692307692307,1.4615384615384617,0.07692307692307693,1.9230769230769231,10.769230769230768,4.153846153846153,3,3,7,13.69230769230769,2.4615384615384617,2.0769230769230766,0.7692307692307692,74,75,74,73,72,72,42,28,0,1,-1,-3,22949,20847
140,F1,29/11/16,Dijon,Monaco,1,10.071428571428571,4.142857142857143,3,10,6,12.142857142857142,1.6428571428571423,0.14285714285714285,1.2857142857142856,12.714285714285715,5.7857142857142865,10,2,2,12.714285714285715,1.5714285714285712,1.0,3.071428571428571,72,72,70,80,80,79,26,145,3,-5,3,1,10128,24370
141,F1,29/11/16,Lille,Caen,2,11.428571428571427,3.1428571428571432,3,7,9,14.428571428571427,1.7142857142857135,0.14285714285714285,0.7142857142857142,11.357142857142858,3.2857142857142856,4,2,8,11.214285714285717,1.3571428571428568,0.0,0.7857142857142856,75,75,75,73,73,73,75,29,-2,-1,1,-2,29487,19992
142,F1,29/11/16,Lorient,Rennes,2,11.999999999999998,3.428571428571429,2,8,10,12.928571428571427,1.8571428571428568,0.2857142857142857,0.8571428571428571,10.928571428571427,3.2142857142857144,7,3,4,11.214285714285712,1.7142857142857135,0.0,1.0714285714285712,74,72,72,77,73,74,36,50,-2,-3,2,-1,11832,19531
143,F1,30/11/16,Bastia,Bordeaux,1,10.785714285714283,4.0,3,10,7,13.857142857142858,2.5,0.21428571428571427,0.7857142857142855,10.285714285714283,3.928571428571429,6,5,3,9.857142857142858,1.1428571428571426,1.0714285714285714,1.357142857142857,73,72,72,77,76,74,28,60,-1,-3,2,-1,10511,22352
144,F1,30/11/16,Guingamp,Nice,0,10.214285714285717,4.142857142857143,6,10,3,13.428571428571427,1.571428571428571,0.21428571428571427,1.357142857142857,11.928571428571427,5.2142857142857135,10,3,1,11.214285714285712,1.357142857142857,0.07142857142857142,1.8571428571428568,75,74,74,74,75,74,26,42,2,1,0,1,14790,22293
145,F1,30/11/16,Nancy,Metz,2,9.428571428571429,2.2142857142857126,3,8,7,15.214285714285712,2.2142857142857126,0.0,0.5714285714285714,9.214285714285717,3.2142857142857126,5,3,6,14.285714285714285,2.357142857142857,1.0714285714285714,1.1428571428571426,69,72,68,75,71,72,30,30,2,-1,0,1,17516,19465
146,F1,30/11/16,Nantes,Lyon,0,12.428571428571427,3.714285714285714,3,10,7,14.857142857142856,2.2142857142857144,0.0,0.6428571428571428,15.071428571428573,5.428571428571429,7,1,6,13.071428571428573,1.8571428571428563,2.071428571428571,1.5714285714285712,74,73,73,80,79,76,40,235,-1,-2,-1,1,23152,22257
147,F1,30/11/16,Paris SG,Angers,2,13.857142857142856,4.999999999999999,10,9,2,10.571428571428571,1.4999999999999998,0.07142857142857142,2.0,12.714285714285715,4.357142857142858,5,3,6,12.571428571428573,1.571428571428571,2.071428571428572,0.9285714285714284,85,83,82,72,74,73,500,25,3,3,-1,0,45159,20294
148,F1,30/11/16,St Etienne,Marseille,1,10.714285714285714,3.071428571428571,5,10,3,13.500000000000005,1.5714285714285712,0.21428571428571427,1.1428571428571426,10.571428571428571,3.2857142857142856,4,5,5,14.071428571428573,1.5714285714285712,1.0,0.9285714285714284,75,75,76,80,78,77,70,100,-1,2,4,-5,27227,25215
149,F1,30/11/16,Toulouse,Montpellier,2,10.000000000000002,3.071428571428571,5,8,5,15.571428571428573,2.6428571428571423,0.07142857142857142,1.2142857142857142,11.500000000000002,3.8571428571428568,3,7,4,11.999999999999998,0.9999999999999998,1.1428571428571428,1.4285714285714284,75,74,73,76,74,73,35,42,-2,-1,2,-1,17068,18795
150,F1,02/12/16,Caen,Dijon,1,11.466666666666667,3.2,4,9,9,11.266666666666666,1.3333333333333333,0.0,0.8666666666666666,10.2,4.000000000000001,3,6,6,11.8,1.6666666666666663,2.0,1.2666666666666666,73,73,73,72,72,70,29,26,1,-3,3,-5,15786,19831
151,F1,03/12/16,Angers,Lorient,1,12.8,4.266666666666668,5,10,7,12.266666666666667,1.5333333333333332,0.2,0.8666666666666666,11.866666666666665,3.4000000000000004,3,2,10,13.066666666666665,1.7999999999999998,2.1333333333333333,0.9333333333333332,72,74,73,74,72,72,25,36,-1,-1,1,0,11954,19914
152,F1,03/12/16,Bordeaux,Lille,0,10.133333333333333,3.866666666666666,6,10,3,10.133333333333333,1.3333333333333333,0.13333333333333333,1.3333333333333333,11.933333333333335,3.4666666666666672,4,2,9,14.0,1.6,1.0666666666666669,0.9333333333333332,77,76,74,75,75,75,60,75,2,-1,1,0,24217,18478
153,F1,03/12/16,Guingamp,Nantes,2,10.266666666666667,4.2,6,10,4,13.733333333333333,1.6,0.2,1.2666666666666666,12.4,3.5333333333333337,3,4,8,14.6,2.1333333333333333,0.0,0.6,75,74,74,74,73,73,26,40,-1,0,-2,-2,14790,19547
154,F1,03/12/16,Monaco,Bastia,2,12.466666666666665,5.666666666666668,10,9,2,12.666666666666668,1.4666666666666666,0.06666666666666668,2.9333333333333336,10.933333333333332,4.133333333333334,3,5,7,13.4,2.466666666666667,2.1333333333333337,0.7999999999999999,80,80,79,73,72,72,145,28,3,1,-1,-3,9420,20847
155,F1,03/12/16,Montpellier,Paris SG,2,11.533333333333335,3.733333333333333,3,11,5,12.0,1.1333333333333333,0.2,1.3333333333333333,13.93333333333333,4.933333333333334,11,2,2,10.666666666666666,1.5333333333333332,1.0,2.0,76,74,73,85,83,82,42,500,2,-2,4,3,12356,26366
156,F1,04/12/16,Marseille,Nancy,2,10.733333333333334,3.5333333333333337,4,11,5,13.933333333333335,1.5333333333333332,0.06666666666666668,0.8666666666666666,9.933333333333334,2.533333333333333,4,4,7,15.266666666666666,2.4,0.0,0.8,80,78,77,69,72,68,100,30,4,-5,3,-1,39898,18961
157,F1,04/12/16,Nice,Toulouse,2,11.933333333333335,5.133333333333333,11,9,1,11.533333333333333,1.3333333333333333,0.06666666666666668,1.7999999999999998,9.666666666666668,3.066666666666667,6,4,5,15.466666666666667,2.6,1.0,1.2,74,75,74,75,74,73,42,35,0,2,1,-1,22949,19819
158,F1,04/12/16,Rennes,St Etienne,2,11.2,3.5333333333333337,7,9,5,11.199999999999998,1.6666666666666663,0.0,1.0666666666666669,10.466666666666667,3.066666666666667,5,7,3,12.933333333333332,1.4666666666666666,3.0,1.0666666666666669,77,73,74,75,75,76,50,70,2,-2,-1,2,22689,23040
159,F1,10/12/16,Bastia,Metz,2,10.6875,3.875,3,12,8,13.25,2.5,0.25,0.75,9.133333333333333,3.266666666666666,5,3,7,14.266666666666666,2.333333333333333,2.0666666666666664,1.0666666666666669,73,72,72,75,71,72,28,30,-1,-4,0,-1,10511,19465
160,F1,10/12/16,Bordeaux,Monaco,0,10.0,3.6875,6,10,4,10.4375,1.375,0.125,1.25,12.4375,5.75,11,3,2,12.875,1.5625,1.0,3.0625,77,76,74,80,80,79,60,145,-1,0,4,1,24217,24370
161,F1,10/12/16,Dijon,Marseille,0,10.375,4.0,3,12,6,12.0625,1.6875,0.1875,1.375,11.25,3.875,5,6,5,13.9375,1.5,1.0,1.0,72,72,70,80,78,77,26,100,3,-5,5,-5,10128,25215
162,F1,10/12/16,Lille,Montpellier,2,12.1875,3.8125,5,8,9,14.1875,1.75,0.125,0.9375,11.1875,3.6875,4,7,5,11.75,1.0625,1.125,1.4375,75,75,75,76,74,73,75,42,1,1,3,-2,29487,18795
163,F1,10/12/16,Nancy,Angers,2,9.75,2.5,4,9,8,14.8125,2.3125,0.0625,0.75,13.1875,4.3125,5,4,7,11.8125,1.4375,2.0625,0.9375,69,72,68,72,74,73,30,25,3,-2,-1,-1,17516,20294
164,F1,10/12/16,Toulouse,Lorient,2,9.8125,2.875,6,9,6,15.4375,2.5625,0.0625,1.125,11.9375,3.5,3,3,10,12.8125,1.75,2.125,1.0,75,74,73,74,72,72,35,36,1,-2,1,0,17068,19914
165,F1,11/12/16,Lyon,Rennes,2,15.4,5.666666666666668,8,8,6,12.933333333333332,1.7999999999999998,0.2,1.8666666666666667,11.375,3.625,8,3,5,11.625,1.75,0.0,1.125,80,79,76,77,73,74,235,50,-1,2,3,-2,38203,19531
166,F1,11/12/16,Paris SG,Nice,1,13.6875,4.8125,11,10,3,10.9375,1.5625,0.0625,1.875,11.875,5.1875,12,3,1,11.1875,1.25,0.0625,1.875,85,83,82,74,75,74,500,42,1,-1,1,2,45159,22293
167,F1,11/12/16,St Etienne,Guingamp,2,10.0625,2.875,5,12,4,12.5,1.5,0.1875,1.0,10.5625,4.3125,7,5,4,13.5625,1.5,3.0,1.3125,75,75,76,75,74,74,70,26,0,-1,1,0,27227,19416
168,F1,16/12/16,Angers,Nantes,0,13.000000000000002,4.176470588235293,5,12,8,11.588235294117649,1.4117647058823528,0.1764705882352941,0.8823529411764707,12.125,3.4375,3,4,9,14.8125,2.125,1.0,0.5625,72,74,73,74,73,73,25,40,-1,-2,-2,-3,11954,19547
169,F1,17/12/16,Guingamp,Paris SG,2,10.999999999999998,4.529411764705882,7,11,5,13.588235294117649,1.5294117647058825,0.1764705882352941,1.2352941176470589,14.176470588235292,5.117647058823528,11,3,3,11.294117647058822,1.5882352941176472,1.0,1.8823529411764708,75,74,74,85,83,82,26,500,1,-1,1,-1,14790,26366
170,F1,17/12/16,Lorient,St Etienne,2,12.235294117647054,3.7647058823529407,3,10,11,12.352941176470587,1.647058823529412,0.2352941176470588,1.0588235294117647,9.882352941176473,2.8235294117647056,6,7,4,12.52941176470588,1.4117647058823528,3.0,1.0,74,72,72,75,75,76,36,70,1,-1,1,-1,11832,23040
171,F1,17/12/16,Montpellier,Bordeaux,2,11.52941176470588,3.8235294117647056,4,12,6,11.823529411764708,1.0588235294117647,0.1764705882352941,1.4117647058823528,9.941176470588236,3.5882352941176463,6,6,5,10.470588235294116,1.4705882352941178,1.1176470588235294,1.1764705882352942,76,74,73,77,76,74,42,60,3,-3,-2,0,12356,22352
172,F1,17/12/16,Rennes,Bastia,0,11.47058823529412,3.705882352941176,8,10,6,11.823529411764708,1.647058823529412,0.05882352941176471,1.0588235294117647,10.999999999999998,4.0,4,5,8,13.235294117647054,2.4705882352941178,2.117647058823529,0.823529411764706,77,73,74,73,72,72,50,28,3,-3,1,-3,22689,20847
173,F1,17/12/16,Toulouse,Nancy,1,9.823529411764703,3.0,7,9,6,15.000000000000002,2.5294117647058827,0.05882352941176471,1.2352941176470589,9.882352941176473,2.7058823529411766,5,4,8,14.352941176470587,2.2352941176470584,1.0,0.8235294117647058,75,74,73,69,72,68,35,30,2,-2,4,-2,17068,18961
174,F1,18/12/16,Caen,Metz,2,11.75,3.5625,4,10,9,11.5,1.5,0.0,1.0,9.0625,3.125,5,3,8,14.5625,2.3125,2.0625,1.0,73,73,73,75,71,72,29,30,1,-3,0,-2,15786,19465
175,F1,18/12/16,Marseille,Lille,2,11.29411764705882,4.0588235294117645,6,12,5,14.176470588235292,1.5294117647058825,0.05882352941176471,1.0588235294117647,12.176470588235292,3.823529411764705,6,2,9,14.352941176470587,1.7058823529411766,1.0588235294117647,1.0,80,78,77,75,75,75,100,75,1,1,2,1,39898,18478
176,F1,18/12/16,Monaco,Lyon,0,12.647058823529413,5.76470588235294,12,10,2,12.999999999999998,1.5294117647058825,0.05882352941176471,3.117647058823529,14.75,5.5625,9,1,6,13.125,1.875,2.0625,1.8125,80,80,79,80,79,76,145,235,4,2,1,1,9420,22257
177,F1,18/12/16,Nice,Dijon,2,11.470588235294116,5.0588235294117645,12,10,1,11.117647058823529,1.3529411764705883,0.05882352941176471,1.8823529411764708,10.588235294117649,4.0588235294117645,3,7,7,12.058823529411766,1.647058823529412,3.0,1.3529411764705883,74,75,74,72,72,70,42,26,1,2,-1,-2,22949,19831
178,F1,21/12/16,Bastia,Marseille,0,11.166666666666664,4.0,5,13,8,13.111111111111116,2.333333333333333,0.2222222222222222,0.8888888888888891,11.388888888888884,4.111111111111111,7,6,5,14.111111111111107,1.4444444444444446,1.0,1.1111111111111112,73,72,72,80,78,77,28,100,1,1,2,1,10511,25215
179,F1,21/12/16,Bordeaux,Nice,1,10.055555555555557,3.5555555555555562,6,11,6,10.555555555555557,1.5000000000000002,0.2222222222222222,1.1111111111111112,11.277777777777779,4.9444444444444455,13,4,1,11.222222222222221,1.3333333333333337,0.05555555555555555,1.8888888888888893,77,76,74,74,75,74,60,42,-2,-1,2,2,24217,22293
180,F1,21/12/16,Dijon,Toulouse,2,10.611111111111107,4.055555555555555,3,13,8,12.555555555555555,1.7222222222222223,0.2222222222222222,1.3333333333333337,9.555555555555557,2.9444444444444438,7,5,6,15.111111111111116,2.4444444444444446,1.0,1.2222222222222223,72,72,70,75,74,73,26,35,-1,-3,2,-2,10128,19819
181,F1,21/12/16,Lille,Rennes,1,12.222222222222221,3.833333333333333,6,9,10,14.388888888888893,1.6111111111111114,0.1111111111111111,0.9444444444444444,11.5,3.722222222222221,8,3,7,12.0,1.6111111111111116,1.0,1.0555555555555558,75,75,75,77,73,74,75,50,1,-1,-1,-1,29487,19531
182,F1,21/12/16,Lyon,Angers,2,14.882352941176471,5.8235294117647065,10,9,6,13.529411764705882,1.8823529411764708,0.1764705882352941,1.8823529411764708,13.111111111111116,4.0555555555555545,5,4,9,11.611111111111107,1.3888888888888893,2.055555555555556,0.8333333333333335,80,79,76,72,74,73,235,25,1,2,-2,-2,38203,20294
183,F1,21/12/16,Metz,Guingamp,1,9.470588235294116,3.117647058823529,5,12,9,14.470588235294116,2.3529411764705883,0.2352941176470588,0.9411764705882354,10.999999999999998,4.388888888888888,8,5,5,13.833333333333336,1.4444444444444446,3.0,1.2777777777777781,75,71,72,75,74,74,30,26,0,-3,2,-1,16196,19416
184,F1,21/12/16,Monaco,Caen,2,12.666666666666664,5.666666666666668,12,10,3,13.388888888888893,1.666666666666667,0.1111111111111111,3.0,12.058823529411766,3.8235294117647056,5,3,9,11.294117647058822,1.5294117647058825,0.0,1.1176470588235294,80,80,79,73,73,73,145,29,-1,1,2,-3,9420,19992
185,F1,21/12/16,Nantes,Montpellier,2,12.058823529411766,3.4705882352941173,4,12,9,14.470588235294116,2.176470588235294,0.05882352941176471,0.6470588235294118,12.111111111111107,4.055555555555556,5,7,6,11.777777777777779,1.1111111111111112,1.1111111111111112,1.5555555555555558,74,73,73,76,74,73,40,42,0,1,4,-3,23152,18795
186,F1,21/12/16,Paris SG,Lorient,2,14.222222222222225,5.222222222222221,11,12,4,11.555555555555555,1.5000000000000002,0.05555555555555555,1.8333333333333337,12.722222222222221,4.0555555555555545,4,3,11,12.333333333333336,1.777777777777778,2.1111111111111107,1.1111111111111112,85,83,82,74,72,72,500,36,1,-2,2,-1,45159,19914
187,F1,21/12/16,St Etienne,Nancy,1,9.833333333333334,2.8333333333333326,6,13,5,12.555555555555555,1.4444444444444446,0.2222222222222222,1.0000000000000002,9.888888888888888,2.7222222222222223,5,5,8,14.222222222222225,2.2777777777777777,1.0,0.8333333333333333,75,75,76,69,72,68,70,30,1,-2,4,-2,27227,18961
188,F1,13/01/17,Lille,St Etienne,1,12.52631578947368,3.947368421052631,6,10,10,14.210526315789473,1.5789473684210518,0.10526315789473684,0.9473684210526316,10.263157894736839,2.8421052631578947,6,8,5,12.68421052631579,1.4210526315789471,4.0,0.9473684210526316,75,75,75,75,75,76,75,70,1,-1,1,-2,29487,23040
189,F1,14/01/17,Angers,Bordeaux,1,13.0,4.0,5,13,10,11.789473684210524,1.4210526315789467,0.15789473684210525,0.7894736842105262,10.315789473684207,3.5263157894736845,6,7,6,10.842105263157894,1.526315789473684,2.1052631578947367,1.0526315789473684,72,74,73,77,76,74,25,60,-2,-3,-2,-1,11954,22352
190,F1,14/01/17,Lorient,Guingamp,2,12.263157894736846,3.8947368421052633,4,11,12,12.210526315789473,1.7368421052631575,0.21052631578947367,1.0526315789473684,10.894736842105262,4.368421052631579,8,6,5,13.684210526315795,1.421052631578947,3.0,1.3157894736842102,74,72,72,75,74,74,36,26,2,-2,2,-1,11832,19416
191,F1,14/01/17,Montpellier,Dijon,1,12.421052631578947,4.052631578947366,5,13,7,11.789473684210524,1.052631578947368,0.15789473684210525,1.4736842105263157,10.631578947368421,4.157894736842104,4,7,8,12.52631578947368,1.7368421052631575,4.0,1.3684210526315788,76,74,73,72,72,70,42,26,4,-4,1,-1,12356,19831
192,F1,14/01/17,Nancy,Bastia,2,9.631578947368425,2.736842105263158,5,11,8,14.052631578947365,2.210526315789473,0.10526315789473684,0.7894736842105263,11.473684210526311,4.0,5,5,9,12.789473684210524,2.2631578947368416,2.1052631578947367,0.8947368421052628,69,72,68,73,72,72,30,28,4,-2,-1,1,17516,20847
193,F1,14/01/17,Rennes,Paris SG,0,11.421052631578947,3.7368421052631575,8,11,7,12.421052631578947,1.5789473684210524,0.05263157894736842,1.052631578947368,14.473684210526311,5.315789473684211,12,3,4,11.368421052631572,1.4210526315789467,1.0,2.0,77,73,74,85,83,82,50,500,-1,-1,2,-2,22689,26366
194,F1,14/01/17,Toulouse,Nantes,0,9.368421052631579,2.947368421052631,7,11,7,15.315789473684205,2.526315789473684,0.05263157894736842,1.1578947368421049,11.666666666666664,3.3888888888888884,5,4,9,14.500000000000002,2.166666666666667,1.0,0.6666666666666667,75,74,73,74,73,73,35,40,2,-3,1,1,17068,19547
195,F1,15/01/17,Caen,Lyon,2,12.277777777777779,3.888888888888889,5,11,10,11.333333333333336,1.4444444444444446,0.05555555555555555,1.1111111111111112,14.833333333333336,5.666666666666668,11,1,6,13.444444444444445,1.777777777777778,2.055555555555556,1.8888888888888893,73,73,73,80,79,76,29,235,2,-4,2,2,15786,22257
196,F1,15/01/17,Marseille,Monaco,0,11.157894736842103,4.052631578947368,8,13,5,14.052631578947368,1.5263157894736836,0.05263157894736842,1.1578947368421053,13.105263157894735,5.684210526315789,13,3,3,13.473684210526311,1.7368421052631575,1.0526315789473684,2.947368421052631,80,78,77,80,80,79,100,145,2,2,1,0,39898,24370
197,F1,15/01/17,Nice,Metz,1,11.473684210526311,4.894736842105263,13,11,1,11.052631578947368,1.3684210526315788,0.15789473684210525,1.7894736842105257,9.444444444444443,3.166666666666667,5,4,9,14.555555555555555,2.333333333333333,3.055555555555556,1.0,74,75,74,75,71,72,42,30,2,2,0,-3,22949,19465
198,F1,18/01/17,Nantes,Caen,2,11.473684210526311,3.2631578947368425,6,13,9,14.63157894736842,2.210526315789473,0.05263157894736842,0.6842105263157894,12.26315789473684,3.947368421052631,6,3,10,12.105263157894735,1.526315789473684,1.0,1.2105263157894737,74,73,73,73,73,73,40,29,1,2,3,-4,23152,19992
199,F1,20/01/17,Bastia,Nice,1,11.45,3.9,5,14,10,12.8,2.1500000000000004,0.25,0.85,11.5,4.750000000000001,13,6,1,11.300000000000002,1.4000000000000004,2.05,1.7000000000000002,73,72,72,74,75,74,28,42,-1,-1,2,2,10511,22293
200,F1,21/01/17,Bordeaux,Toulouse,2,10.249999999999998,3.35,6,13,6,11.100000000000005,1.6000000000000003,0.2,1.0500000000000005,9.65,3.0,7,5,8,15.1,2.45,1.0,1.1,77,76,74,75,74,73,60,35,-2,-1,-1,-1,24217,19819
201,F1,21/01/17,Dijon,Lille,1,10.400000000000002,4.05,4,14,8,12.5,1.6500000000000004,0.2,1.3500000000000003,13.0,4.15,6,4,10,14.2,1.5000000000000002,1.05,0.95,72,72,70,75,75,75,26,75,1,-1,1,-1,10128,18478
202,F1,21/01/17,Guingamp,Rennes,1,10.95,4.499999999999999,8,13,6,13.7,1.5000000000000004,0.15000000000000002,1.3000000000000005,11.449999999999998,3.6,8,4,8,12.55,1.5000000000000002,1.0,1.0000000000000002,75,74,74,77,73,74,26,50,2,-2,-2,-1,14790,19531
203,F1,21/01/17,Metz,Montpellier,2,9.736842105263156,3.1578947368421053,5,14,9,14.473684210526311,2.263157894736842,0.21052631578947367,0.9473684210526316,13.0,4.000000000000001,5,8,7,11.6,1.0000000000000002,1.1,1.45,75,71,72,76,74,73,30,42,0,-3,4,-4,16196,18795
204,F1,21/01/17,Nantes,Paris SG,0,11.700000000000005,3.4,7,13,9,14.499999999999998,2.2,0.05,0.7000000000000002,14.199999999999998,5.249999999999999,13,3,4,11.15,1.4500000000000006,1.0,1.9500000000000004,74,73,73,85,83,82,40,500,2,2,1,1,23152,26366
205,F1,22/01/17,Lyon,Marseille,2,14.894736842105265,5.63157894736842,11,10,7,13.842105263157892,1.8421052631578947,0.15789473684210525,1.8947368421052628,11.0,4.0,8,6,6,13.7,1.5000000000000004,1.0,1.15,80,79,76,80,78,77,235,100,1,-1,-1,1,38203,25215
206,F1,22/01/17,Monaco,Lorient,2,13.150000000000002,5.85,14,11,3,13.15,1.7,0.1,3.0000000000000004,12.45,3.95,5,3,12,12.2,1.7500000000000002,2.1,1.15,80,80,79,74,72,72,145,36,1,1,3,-2,9420,19914
207,F1,22/01/17,St Etienne,Angers,2,10.15,2.85,6,15,5,12.750000000000002,1.5000000000000002,0.2,0.9500000000000002,12.699999999999998,3.9499999999999993,5,5,10,11.95,1.5500000000000005,2.05,0.8000000000000002,75,75,76,72,74,73,70,25,1,-2,-2,-3,27227,20294
208,F1,27/01/17,Marseille,Montpellier,2,11.000000000000002,4.0,8,14,7,13.904761904761909,1.5238095238095235,0.047619047619047616,1.1428571428571428,13.095238095238097,3.9999999999999987,5,8,8,11.523809523809526,1.0476190476190477,1.0952380952380951,1.380952380952381,80,78,77,76,74,73,100,42,-1,-1,4,-5,39898,18795
209,F1,28/01/17,Angers,Metz,2,12.857142857142858,4.0,5,15,11,11.76190476190476,1.6190476190476193,0.14285714285714285,0.8095238095238095,9.550000000000002,3.2000000000000006,6,5,9,14.65,2.2,3.05,1.0,72,74,73,75,71,72,25,30,-2,-4,1,-3,11954,19465
210,F1,28/01/17,Bastia,Caen,1,11.428571428571427,3.80952380952381,5,15,10,12.952380952380953,2.095238095238096,0.2857142857142857,0.8571428571428572,12.1,3.9,6,3,11,11.95,1.55,1.0,1.15,73,72,72,73,73,73,28,29,-1,-1,3,-5,10511,19992
211,F1,28/01/17,Lorient,Dijon,0,12.142857142857144,3.9047619047619038,5,12,13,12.190476190476188,1.7142857142857146,0.19047619047619047,1.0952380952380951,10.809523809523807,4.047619047619048,4,9,8,12.714285714285715,1.666666666666667,4.0,1.2857142857142858,74,72,72,72,72,70,36,26,3,-3,1,-1,11832,19831
212,F1,28/01/17,Lyon,Lille,0,15.099999999999998,5.75,12,10,7,13.850000000000005,1.8,0.15000000000000002,1.95,12.904761904761903,4.095238095238095,6,5,10,14.428571428571427,1.5238095238095235,1.0476190476190477,0.9047619047619048,80,79,76,75,75,75,235,75,2,-1,1,-1,38203,18478
213,F1,28/01/17,Nancy,Bordeaux,0,9.9,2.8,6,11,8,13.85,2.2,0.1,0.8,10.809523809523807,3.666666666666666,7,8,6,11.428571428571427,1.619047619047619,2.095238095238096,1.0476190476190477,69,72,68,77,76,74,30,60,5,-2,1,-1,17516,22352
214,F1,28/01/17,Rennes,Nantes,1,11.238095238095235,3.571428571428572,8,12,8,12.714285714285715,1.5238095238095235,0.09523809523809523,1.0000000000000002,11.476190476190474,3.2380952380952377,7,4,10,14.523809523809526,2.1904761904761907,1.0,0.6666666666666667,77,73,74,74,73,73,50,40,-2,-1,-1,0,22689,19547
215,F1,29/01/17,Nice,Guingamp,2,11.76190476190476,4.761904761904762,13,13,1,11.190476190476193,1.3333333333333337,0.14285714285714285,1.6666666666666667,11.142857142857142,4.476190476190476,8,7,6,13.571428571428573,1.5238095238095235,3.0,1.2857142857142858,74,75,74,75,74,74,42,26,2,2,2,-2,22949,19416
216,F1,29/01/17,Paris SG,Monaco,1,14.238095238095234,5.238095238095237,14,14,4,11.142857142857144,1.428571428571429,0.047619047619047616,1.9523809523809528,13.285714285714288,5.904761904761902,15,3,3,12.857142857142856,1.6666666666666667,1.0476190476190477,3.0476190476190474,85,83,82,80,80,79,500,145,1,2,2,1,45159,24370
217,F1,29/01/17,Toulouse,St Etienne,0,9.571428571428571,3.1428571428571432,7,12,9,15.142857142857142,2.3809523809523805,0.09523809523809523,1.0476190476190477,10.23809523809524,2.9047619047619038,7,9,5,12.523809523809526,1.5238095238095235,4.0,1.0,75,74,73,75,75,76,35,70,-1,-2,2,-2,17068,23040
218,F1,03/02/17,Metz,Marseille,2,9.238095238095235,3.0476190476190466,6,15,10,14.333333333333332,2.095238095238095,0.2857142857142857,1.0,11.272727272727273,4.227272727272727,9,6,7,13.818181818181818,1.4999999999999996,1.0,1.318181818181818,75,71,72,80,78,77,30,100,1,-4,1,-1,16196,25215
219,F1,04/02/17,Bordeaux,Rennes,1,10.727272727272727,3.6363636363636362,8,14,6,11.318181818181815,1.6363636363636358,0.18181818181818185,1.0909090909090906,11.045454545454543,3.4545454545454537,8,6,8,12.590909090909088,1.5909090909090904,2.0,0.9999999999999998,77,76,74,77,73,74,60,50,1,1,-2,-1,24217,19531
220,F1,04/02/17,Dijon,Paris SG,0,10.545454545454543,4.045454545454544,5,16,8,12.636363636363635,1.7272727272727266,0.18181818181818185,1.363636363636363,14.09090909090909,5.181818181818182,14,4,4,11.227272727272727,1.363636363636363,1.0,1.9090909090909085,72,72,70,85,83,82,26,500,1,1,1,2,10128,26366
221,F1,04/02/17,Guingamp,Caen,0,11.227272727272725,4.454545454545453,8,15,7,13.90909090909091,1.5909090909090904,0.13636363636363635,1.2727272727272725,12.380952380952385,3.952380952380953,6,4,11,12.047619047619047,1.5714285714285716,1.0,1.1428571428571428,75,74,74,73,73,73,26,29,2,-3,3,-5,14790,19992
222,F1,04/02/17,Lille,Lorient,0,12.727272727272725,4.09090909090909,7,13,10,14.454545454545455,1.5909090909090908,0.09090909090909093,0.9545454545454546,12.272727272727273,3.9999999999999987,5,3,14,12.227272727272725,1.818181818181818,2.090909090909091,1.1363636363636362,75,75,75,74,72,72,75,36,0,1,-1,-1,29487,19914
223,F1,04/02/17,Monaco,Nice,2,13.318181818181818,5.954545454545455,15,12,3,12.772727272727268,1.6363636363636362,0.09090909090909093,2.9545454545454537,11.636363636363633,4.727272727272727,14,7,1,11.318181818181818,1.4090909090909087,2.0454545454545454,1.7272727272727268,80,80,79,74,75,74,145,42,2,1,3,2,9420,22293
224,F1,04/02/17,Montpellier,Bastia,2,13.363636363636365,4.227272727272727,5,16,9,11.318181818181818,1.0454545454545454,0.18181818181818185,1.3636363636363635,11.40909090909091,3.772727272727271,5,7,10,12.863636363636365,2.09090909090909,3.136363636363636,0.8636363636363635,76,74,73,73,72,72,42,28,4,-6,-1,-1,12356,20847
225,F1,05/02/17,Nantes,Nancy,0,11.409090909090908,3.227272727272726,7,14,10,14.545454545454545,2.136363636363636,0.045454545454545456,0.6818181818181817,9.952380952380947,2.7142857142857126,6,6,9,13.714285714285715,2.095238095238096,2.0,0.7619047619047619,74,73,73,69,72,68,40,30,-1,0,-1,0,23152,18961
226,F1,05/02/17,St Etienne,Lyon,2,10.681818181818178,3.0454545454545436,8,16,5,12.90909090909091,1.636363636363636,0.18181818181818185,1.0909090909090908,14.999999999999998,5.761904761904763,12,1,8,14.047619047619047,1.761904761904762,2.0476190476190474,1.9047619047619049,75,75,76,80,79,76,70,235,1,1,-1,0,27227,22257
227,F1,05/02/17,Toulouse,Angers,2,9.727272727272727,3.136363636363636,7,12,10,15.227272727272727,2.363636363636364,0.13636363636363635,1.0,13.136363636363635,4.272727272727272,6,5,11,11.636363636363633,1.5454545454545454,2.0454545454545454,0.8636363636363635,75,74,73,72,74,73,35,25,-2,-2,1,-2,17068,20294
228,F1,07/02/17,Caen,Bordeaux,0,12.272727272727273,3.8636363636363633,7,14,11,12.09090909090909,1.5909090909090904,0.045454545454545456,1.1363636363636362,10.652173913043477,3.565217391304348,8,9,6,11.304347826086955,1.6086956521739126,2.0869565217391304,1.0869565217391304,73,73,73,77,76,74,29,60,0,1,1,1,15786,22352
229,F1,07/02/17,Montpellier,Monaco,0,13.34782608695652,4.260869565217392,6,16,9,11.26086956521739,1.1304347826086956,0.17391304347826084,1.391304347826087,13.347826086956525,6.000000000000003,16,4,3,13.130434782608695,1.6086956521739124,1.0434782608695652,2.9565217391304346,76,74,73,80,80,79,42,145,5,-6,3,1,12356,24370
230,F1,07/02/17,Paris SG,Lille,2,14.391304347826084,5.304347826086957,15,16,4,10.956521739130432,1.3913043478260865,0.043478260869565216,1.956521739130434,12.82608695652174,4.0434782608695645,7,5,11,14.52173913043478,1.5652173913043477,1.0434782608695652,0.9130434782608694,85,83,82,75,75,75,500,75,1,3,-1,1,45159,18478
231,F1,08/02/17,Angers,Rennes,1,13.08695652173913,4.217391304347826,6,16,12,11.652173913043475,1.6521739130434785,0.13043478260869565,0.826086956521739,11.30434782608696,3.5217391304347827,8,7,8,12.391304347826088,1.5652173913043474,2.0,0.9999999999999996,72,74,73,77,73,74,25,50,1,-3,-2,-1,11954,19531
232,F1,08/02/17,Lorient,Toulouse,1,12.260869565217392,4.043478260869565,6,13,14,12.434782608695654,1.7826086956521736,0.17391304347826084,1.1304347826086956,9.956521739130434,3.347826086956521,8,5,10,15.260869565217387,2.347826086956521,2.0434782608695654,1.1304347826086956,74,72,72,75,74,73,36,35,-1,1,1,0,11832,19819
233,F1,08/02/17,Lyon,Nancy,2,14.863636363636365,5.6818181818181825,12,11,9,14.272727272727273,1.7727272727272718,0.2272727272727273,1.8181818181818181,9.863636363636363,2.727272727272726,7,6,9,13.636363636363635,2.045454545454545,3.0,0.8181818181818182,80,79,76,69,72,68,235,30,-1,-1,-1,1,38203,18961
234,F1,08/02/17,Marseille,Guingamp,2,11.26086956521739,4.130434782608696,9,15,8,13.869565217391305,1.5652173913043472,0.043478260869565216,1.2608695652173911,11.30434782608696,4.434782608695651,8,7,8,13.78260869565217,1.5652173913043472,3.0,1.2173913043478255,80,78,77,75,74,74,100,26,1,-2,-1,-2,39898,19416
235,F1,08/02/17,Metz,Dijon,2,9.227272727272727,3.0454545454545436,7,15,10,14.227272727272727,2.045454545454545,0.2727272727272727,1.0,10.391304347826084,3.9130434782608687,5,9,9,12.608695652173916,1.6956521739130432,4.0,1.3478260869565215,75,71,72,72,72,70,30,26,2,-4,-1,1,16196,19831
236,F1,08/02/17,Nice,St Etienne,2,11.608695652173916,4.565217391304349,14,14,2,11.304347826086955,1.3913043478260867,0.13043478260869565,1.6521739130434778,10.782608695652176,3.1739130434782608,9,9,5,13.086956521739127,1.652173913043478,4.043478260869565,1.1304347826086951,74,75,74,75,75,76,42,70,3,-1,2,1,22949,23040
237,F1,10/02/17,Bordeaux,Paris SG,0,10.749999999999995,3.583333333333333,9,16,6,11.166666666666664,1.583333333333333,0.16666666666666666,1.2083333333333333,14.624999999999998,5.375,16,4,4,10.875,1.3749999999999998,1.0,1.958333333333333,77,76,74,85,83,82,60,500,1,2,2,3,24217,26366
238,F1,11/02/17,Dijon,Caen,2,10.458333333333334,3.958333333333333,5,17,10,12.541666666666668,1.708333333333333,0.2083333333333333,1.3333333333333337,11.913043478260873,3.739130434782609,7,4,12,12.347826086956525,1.5652173913043472,1.0,1.0869565217391304,72,72,70,73,73,73,26,29,-1,-1,-1,1,10128,19992
239,F1,11/02/17,Guingamp,Lyon,2,11.083333333333332,4.291666666666667,8,16,9,13.458333333333336,1.5416666666666667,0.125,1.166666666666667,15.0,5.695652173913044,13,1,9,14.304347826086955,1.7391304347826082,4.043478260869565,1.9130434782608687,75,74,74,80,79,76,26,235,-1,-3,1,-1,14790,22257
240,F1,11/02/17,Lille,Angers,0,12.458333333333332,4.0,7,14,12,14.375000000000002,1.6250000000000002,0.08333333333333333,0.9166666666666664,13.041666666666664,4.124999999999999,6,6,12,12.0,1.6666666666666667,2.0416666666666665,0.7916666666666666,75,75,75,72,74,73,75,25,-1,-1,1,-3,29487,20294
241,F1,11/02/17,Monaco,Metz,2,13.250000000000002,5.958333333333335,17,13,3,13.124999999999998,1.5833333333333337,0.125,2.9166666666666665,9.391304347826086,3.0434782608695654,8,5,10,14.217391304347824,2.0,5.043478260869565,1.043478260869565,80,80,79,75,71,72,145,30,3,2,3,-4,9420,19465
242,F1,11/02/17,Nancy,Montpellier,0,9.739130434782608,2.6956521739130435,7,13,10,13.304347826086953,2.0,0.13043478260869565,0.7826086956521738,13.249999999999998,4.166666666666667,6,8,10,11.416666666666664,1.1250000000000002,2.083333333333333,1.3750000000000002,69,72,68,76,74,73,30,42,0,-1,-1,0,17516,18795
243,F1,11/02/17,Toulouse,Bastia,2,10.041666666666666,3.3750000000000004,8,13,10,15.0,2.333333333333333,0.125,1.1249999999999998,11.565217391304348,3.6956521739130426,5,7,11,13.043478260869565,2.0434782608695645,4.130434782608696,0.8695652173913041,75,74,73,73,72,72,35,28,1,0,-1,-2,17068,20847
244,F1,12/02/17,Nantes,Marseille,2,11.52173913043478,3.217391304347826,7,14,11,14.521739130434785,2.130434782608695,0.08695652173913042,0.6521739130434782,11.625000000000002,4.166666666666666,10,6,8,14.041666666666664,1.5833333333333333,1.0,1.2916666666666663,74,73,73,80,78,77,40,100,-2,0,2,-2,23152,25215
245,F1,12/02/17,Rennes,Nice,1,11.20833333333333,3.5,8,15,8,12.375,1.541666666666667,0.125,0.958333333333333,11.708333333333336,4.583333333333333,15,7,2,11.125000000000002,1.375,2.0416666666666665,1.6250000000000002,77,73,74,74,75,74,50,42,-2,-1,4,-1,22689,22293
246,F1,12/02/17,St Etienne,Lorient,2,10.75,3.125,9,17,6,13.208333333333332,1.7083333333333333,0.2083333333333333,1.0833333333333333,12.166666666666664,4.083333333333334,6,4,14,12.208333333333336,1.791666666666667,2.083333333333333,1.1250000000000002,75,75,76,74,72,72,70,36,1,-1,-1,1,27227,19914
247,F1,17/02/17,Bastia,Monaco,1,11.583333333333336,3.7083333333333335,5,18,12,12.999999999999998,2.0,0.375,0.8749999999999999,13.760000000000002,6.240000000000002,18,4,3,12.879999999999995,1.56,2.04,3.0000000000000013,73,72,72,80,80,79,28,145,-1,-3,4,2,10511,24370
248,F1,18/02/17,Angers,Nancy,2,13.080000000000002,4.160000000000001,7,18,12,12.080000000000002,1.68,0.12,0.8399999999999999,9.916666666666668,2.708333333333333,7,6,11,13.208333333333336,2.041666666666667,3.0,0.75,72,74,73,69,72,68,25,30,0,1,-1,-1,11954,18961
249,F1,18/02/17,Caen,Lille,0,11.874999999999998,3.7916666666666674,7,15,13,12.375,1.4999999999999998,0.04166666666666666,1.0416666666666663,12.6,3.96,7,5,13,14.359999999999998,1.6,1.08,0.9200000000000002,73,73,73,75,75,75,29,75,-1,-1,-2,-1,15786,18478
250,F1,18/02/17,Lorient,Nice,0,11.88,4.000000000000001,6,15,15,12.12,1.7200000000000002,0.16,1.0799999999999998,11.48,4.520000000000001,15,8,2,11.24,1.4000000000000004,2.04,1.6400000000000006,74,72,72,74,75,74,36,42,0,-1,4,-1,11832,22293
251,F1,18/02/17,Marseille,Rennes,2,11.6,4.12,10,16,9,13.840000000000002,1.5600000000000005,0.04,1.32,11.32,3.6000000000000005,8,9,8,12.440000000000005,1.52,3.0,1.0000000000000002,80,78,77,77,73,74,100,50,2,-3,-2,-1,39898,19531
252,F1,18/02/17,Metz,Nantes,1,9.208333333333332,2.958333333333332,8,16,11,14.083333333333332,2.041666666666667,0.25,1.0,11.666666666666668,3.375,8,5,11,14.500000000000002,2.083333333333333,1.0416666666666667,0.7499999999999999,75,71,72,74,73,73,30,40,3,-5,1,0,16196,19547
253,F1,19/02/17,Bordeaux,Guingamp,2,10.88,3.600000000000001,9,16,7,11.04,1.52,0.16,1.16,10.919999999999998,4.200000000000001,9,7,9,13.679999999999998,1.56,3.0,1.2,77,76,74,75,74,74,60,26,-1,2,1,-1,24217,19416
254,F1,19/02/17,Lyon,Dijon,2,14.958333333333336,5.666666666666666,13,12,10,14.25,1.75,0.2083333333333333,1.875,10.36,3.9200000000000017,6,9,10,12.72,1.6800000000000006,5.0,1.3600000000000003,80,79,76,72,72,70,235,26,1,-2,1,-1,38203,19831
255,F1,19/02/17,Montpellier,St Etienne,2,13.12,4.2,7,17,10,11.48,1.16,0.16,1.44,10.760000000000005,3.200000000000001,10,9,6,13.2,1.64,4.04,1.2,76,74,73,75,75,76,42,70,-1,1,2,-1,12356,23040
256,F1,19/02/17,Paris SG,Toulouse,1,14.36,5.360000000000002,17,17,4,10.719999999999997,1.36,0.04,2.0000000000000004,10.36,3.5200000000000005,9,6,10,14.92,2.3600000000000008,2.04,1.2400000000000002,85,83,82,75,74,73,500,35,2,4,2,0,45159,19819
257,F1,21/02/17,Caen,Nancy,2,12.000000000000002,3.760000000000001,7,15,14,12.360000000000005,1.4800000000000004,0.04,1.0,9.840000000000002,2.640000000000001,7,6,12,12.999999999999998,2.0000000000000004,3.0,0.72,73,73,73,69,72,68,29,30,-2,-1,-1,-2,15786,18961
258,F1,24/02/17,Nantes,Dijon,2,11.56,3.400000000000001,8,15,11,14.72,2.1600000000000006,0.08,0.76,10.26923076923077,3.884615384615385,6,9,11,12.769230769230768,1.7692307692307692,5.0,1.3846153846153848,74,73,73,72,72,70,40,26,1,0,1,-2,23152,19831
259,F1,24/02/17,Nice,Montpellier,2,11.230769230769232,4.5,16,16,2,11.384615384615385,1.4230769230769231,0.15384615384615385,1.6153846153846156,13.269230769230768,4.1923076923076925,8,8,10,11.269230769230768,1.153846153846154,2.0769230769230766,1.4615384615384621,74,75,74,76,74,73,42,42,1,1,1,1,22949,18795
260,F1,25/02/17,Angers,Bastia,2,13.115384615384615,4.192307692307693,8,18,12,11.961538461538465,1.6153846153846154,0.1153846153846154,0.8461538461538459,11.48,3.6800000000000015,5,8,12,13.04,2.000000000000001,6.12,0.8800000000000001,72,74,73,73,72,72,25,28,1,1,-1,-3,11954,20847
261,F1,25/02/17,Guingamp,Monaco,0,11.038461538461537,4.1923076923076925,9,17,10,13.807692307692307,1.5769230769230769,0.15384615384615385,1.1538461538461535,13.846153846153848,6.1538461538461515,18,5,3,12.769230769230775,1.5000000000000004,2.0384615384615383,2.9230769230769242,75,74,74,80,80,79,26,145,1,-2,4,2,14790,24370
262,F1,25/02/17,Lille,Bordeaux,0,12.384615384615385,3.9230769230769234,8,15,13,14.115384615384615,1.5769230769230769,0.15384615384615385,0.923076923076923,11.269230769230768,3.7307692307692313,10,9,7,11.153846153846152,1.5384615384615383,2.0769230769230766,1.2307692307692306,75,75,75,77,76,74,75,60,-1,1,1,0,29487,22352
263,F1,25/02/17,Nancy,Toulouse,1,9.692307692307693,2.6153846153846154,7,15,13,13.000000000000005,2.000000000000001,0.15384615384615385,0.6923076923076923,10.076923076923077,3.4230769230769242,9,7,10,14.96153846153846,2.3846153846153846,2.0384615384615383,1.1923076923076923,69,72,68,75,74,73,30,35,-1,-3,2,0,17516,19819
264,F1,25/02/17,Rennes,Lorient,2,11.192307692307697,3.5,8,17,9,12.000000000000002,1.4615384615384621,0.1153846153846154,0.9615384615384616,12.038461538461535,4.038461538461538,6,4,16,12.192307692307693,1.7692307692307696,2.0769230769230766,1.0384615384615383,77,73,74,74,72,72,50,36,-2,-2,-1,-1,22689,19914
265,F1,26/02/17,Lyon,Metz,2,15.680000000000005,5.960000000000003,14,12,10,14.080000000000002,1.7200000000000006,0.2,1.9600000000000004,9.24,2.8800000000000012,8,6,11,13.88,2.0000000000000004,5.04,1.0,80,79,76,75,71,72,235,30,2,-2,3,-5,38203,19465
266,F1,26/02/17,Marseille,Paris SG,0,11.57692307692308,4.153846153846155,11,16,9,13.730769230769232,1.5384615384615383,0.038461538461538464,1.3461538461538458,14.34615384615385,5.269230769230768,17,5,4,10.730769230769235,1.346153846153846,1.0,1.9230769230769231,80,78,77,85,83,82,100,500,3,-3,2,4,39898,26366
267,F1,26/02/17,St Etienne,Caen,0,10.615384615384617,3.2307692307692317,10,18,7,13.192307692307693,1.5769230769230769,0.2307692307692308,1.1923076923076923,12.115384615384615,3.8461538461538463,8,4,14,12.5,1.5384615384615383,1.0,1.0,75,75,76,73,73,73,70,29,2,-2,1,0,27227,19992
268,F1,01/03/17,Bastia,Nantes,1,11.500000000000002,3.6538461538461537,5,20,13,12.769230769230766,1.923076923076924,0.3846153846153847,0.8461538461538458,11.884615384615385,3.5,9,6,11,14.884615384615381,2.1923076923076925,1.0384615384615383,0.8461538461538461,73,72,72,74,73,73,28,40,-1,-4,2,0,10511,19547
269,F1,03/03/17,Bordeaux,Lyon,1,11.370370370370376,3.9259259259259256,11,17,7,11.185185185185185,1.555555555555555,0.14814814814814814,1.2962962962962965,16.115384615384613,6.0,15,1,10,13.923076923076925,1.6923076923076927,4.038461538461538,2.0769230769230766,77,76,74,80,79,76,60,235,1,1,3,-2,24217,22257
270,F1,04/03/17,Bastia,St Etienne,1,11.296296296296294,3.5925925925925917,5,21,13,12.555555555555555,1.9629629629629624,0.4074074074074074,0.8888888888888885,10.629629629629628,3.148148148148149,10,9,8,13.074074074074074,1.5185185185185186,5.037037037037037,1.1481481481481477,73,72,72,75,75,76,28,70,-1,-4,-1,-1,10511,23040
271,F1,04/03/17,Caen,Angers,0,12.037037037037035,3.814814814814815,9,16,14,12.481481481481485,1.555555555555555,0.037037037037037035,0.9999999999999998,13.518518518518519,4.592592592592593,9,6,12,11.962962962962965,1.629629629629629,2.0370370370370368,0.9259259259259258,73,73,73,72,74,73,29,25,1,1,2,1,15786,20294
272,F1,04/03/17,Dijon,Nice,0,10.222222222222225,3.851851851851852,6,19,12,12.777777777777775,1.7777777777777777,0.2222222222222222,1.3703703703703702,11.25925925925926,4.481481481481481,17,8,2,11.333333333333336,1.4444444444444442,3.037037037037037,1.629629629629629,72,72,70,74,75,74,26,42,1,-3,2,1,10128,22293
273,F1,04/03/17,Metz,Rennes,1,9.23076923076923,2.8461538461538463,8,18,12,13.615384615384619,2.0384615384615388,0.2307692307692308,0.9615384615384612,11.296296296296294,3.703703703703704,9,9,9,11.925925925925922,1.4074074074074072,3.0,0.9629629629629628,75,71,72,77,73,74,30,50,3,-6,1,-1,16196,19531
274,F1,04/03/17,Montpellier,Guingamp,1,13.185185185185185,4.0740740740740735,8,18,11,11.222222222222221,1.111111111111111,0.14814814814814814,1.4444444444444444,10.814814814814813,4.111111111111111,9,7,11,13.888888888888893,1.629629629629629,4.0,1.1481481481481477,76,74,73,75,74,74,42,26,1,-1,-1,-1,12356,19416
275,F1,04/03/17,Paris SG,Nancy,2,14.444444444444445,5.481481481481482,18,19,4,10.555555555555557,1.333333333333333,0.037037037037037035,2.0370370370370368,9.666666666666666,2.592592592592593,7,7,13,12.962962962962955,2.0,4.0,0.6666666666666666,85,83,82,69,72,68,500,30,2,5,-1,-3,45159,18961
276,F1,05/03/17,Lorient,Marseille,0,11.814814814814813,3.962962962962963,6,16,17,12.444444444444445,1.8148148148148149,0.14814814814814814,1.0,11.481481481481481,4.0,11,6,10,13.555555555555555,1.5185185185185182,1.0,1.3333333333333328,74,72,72,80,78,77,36,100,-1,-2,-1,0,11832,25215
277,F1,05/03/17,Monaco,Nantes,2,13.851851851851855,6.1111111111111125,19,15,3,12.814814814814815,1.5185185185185182,0.1111111111111111,2.8888888888888884,11.925925925925927,3.4814814814814814,9,7,11,14.666666666666668,2.148148148148148,1.037037037037037,0.8888888888888891,80,80,79,74,73,73,145,40,4,3,2,0,9420,19547
278,F1,05/03/17,Toulouse,Lille,1,10.074074074074074,3.4444444444444446,9,15,10,15.148148148148149,2.4074074074074066,0.1111111111111111,1.148148148148148,12.185185185185185,3.851851851851852,8,5,14,14.111111111111107,1.6666666666666663,2.148148148148148,0.9629629629629628,75,74,73,75,75,75,35,75,2,0,-2,1,17068,18478
279,F1,10/03/17,Marseille,Angers,2,11.607142857142856,4.107142857142858,12,17,10,13.535714285714278,1.5000000000000004,0.03571428571428571,1.4285714285714282,13.357142857142858,4.571428571428573,10,6,12,11.857142857142858,1.6428571428571423,2.0357142857142856,0.9999999999999996,80,78,77,72,74,73,100,25,-1,1,2,2,39898,20294
280,F1,10/03/17,Nice,Caen,1,11.25,4.5,18,17,2,11.178571428571427,1.4285714285714286,0.14285714285714285,1.6071428571428572,12.178571428571427,3.7857142857142856,9,4,15,12.428571428571427,1.5357142857142858,1.0,1.0357142857142854,74,75,74,73,73,73,42,29,2,2,-1,1,22949,19992
281,F1,11/03/17,Guingamp,Bastia,2,10.642857142857142,4.071428571428571,9,18,11,13.714285714285712,1.5714285714285714,0.14285714285714285,1.1428571428571428,11.071428571428573,3.5000000000000013,5,10,13,12.392857142857142,1.9285714285714288,7.178571428571428,0.8571428571428569,75,74,74,73,72,72,26,28,-1,-1,-1,-4,14790,20847
282,F1,11/03/17,Monaco,Bordeaux,2,13.821428571428573,6.142857142857144,20,15,3,12.714285714285715,1.535714285714286,0.10714285714285714,2.9285714285714284,11.535714285714285,3.928571428571429,11,10,7,11.535714285714285,1.6785714285714286,2.071428571428572,1.2857142857142858,80,80,79,77,76,74,145,60,5,3,1,1,9420,22352
283,F1,11/03/17,Montpellier,Nantes,0,13.107142857142858,4.0,8,19,11,11.142857142857144,1.1071428571428568,0.14285714285714285,1.4285714285714288,11.857142857142858,3.4642857142857144,9,7,12,14.714285714285715,2.1428571428571432,1.0357142857142858,0.8571428571428569,76,74,73,74,73,73,42,40,1,-1,2,-1,12356,19547
284,F1,11/03/17,Nancy,Lille,0,9.678571428571429,2.607142857142857,7,17,14,13.142857142857142,2.035714285714286,0.14285714285714285,0.6428571428571428,12.25,3.8928571428571432,8,6,14,14.357142857142858,1.6785714285714288,2.1428571428571432,0.9642857142857142,69,72,68,75,75,75,30,75,-1,-4,-2,1,17516,18478
285,F1,11/03/17,Rennes,Dijon,1,11.500000000000002,3.8571428571428568,9,18,9,12.107142857142858,1.4642857142857144,0.10714285714285714,0.9642857142857142,10.321428571428571,3.785714285714286,6,9,13,12.785714285714285,1.7857142857142854,6.0,1.3214285714285714,77,73,74,72,72,70,50,26,1,-1,-1,-2,22689,19831
286,F1,12/03/17,Lorient,Paris SG,0,11.785714285714285,3.964285714285714,6,16,18,12.428571428571427,1.8214285714285716,0.14285714285714285,0.9999999999999998,14.75,5.5357142857142865,19,5,4,10.64285714285714,1.3571428571428574,1.0,2.0,74,72,72,85,83,82,36,500,-2,-2,3,5,11832,26366
287,F1,12/03/17,Lyon,Toulouse,2,16.0,5.851851851851853,15,13,10,14.037037037037035,1.7777777777777777,0.1851851851851852,2.0370370370370368,10.071428571428577,3.5,9,9,10,15.178571428571427,2.392857142857143,2.0357142857142856,1.1428571428571428,80,79,76,75,74,73,235,35,3,-2,2,0,38203,19819
288,F1,12/03/17,St Etienne,Metz,1,10.64285714285714,3.1071428571428568,10,19,8,13.142857142857144,1.4999999999999998,0.24999999999999994,1.1071428571428568,9.25925925925926,2.8888888888888893,8,7,12,13.518518518518515,2.074074074074073,5.037037037037037,0.9629629629629628,75,75,76,75,71,72,70,30,-1,-1,3,-6,27227,19465
289,F1,17/03/17,Lille,Marseille,1,12.172413793103447,3.96551724137931,9,17,14,14.310344827586205,1.6896551724137934,0.206896551724138,1.0,11.58620689655172,4.1034482758620685,13,6,10,13.448275862068966,1.4827586206896552,1.0,1.482758620689655,75,75,75,80,78,77,75,100,-2,2,1,1,29487,25215
290,F1,17/03/17,Metz,Bastia,2,9.357142857142858,3.0,8,20,12,13.749999999999995,2.035714285714286,0.21428571428571427,0.9999999999999996,10.758620689655173,3.4137931034482767,5,10,14,12.413793103448276,1.9310344827586203,8.172413793103447,0.8275862068965516,75,71,72,73,72,72,30,28,3,-6,-1,-5,16196,20847
291,F1,18/03/17,Angers,Guingamp,2,13.379310344827585,4.655172413793107,10,20,13,11.79310344827586,1.5862068965517238,0.10344827586206896,0.9655172413793104,11.000000000000005,4.206896551724138,10,8,11,13.58620689655172,1.5172413793103448,4.0,1.2758620689655171,72,74,73,75,74,74,25,26,0,-1,1,0,11954,19416
292,F1,18/03/17,Bordeaux,Montpellier,2,11.448275862068966,3.8620689655172407,11,19,8,11.517241379310345,1.7241379310344829,0.13793103448275862,1.2758620689655171,13.137931034482756,4.137931034482759,8,9,12,10.965517241379313,1.0689655172413794,2.0689655172413794,1.4482758620689653,77,76,74,76,74,73,60,42,0,-1,-1,-1,24217,18795
293,F1,18/03/17,Nancy,Lorient,0,9.896551724137932,2.620689655172414,7,17,15,13.06896551724138,2.103448275862069,0.13793103448275862,0.6551724137931033,11.586206896551724,3.896551724137932,6,4,19,12.310344827586208,1.827586206896552,2.068965517241379,1.0,69,72,68,74,72,72,30,36,-2,-4,-3,-2,17516,19914
294,F1,18/03/17,Nantes,Nice,1,11.93103448275862,3.5862068965517238,10,18,12,14.79310344827586,2.1724137931034484,0.06896551724137931,0.9310344827586208,11.344827586206891,4.4827586206896575,18,9,2,11.241379310344827,1.4482758620689653,3.034482758620689,1.6206896551724137,74,73,73,74,75,74,40,42,0,1,2,2,23152,22293
295,F1,18/03/17,Toulouse,Rennes,1,10.068965517241383,3.5172413793103443,9,17,11,15.068965517241375,2.379310344827586,0.10344827586206896,1.1034482758620687,11.586206896551724,3.8620689655172407,9,11,9,12.034482758620696,1.4827586206896552,3.0,0.96551724137931,75,74,73,77,73,74,35,50,2,-1,1,-1,17068,19531
296,F1,19/03/17,Caen,Monaco,0,11.965517241379313,3.724137931034482,9,17,15,12.413793103448276,1.517241379310345,0.03448275862068965,1.0689655172413792,13.724137931034482,6.137931034482758,21,5,3,12.586206896551724,1.517241379310345,2.034482758620689,2.896551724137931,73,73,73,80,80,79,29,145,-1,1,6,3,15786,24370
297,F1,19/03/17,Dijon,St Etienne,0,10.344827586206897,3.931034482758621,6,20,13,12.724137931034482,1.7586206896551722,0.206896551724138,1.3103448275862069,10.758620689655167,3.2413793103448274,10,11,8,13.172413793103447,1.4482758620689653,6.0344827586206895,1.1379310344827585,72,72,70,75,75,76,26,70,-1,-2,-1,-1,10128,23040
298,F1,19/03/17,Paris SG,Lyon,2,14.655172413793109,5.551724137931035,20,20,4,10.517241379310343,1.3448275862068968,0.03448275862068965,2.0,15.857142857142856,5.892857142857144,16,2,10,13.892857142857144,1.7500000000000002,4.035714285714286,2.107142857142857,85,83,82,80,79,76,500,235,3,6,4,-2,45159,22257
299,F1,31/03/17,Guingamp,Nancy,2,10.966666666666665,4.1000000000000005,10,19,12,13.333333333333332,1.5000000000000004,0.13333333333333333,1.2333333333333334,10.033333333333337,2.7666666666666675,7,7,16,13.16666666666667,2.066666666666668,4.0,0.7,75,74,74,69,72,68,26,30,1,-1,-3,-4,14790,18961
300,F1,01/04/17,Bastia,Lille,0,10.599999999999998,3.300000000000001,5,24,15,12.4,1.933333333333334,0.4333333333333333,0.7999999999999999,12.066666666666665,3.900000000000001,9,7,14,14.433333333333335,1.6666666666666672,2.1333333333333337,0.9666666666666666,73,72,72,75,75,75,28,75,-1,-6,-2,2,10511,18478
301,F1,01/04/17,Marseille,Dijon,1,11.433333333333335,4.1000000000000005,13,18,10,13.233333333333334,1.5666666666666669,0.03333333333333333,1.4333333333333331,10.56666666666667,3.8000000000000007,6,10,14,12.733333333333334,1.7666666666666668,6.0,1.2666666666666668,80,78,77,72,72,70,100,26,1,1,-2,-2,39898,19831
302,F1,02/04/17,Lorient,Caen,2,11.433333333333332,3.9333333333333336,7,17,19,12.133333333333333,1.8333333333333337,0.13333333333333333,1.0666666666666669,11.733333333333333,3.633333333333333,9,5,16,12.266666666666667,1.5000000000000004,1.0,1.0333333333333332,74,72,72,73,73,73,36,29,-2,1,-2,1,11832,19992
303,F1,02/04/17,Montpellier,Toulouse,0,13.133333333333335,4.133333333333334,8,20,13,10.9,1.0333333333333332,0.16666666666666666,1.4333333333333338,9.933333333333335,3.4000000000000004,9,10,11,15.033333333333335,2.333333333333334,2.0666666666666664,1.0666666666666669,76,74,73,75,74,73,42,35,-1,-2,2,-1,12356,19819
304,F1,02/04/17,Nantes,Angers,2,12.133333333333335,3.6333333333333337,10,19,12,14.533333333333333,2.2000000000000006,0.06666666666666668,0.9333333333333332,13.433333333333335,4.666666666666669,11,6,13,11.766666666666673,1.6,2.033333333333333,1.0333333333333332,74,73,73,72,74,73,40,25,0,1,1,-1,23152,20294
305,F1,02/04/17,Nice,Bordeaux,2,11.133333333333335,4.4,18,19,2,11.266666666666666,1.4333333333333336,0.13333333333333333,1.6000000000000003,11.5,3.966666666666668,12,10,8,11.366666666666667,1.666666666666667,2.066666666666667,1.4000000000000004,74,75,74,77,76,74,42,60,2,2,1,-1,22949,22352
306,F1,02/04/17,Rennes,Lyon,1,11.766666666666667,3.833333333333333,9,20,9,12.1,1.5000000000000004,0.1,0.9333333333333332,15.689655172413792,5.758620689655173,16,2,11,13.689655172413795,1.7241379310344829,4.0344827586206895,2.0689655172413794,77,73,74,80,79,76,50,235,1,-1,4,-3,22689,22257
307,F1,05/04/17,Metz,Lyon,0,9.3448275862069,2.9655172413793096,9,20,12,13.689655172413795,2.034482758620689,0.206896551724138,1.0,15.833333333333336,5.766666666666668,16,3,11,13.8,1.7000000000000008,4.033333333333333,2.0333333333333337,75,71,72,80,79,76,30,235,4,-6,4,-3,16196,22257
308,F1,07/04/17,Lille,Nice,0,11.967741935483875,3.870967741935482,10,19,14,14.451612903225806,1.64516129032258,0.1935483870967742,0.9677419354838706,11.096774193548386,4.387096774193546,19,10,2,11.387096774193553,1.4516129032258058,3.032258064516129,1.6129032258064508,75,75,75,74,75,74,75,42,-2,3,3,2,29487,22293
309,F1,08/04/17,Angers,Monaco,0,13.580645161290322,4.61290322580645,11,21,14,11.67741935483871,1.5806451612903216,0.12903225806451613,1.032258064516129,13.8,6.166666666666669,22,5,3,12.633333333333333,1.4666666666666672,2.033333333333333,2.9000000000000012,72,74,73,80,80,79,25,145,1,-2,6,4,11954,24370
310,F1,08/04/17,Bordeaux,Metz,2,11.709677419354836,3.9677419354838697,12,20,9,11.451612903225806,1.6451612903225803,0.12903225806451613,1.3870967741935485,9.533333333333333,2.9666666666666672,9,8,13,13.6,2.066666666666668,5.033333333333333,0.9666666666666666,77,76,74,75,71,72,60,30,1,-2,-1,0,24217,19465
311,F1,08/04/17,Caen,Montpellier,0,11.870967741935484,3.61290322580645,9,18,17,12.161290322580642,1.483870967741935,0.06451612903225806,0.9999999999999998,13.290322580645164,4.064516129032256,8,9,14,10.838709677419352,1.0645161290322578,3.0645161290322585,1.387096774193548,73,73,73,76,74,73,29,42,-2,-1,-2,-2,15786,18795
312,F1,08/04/17,Dijon,Bastia,0,10.483870967741934,3.838709677419353,6,21,14,12.870967741935484,1.838709677419354,0.1935483870967742,1.258064516129032,10.709677419354838,3.258064516129031,5,10,16,12.29032258064516,1.903225806451612,8.161290322580644,0.7741935483870965,72,72,70,73,72,72,26,28,-2,-2,-2,-6,10128,20847
313,F1,08/04/17,Lyon,Lorient,0,15.903225806451616,5.7741935483870925,17,16,11,13.838709677419354,1.6774193548387089,0.16129032258064516,2.0645161290322576,11.483870967741936,3.870967741935482,8,4,19,12.0,1.8064516129032249,2.096774193548387,1.0645161290322578,80,79,76,74,72,72,235,36,0,1,1,1,38203,19914
314,F1,08/04/17,Nancy,Rennes,2,9.83870967741935,2.7096774193548376,7,18,17,13.032258064516132,2.0645161290322576,0.16129032258064516,0.6774193548387095,11.612903225806447,3.774193548387095,9,13,9,11.967741935483868,1.4838709677419348,3.032258064516129,0.9354838709677415,69,72,68,77,73,74,30,50,-3,-5,1,-1,17516,19531
315,F1,09/04/17,Paris SG,Guingamp,2,14.566666666666665,5.500000000000001,21,20,4,10.533333333333333,1.3666666666666671,0.03333333333333333,2.000000000000001,11.161290322580648,4.064516129032256,11,8,12,13.35483870967742,1.4838709677419348,4.0,1.2258064516129028,85,83,82,75,74,74,500,26,4,6,2,-1,45159,19416
316,F1,09/04/17,St Etienne,Nantes,1,10.933333333333335,3.2666666666666675,11,21,8,13.033333333333335,1.4333333333333336,0.2333333333333333,1.1333333333333333,12.161290322580646,3.612903225806448,11,8,12,14.35483870967742,2.161290322580644,1.032258064516129,0.967741935483871,75,75,76,74,73,73,70,40,-1,1,1,1,27227,19547
317,F1,09/04/17,Toulouse,Marseille,1,9.903225806451609,3.419354838709676,10,19,11,14.838709677419352,2.322580645161289,0.12903225806451613,1.0645161290322578,11.677419354838712,4.129032258064514,13,8,10,13.096774193548393,1.5806451612903216,1.0,1.4193548387096768,75,74,73,80,78,77,35,100,0,1,1,1,17068,25215
318,F1,14/04/17,Angers,Paris SG,0,13.65625,4.59375,11,21,15,11.71875,1.59375,0.125,1.0,14.645161290322582,5.548387096774192,22,5,4,10.580645161290324,1.3548387096774186,1.0,2.0645161290322576,72,74,73,85,83,82,25,500,-1,-1,5,6,11954,26366
319,F1,15/04/17,Guingamp,Toulouse,2,11.1875,4.0625,11,20,13,13.3125,1.5,0.125,1.1875,9.9375,3.4375,10,11,11,14.875,2.3125,2.0625,1.03125,75,74,74,75,74,73,26,35,2,-2,0,1,14790,19819
320,F1,15/04/17,Metz,Caen,1,9.516129032258064,3.032258064516128,9,21,14,13.612903225806456,2.064516129032257,0.2258064516129032,0.9354838709677415,11.9375,3.625,9,5,18,12.25,1.5625,2.0,0.96875,75,71,72,73,73,73,30,29,-1,-1,-3,-1,16196,19992
321,F1,15/04/17,Monaco,Dijon,2,13.709677419354836,6.161290322580642,23,17,3,12.709677419354842,1.4516129032258058,0.0967741935483871,2.8387096774193536,10.59375,3.90625,6,11,15,12.90625,1.84375,6.0,1.25,80,80,79,72,72,70,145,26,6,5,-3,-2,9420,19831
322,F1,15/04/17,Montpellier,Lorient,2,13.34375,4.125,9,21,14,10.875,1.125,0.15625,1.40625,11.5625,3.9375,9,4,19,11.9375,1.78125,2.09375,1.15625,76,74,73,74,72,72,42,36,-1,1,1,2,12356,19914
323,F1,15/04/17,Nice,Nancy,2,11.125,4.46875,20,20,2,11.4375,1.4375,0.125,1.625,9.96875,2.78125,8,7,17,13.0,2.0625,5.0,0.75,74,75,74,69,72,68,42,30,3,3,1,-1,22949,18961
324,F1,15/04/17,Rennes,Lille,2,11.53125,3.8125,9,22,10,12.15625,1.46875,0.125,0.90625,11.9375,3.84375,10,7,15,14.6875,1.625,2.125,0.96875,77,73,74,75,75,75,50,75,1,-2,-3,3,22689,18478
325,F1,16/04/17,Bastia,Lyon,0,10.78125,3.375,6,25,16,12.25,1.84375,0.40625,0.8125,15.90625,5.75,17,3,12,13.8125,1.71875,4.03125,2.03125,73,72,72,80,79,76,28,235,-1,1,-1,1,10511,22257
326,F1,16/04/17,Marseille,St Etienne,2,11.78125,4.09375,13,20,10,13.0625,1.59375,0.03125,1.375,10.93548387096774,3.29032258064516,11,12,8,12.999999999999998,1.483870967741935,6.03225806451613,1.1290322580645158,80,78,77,75,75,76,100,70,1,1,-1,1,39898,23040
327,F1,16/04/17,Nantes,Bordeaux,0,12.09375,3.59375,11,20,12,14.25,2.15625,0.0625,0.96875,11.875,4.03125,13,10,9,11.34375,1.65625,2.0625,1.4375,74,73,73,77,76,74,40,60,1,1,2,-2,23152,22352
328,F1,18/04/17,Metz,Paris SG,0,9.46875,3.0,9,22,14,13.5625,2.03125,0.21875,0.96875,14.5,5.4375,23,5,4,10.625,1.34375,1.0,2.0625,75,71,72,85,83,82,30,500,-1,-1,5,7,16196,26366
329,F1,21/04/17,Nancy,Marseille,1,9.909090909090905,2.7878787878787867,8,19,18,13.09090909090909,2.06060606060606,0.15151515151515152,0.7575757575757575,11.78787878787879,4.18181818181818,14,9,10,13.090909090909092,1.5757575757575752,1.0,1.454545454545454,69,72,68,80,78,77,30,100,1,-2,2,1,17516,25215
330,F1,22/04/17,Caen,Nantes,0,11.96969696969697,3.6060606060606046,9,19,18,12.09090909090909,1.545454545454545,0.060606060606060615,0.9999999999999998,12.03030303030303,3.484848484848482,11,9,13,14.272727272727275,2.12121212121212,1.0303030303030305,0.9393939393939394,73,73,73,74,73,73,29,40,-3,-1,-1,0,24217,20847
331,F1,22/04/17,Dijon,Angers,2,10.515151515151514,3.9090909090909074,6,22,16,12.93939393939394,1.8787878787878785,0.18181818181818185,1.2424242424242422,13.757575757575754,4.575757575757574,11,6,16,11.757575757575758,1.6060606060606055,3.0303030303030303,0.9696969696969696,72,72,70,72,74,73,26,25,-3,-3,-2,-1,15786,19547
332,F1,22/04/17,Lille,Guingamp,2,12.242424242424246,3.878787878787877,10,20,16,14.545454545454545,1.6363636363636358,0.18181818181818185,0.9393939393939392,11.454545454545453,4.181818181818182,12,8,13,13.242424242424246,1.5454545454545447,4.0,1.2121212121212117,75,75,75,75,74,74,75,26,-1,-1,3,-2,10128,20294
333,F1,22/04/17,Lorient,Metz,2,11.545454545454545,3.9090909090909074,9,19,20,11.787878787878787,1.7878787878787872,0.15151515151515152,1.1212121212121209,9.363636363636363,2.9696969696969684,9,9,15,13.545454545454547,1.9999999999999991,6.03030303030303,0.9999999999999996,74,72,72,75,71,72,36,30,0,-1,-2,-1,29487,19416
334,F1,22/04/17,Paris SG,Montpellier,2,14.606060606060606,5.454545454545452,24,22,4,10.636363636363637,1.3333333333333326,0.030303030303030307,2.0909090909090904,13.242424242424246,4.151515151515151,10,9,14,10.696969696969695,1.1212121212121209,3.060606060606061,1.424242424242424,85,83,82,76,74,73,500,42,5,8,1,1,11832,19465
335,F1,23/04/17,St Etienne,Rennes,1,10.8125,3.28125,11,23,9,13.09375,1.5,0.21875,1.09375,11.484848484848484,3.7878787878787854,10,13,10,12.121212121212118,1.4545454545454541,3.0303030303030303,0.9393939393939392,75,75,76,77,73,74,70,50,0,-1,2,-2,45159,18795
336,F1,23/04/17,Toulouse,Nice,1,9.909090909090908,3.3939393939393927,10,21,12,14.999999999999998,2.3030303030303005,0.12121212121212124,1.03030303030303,11.21212121212121,4.454545454545452,21,10,2,11.333333333333336,1.424242424242424,3.0303030303030303,1.666666666666666,75,74,73,74,75,74,35,42,0,-1,4,3,38203,24370
337,F1,29/04/17,Guingamp,St Etienne,0,11.411764705882351,4.264705882352942,12,21,14,13.176470588235295,1.5588235294117645,0.1176470588235294,1.1764705882352942,10.696969696969699,3.2424242424242413,11,13,9,13.030303030303028,1.4848484848484844,6.03030303030303,1.0909090909090908,75,74,74,75,75,76,26,70,3,-3,0,-1,27227,19531
338,F1,29/04/17,Metz,Nancy,2,9.294117647058822,2.9705882352941164,9,23,16,13.44117647058824,1.9705882352941164,0.2058823529411765,1.0,9.882352941176473,2.7647058823529407,8,8,18,12.97058823529412,1.9999999999999991,5.0,0.7352941176470589,75,71,72,69,72,68,30,30,-2,-2,1,-2,17068,22293
339,F1,29/04/17,Monaco,Toulouse,2,13.909090909090908,6.181818181818178,25,18,3,12.636363636363635,1.424242424242424,0.09090909090909093,2.7878787878787867,9.735294117647065,3.3823529411764706,10,12,12,15.147058823529415,2.3235294117647047,2.0588235294117645,1.0294117647058822,80,80,79,75,74,73,145,35,7,5,0,-1,11954,22257
340,F1,29/04/17,Montpellier,Lille,0,13.294117647058828,4.14705882352941,10,22,15,10.529411764705884,1.088235294117647,0.14705882352941174,1.3823529411764703,12.617647058823533,4.029411764705882,11,7,16,14.529411764705884,1.5882352941176463,2.117647058823529,1.0,76,74,73,75,75,75,42,75,1,-1,1,-1,10511,19531
341,F1,29/04/17,Nantes,Lorient,2,12.147058823529415,3.61764705882353,12,21,13,14.147058823529415,2.088235294117646,0.05882352941176471,0.9705882352941178,11.764705882352938,4.058823529411764,10,4,20,11.794117647058822,1.7647058823529411,2.0882352941176467,1.2352941176470589,74,73,73,74,72,72,40,36,-1,1,1,-1,14790,23040
342,F1,30/04/17,Caen,Marseille,0,12.000000000000002,3.5588235294117645,9,19,19,12.058823529411766,1.5294117647058816,0.05882352941176471,0.9705882352941178,11.970588235294118,4.147058823529411,14,10,10,13.000000000000005,1.5882352941176463,1.0,1.4117647058823528,73,73,73,80,78,77,29,100,-4,-1,2,1,16196,18961
343,F1,30/04/17,Dijon,Bordeaux,1,10.647058823529411,3.970588235294117,7,22,16,12.882352941176475,1.8823529411764703,0.17647058823529413,1.294117647058823,11.941176470588234,4.117647058823529,15,10,9,11.411764705882351,1.705882352941176,2.0588235294117645,1.4411764705882348,72,72,70,77,76,74,26,60,1,-1,1,1,9420,19819
344,F1,30/04/17,Nice,Paris SG,2,11.294117647058822,4.411764705882352,21,21,2,11.323529411764708,1.5294117647058818,0.1176470588235294,1.647058823529411,14.735294117647062,5.5588235294117645,25,5,4,10.617647058823533,1.3235294117647052,1.0,2.0882352941176463,74,75,74,85,83,82,42,500,4,3,6,8,12356,18478
345,F1,05/05/17,St Etienne,Bordeaux,1,10.705882352941176,3.3823529411764697,12,25,9,12.970588235294125,1.4411764705882348,0.2058823529411765,1.1176470588235292,11.971428571428573,4.0285714285714285,15,11,9,11.457142857142859,1.6857142857142853,2.057142857142857,1.3999999999999997,75,75,76,77,76,74,70,60,0,1,1,1,23152,19914
346,F1,06/05/17,Guingamp,Dijon,2,11.428571428571427,4.257142857142857,12,21,15,13.085714285714287,1.514285714285714,0.11428571428571427,1.1428571428571432,10.8,4.0285714285714285,7,12,16,12.828571428571431,1.8285714285714283,6.0,1.257142857142857,75,74,74,72,72,70,26,26,-1,-1,1,-1,15786,25215
347,F1,06/05/17,Lille,Metz,0,12.571428571428573,4.057142857142858,12,21,16,14.514285714285714,1.5999999999999996,0.17142857142857146,1.0571428571428574,9.371428571428568,3.0857142857142854,10,9,16,13.542857142857144,1.9714285714285704,6.0285714285714285,1.0285714285714287,75,75,75,75,71,72,75,30,1,1,1,-1,10128,22352
348,F1,06/05/17,Lorient,Angers,1,11.542857142857144,3.942857142857141,10,20,21,11.742857142857142,1.7714285714285711,0.14285714285714285,1.2000000000000002,13.885714285714288,4.657142857142857,11,6,18,11.857142857142858,1.6285714285714288,3.0571428571428565,1.0000000000000002,74,72,72,72,74,73,36,25,1,-2,-2,-2,22949,26366
349,F1,06/05/17,Nancy,Monaco,0,9.828571428571426,2.8,8,21,19,13.085714285714287,2.0285714285714285,0.14285714285714285,0.742857142857143,14.323529411764708,6.3235294117647065,26,5,3,12.500000000000002,1.4117647058823517,2.0294117647058822,2.794117647058822,69,72,68,80,80,79,30,145,1,-3,8,5,27227,22352
350,F1,06/05/17,Toulouse,Caen,0,9.657142857142855,3.3714285714285714,10,23,13,15.142857142857144,2.3714285714285706,0.11428571428571427,1.0285714285714287,12.057142857142859,3.6,9,6,20,11.82857142857143,1.5428571428571425,2.0,0.9714285714285716,75,74,73,73,73,73,35,29,0,-2,-5,-1,14790,19831
351,F1,07/05/17,Marseille,Nice,2,12.000000000000002,4.257142857142857,15,22,10,12.942857142857148,1.6571428571428568,0.028571428571428567,1.5142857142857142,11.142857142857144,4.371428571428569,22,11,2,11.314285714285715,1.5428571428571427,3.0285714285714285,1.6857142857142853,80,78,77,74,75,74,100,42,2,2,5,3,29487,19465
352,F1,07/05/17,Rennes,Montpellier,2,11.37142857142857,3.7428571428571424,10,24,11,12.314285714285715,1.4857142857142849,0.11428571428571427,0.9142857142857144,13.428571428571436,4.228571428571428,10,9,16,10.428571428571423,1.0857142857142856,3.0571428571428565,1.3428571428571427,77,73,74,76,74,73,50,42,2,-2,-1,-1,11832,20294
353,F1,14/05/17,Bordeaux,Marseille,1,11.944444444444445,4.055555555555555,15,23,9,11.444444444444445,1.6944444444444442,0.1388888888888889,1.4166666666666663,12.166666666666664,4.333333333333334,16,10,10,13.0,1.7499999999999998,1.0,1.5277777777777777,77,76,74,80,78,77,60,100,1,1,3,2,17516,24370
354,F1,14/05/17,Caen,Rennes,0,12.027777777777779,3.611111111111111,10,20,20,11.75,1.5555555555555551,0.05555555555555555,0.9722222222222224,11.333333333333336,3.75,11,14,11,12.333333333333336,1.5277777777777772,3.0277777777777777,0.916666666666667,73,73,73,77,73,74,29,50,-3,1,3,-2,45159,20847
355,F1,14/05/17,Dijon,Nancy,2,11.055555555555555,4.055555555555555,7,24,17,12.805555555555555,1.7777777777777781,0.16666666666666669,1.222222222222222,9.722222222222221,2.7777777777777777,8,8,20,12.944444444444445,2.0,5.0,0.7222222222222223,72,72,70,69,72,68,26,30,1,-2,-1,-2,17068,19992
356,F1,14/05/17,Metz,Toulouse,1,9.305555555555557,3.083333333333333,11,24,16,13.416666666666668,1.9166666666666656,0.1944444444444444,1.0555555555555558,9.638888888888888,3.416666666666667,10,12,14,15.000000000000002,2.3888888888888893,2.055555555555556,1.0,75,71,72,75,74,73,30,35,1,1,-1,-2,38203,19547
357,F1,14/05/17,Monaco,Lille,2,14.428571428571432,6.371428571428572,27,19,3,12.342857142857143,1.3999999999999992,0.08571428571428573,2.799999999999999,12.555555555555555,3.9444444444444446,12,7,17,14.500000000000002,1.583333333333333,2.1111111111111107,1.027777777777778,80,80,79,75,75,75,145,75,8,6,-1,1,39898,22293
358,F1,14/05/17,Nantes,Guingamp,2,12.027777777777779,3.6666666666666674,13,22,14,14.194444444444445,2.0,0.05555555555555555,1.0000000000000002,11.500000000000002,4.361111111111111,13,8,15,13.083333333333336,1.4722222222222219,4.0,1.2222222222222223,74,73,73,75,74,74,40,26,1,1,1,0,22689,18795
359,F1,14/05/17,Nice,Angers,0,11.30555555555556,4.388888888888888,22,22,3,11.222222222222221,1.5277777777777777,0.1111111111111111,1.6666666666666663,13.750000000000005,4.6388888888888875,11,7,18,11.75,1.5833333333333337,3.055555555555556,1.0000000000000002,74,75,74,72,74,73,42,25,2,-1,-2,-2,10511,19914
360,F1,14/05/17,St Etienne,Paris SG,0,10.82857142857143,3.428571428571428,12,26,9,13.000000000000005,1.4285714285714282,0.2,1.1428571428571432,15.111111111111116,5.722222222222222,26,5,5,10.750000000000002,1.3611111111111107,3.0,2.1388888888888893,75,75,76,85,83,82,70,500,0,1,1,-1,24217,25215
361,F1,17/05/17,Monaco,St Etienne,2,14.333333333333336,6.27777777777778,28,19,3,12.472222222222225,1.3888888888888882,0.08333333333333333,2.8333333333333326,10.777777777777775,3.3888888888888884,12,14,10,12.888888888888893,1.4166666666666663,6.027777777777778,1.1111111111111114,80,80,79,75,75,76,145,70,9,6,-1,1,15786,19531
362,F1,20/05/17,Angers,Montpellier,2,13.756756756756758,4.6756756756756745,12,24,18,11.594594594594591,1.5675675675675669,0.13513513513513514,1.0270270270270272,13.270270270270267,4.135135135135136,10,9,18,10.540540540540542,1.1621621621621625,3.0540540540540535,1.2972972972972971,72,74,73,76,74,73,25,42,0,1,-1,-2,10128,18961
363,F1,20/05/17,Guingamp,Metz,2,11.405405405405405,4.2972972972972965,13,22,16,13.0,1.54054054054054,0.10810810810810813,1.2162162162162162,9.432432432432432,3.1621621621621623,11,10,16,13.486486486486488,1.8648648648648645,6.027027027027027,1.054054054054054,75,74,74,75,71,72,26,30,1,-1,1,1,16196,19819
364,F1,20/05/17,Lille,Nantes,2,12.594594594594595,3.9459459459459465,12,22,18,14.378378378378384,1.5945945945945943,0.16216216216216214,1.0000000000000002,12.08108108108108,3.702702702702703,14,9,14,13.972972972972975,2.0,1.027027027027027,1.0810810810810811,75,75,75,74,73,73,75,40,-1,-1,2,1,9420,18478
365,F1,20/05/17,Lorient,Bordeaux,1,11.324324324324325,3.8378378378378377,10,22,22,11.702702702702705,1.7567567567567566,0.13513513513513514,1.162162162162162,11.918918918918918,4.081081081081081,15,13,9,11.621621621621616,1.6756756756756757,3.0540540540540535,1.4054054054054053,74,72,72,77,76,74,36,60,1,-2,1,1,12356,22257
366,F1,20/05/17,Nancy,St Etienne,2,9.702702702702704,2.756756756756757,8,22,21,13.054054054054053,2.0,0.13513513513513514,0.7027027027027026,10.621621621621623,3.3783783783783776,12,14,11,12.783783783783786,1.4054054054054053,6.027027027027027,1.0810810810810811,69,72,68,75,75,76,30,70,-1,-3,-1,-1,23152,19416
367,F1,20/05/17,Paris SG,Caen,1,15.270270270270267,5.864864864864867,27,24,5,10.594594594594595,1.3513513513513509,0.08108108108108109,2.216216216216216,11.972972972972975,3.5675675675675684,10,6,21,11.621621621621625,1.5675675675675669,2.0,0.9459459459459458,85,83,82,73,73,73,500,29,0,1,-4,1,22949,20294
368,F1,20/05/17,Rennes,Monaco,0,11.297297297297304,3.837837837837837,12,25,11,12.243243243243242,1.5135135135135132,0.10810810810810813,0.9189189189189186,14.324324324324325,6.243243243243244,29,5,3,12.297297297297295,1.3783783783783776,2.0270270270270268,2.810810810810811,77,73,74,80,80,79,50,145,2,1,10,6,27227,26366
369,F1,20/05/17,Toulouse,Dijon,1,9.83783783783784,3.4864864864864864,10,24,14,14.945945945945946,2.3243243243243232,0.10810810810810813,0.9999999999999996,11.297297297297295,4.0810810810810825,8,12,17,12.91891891891892,1.7837837837837838,6.0,1.243243243243243,75,74,73,72,72,70,35,26,-1,-2,2,-2,9420,23040
