,Div,Date,HomeTeam,AwayTeam,HTS,HTST,HTW,HTD,HTL,HTF,HTY,HTR,HTG,ATS,ATST,ATW,ATD,ATL,ATF,ATY,ATR,ATG
0,F1,07/08/15,Lille,Paris SG,0.0,0.0,0,0,0,0.0,0.0,0.0,0.0,0.0,0.0,0,0,0,0.0,0.0,0.0,0.0
1,F1,08/08/15,Bastia,Rennes,0.0,0.0,0,0,0,0.0,0.0,0.0,0.0,0.0,0.0,0,0,0,0.0,0.0,0.0,0.0
2,F1,08/08/15,Marseille,Caen,0.0,0.0,0,0,0,0.0,0.0,0.0,0.0,0.0,0.0,0,0,0,0.0,0.0,0.0,0.0
3,F1,08/08/15,Montpellier,Angers,0.0,0.0,0,0,0,0.0,0.0,0.0,0.0,0.0,0.0,0,0,0,0.0,0.0,0.0,0.0
4,F1,08/08/15,Nantes,Guingamp,0.0,0.0,0,0,0,0.0,0.0,0.0,0.0,0.0,0.0,0,0,0,0.0,0.0,0.0,0.0
5,F1,08/08/15,Nice,Monaco,0.0,0.0,0,0,0,0.0,0.0,0.0,0.0,0.0,0.0,0,0,0,0.0,0.0,0.0,0.0
6,F1,08/08/15,Troyes,Ajaccio GFCO,0.0,0.0,0,0,0,0.0,0.0,0.0,0.0,0.0,0.0,0,0,0,0.0,0.0,0.0,0.0
7,F1,09/08/15,Bordeaux,Reims,0.0,0.0,0,0,0,0.0,0.0,0.0,0.0,0.0,0.0,0,0,0,0.0,0.0,0.0,0.0
8,F1,09/08/15,Lyon,Lorient,0.0,0.0,0,0,0,0.0,0.0,0.0,0.0,0.0,0.0,0,0,0,0.0,0.0,0.0,0.0
9,F1,09/08/15,Toulouse,St Etienne,0.0,0.0,0,0,0,0.0,0.0,0.0,0.0,0.0,0.0,0,0,0,0.0,0.0,0.0,0.0
10,F1,14/08/15,Monaco,Lille,19.0,6.0,1,1,0,18.0,2.0,0.0,2.0,12.0,2.0,0,0,1,20.0,3.0,0.0,0.0
11,F1,15/08/15,Angers,Nantes,16.0,6.0,1,1,0,15.0,2.0,0.0,2.0,9.0,4.0,1,0,0,13.0,2.0,0.0,1.0
12,F1,15/08/15,Caen,Toulouse,8.0,4.0,1,1,0,10.0,0.0,0.0,1.0,9.0,3.0,1,0,0,10.0,0.0,1.0,2.0
13,F1,15/08/15,Guingamp,Lyon,10.0,4.0,0,1,1,16.0,2.0,0.0,0.0,21.0,6.0,0,1,0,11.0,1.0,0.0,0.0
14,F1,15/08/15,Rennes,Montpellier,6.0,3.0,0,1,1,19.0,1.0,0.0,1.0,11.0,4.0,0,0,1,12.0,3.0,0.0,0.0
15,F1,15/08/15,St Etienne,Bordeaux,11.0,2.0,0,1,1,10.0,1.0,0.0,1.0,14.0,4.0,0,0,1,14.0,2.0,0.0,1.0
16,F1,15/08/15,Troyes,Nice,12.0,4.0,0,1,0,11.0,0.0,0.0,0.0,5.0,2.0,0,0,1,18.0,2.0,1.0,1.0
17,F1,16/08/15,Lorient,Bastia,10.0,5.0,0,1,0,12.0,2.0,0.0,0.0,11.0,3.0,1,0,0,15.0,0.0,1.0,2.0
18,F1,16/08/15,Paris SG,Ajaccio GFCO,7.0,2.0,1,1,0,17.0,2.0,1.0,1.0,6.0,1.0,0,1,0,8.0,4.0,0.0,0.0
19,F1,16/08/15,Reims,Marseille,14.0,6.0,1,1,0,12.0,2.0,0.0,2.0,17.0,4.0,0,0,1,10.0,1.0,0.0,0.0
20,F1,21/08/15,Montpellier,Paris SG,15.0,4.0,0,1,2,21.0,4.0,0.0,0.0,25.0,8.0,2,0,0,25.0,3.0,1.0,3.0
21,F1,22/08/15,Ajaccio GFCO,Angers,14.0,3.0,0,2,1,22.0,7.0,0.0,0.0,26.0,9.0,1,1,0,27.0,5.0,0.0,2.0
22,F1,22/08/15,Bastia,Guingamp,18.0,5.0,1,1,0,30.0,2.0,1.0,3.0,21.0,7.0,0,0,2,32.0,4.0,0.0,0.0
23,F1,22/08/15,Lyon,Rennes,32.0,9.0,1,2,0,29.0,3.0,0.0,1.0,16.0,5.0,1,0,1,30.0,4.0,0.0,2.0
24,F1,22/08/15,Nantes,Reims,11.0,5.0,1,1,0,30.0,6.0,0.0,1.0,29.0,11.0,2,0,0,25.0,4.0,0.0,3.0
25,F1,22/08/15,Nice,Caen,23.0,8.0,0,1,1,31.0,5.0,1.0,4.0,17.0,7.0,2,0,0,24.0,1.0,0.0,2.0
26,F1,22/08/15,Toulouse,Monaco,22.0,7.0,1,1,1,24.0,3.0,2.0,2.0,28.0,9.0,1,1,0,30.0,3.0,0.0,2.0
27,F1,23/08/15,Lille,Bordeaux,21.0,4.0,0,1,1,39.0,8.0,0.0,0.0,31.0,7.0,0,1,1,25.0,3.0,0.0,2.0
28,F1,23/08/15,Lorient,St Etienne,22.0,9.0,0,2,0,25.0,5.0,0.0,1.0,18.0,4.0,0,1,1,27.0,3.0,0.0,2.0
29,F1,23/08/15,Marseille,Troyes,30.0,8.0,0,1,2,24.0,3.0,1.0,0.0,23.0,11.0,0,2,0,22.0,3.0,1.0,3.0
30,F1,28/08/15,Guingamp,Marseille,36.0,11.0,0,2,3,45.0,7.0,0.0,0.0,46.0,15.0,1,0,2,32.0,4.0,1.0,6.0
31,F1,29/08/15,Angers,Nice,35.0,14.0,2,3,0,37.0,7.0,0.0,4.0,30.0,12.0,1,1,1,38.0,6.0,1.0,6.0
32,F1,29/08/15,Caen,Lyon,29.0,13.0,2,2,1,40.0,4.0,0.0,3.0,47.0,13.0,1,1,1,41.0,4.0,0.0,2.0
33,F1,29/08/15,Lille,Ajaccio GFCO,36.0,9.0,0,2,1,50.0,9.0,0.0,0.0,22.0,6.0,0,1,2,34.0,9.0,0.0,0.0
34,F1,29/08/15,Reims,Lorient,31.0,12.0,2,2,1,35.0,7.0,0.0,3.0,32.0,11.0,0,2,1,37.0,5.0,1.0,1.0
35,F1,29/08/15,Rennes,Toulouse,22.0,8.0,2,2,1,43.0,7.0,0.0,4.0,35.0,11.0,1,1,1,37.0,3.0,2.0,3.0
36,F1,29/08/15,Troyes,Montpellier,29.0,12.0,0,3,1,31.0,4.0,1.0,3.0,25.0,7.0,0,0,3,34.0,6.0,0.0,0.0
37,F1,30/08/15,Bordeaux,Nantes,43.0,11.0,0,2,1,48.0,8.0,0.0,2.0,24.0,11.0,2,1,0,42.0,7.0,0.0,2.0
38,F1,30/08/15,Monaco,Paris SG,42.0,12.0,1,3,0,50.0,7.0,0.0,3.0,34.0,13.0,3,0,0,33.0,4.0,1.0,4.0
39,F1,30/08/15,St Etienne,Bastia,30.0,9.0,1,3,1,51.0,6.0,0.0,3.0,28.0,10.0,2,1,0,44.0,4.0,1.0,6.0
40,F1,11/09/15,Paris SG,Bordeaux,53.0,21.0,4,3,0,45.0,5.0,1.0,7.0,62.0,15.0,1,2,1,57.0,11.0,0.0,4.0
41,F1,12/09/15,Lorient,Angers,45.0,15.0,0,3,2,45.0,6.0,1.0,2.0,40.0,16.0,2,2,0,51.0,9.0,0.0,5.0
42,F1,12/09/15,Lyon,Lille,60.0,18.0,2,3,1,58.0,4.0,0.0,6.0,49.0,14.0,1,2,1,63.0,10.0,0.0,1.0
43,F1,12/09/15,Montpellier,St Etienne,38.0,11.0,0,2,3,44.0,7.0,0.0,0.0,53.0,15.0,2,1,1,62.0,7.0,0.0,5.0
44,F1,12/09/15,Nice,Guingamp,41.0,17.0,1,2,1,46.0,8.0,1.0,7.0,48.0,16.0,1,0,3,55.0,8.0,0.0,2.0
45,F1,12/09/15,Toulouse,Reims,43.0,14.0,1,3,2,46.0,6.0,2.0,4.0,45.0,22.0,3,0,1,47.0,10.0,0.0,7.0
46,F1,12/09/15,Troyes,Caen,37.0,13.0,0,4,1,47.0,6.0,1.0,3.0,43.0,19.0,2,0,2,53.0,5.0,1.0,3.0
47,F1,13/09/15,Ajaccio GFCO,Monaco,34.0,12.0,0,3,3,51.0,12.0,0.0,0.0,45.0,14.0,1,2,1,57.0,7.0,0.0,3.0
48,F1,13/09/15,Marseille,Bastia,60.0,21.0,1,2,3,45.0,9.0,1.0,6.0,34.0,11.0,2,1,1,50.0,5.0,3.0,7.0
49,F1,13/09/15,Nantes,Rennes,35.0,12.0,2,2,1,59.0,10.0,1.0,2.0,35.0,13.0,3,0,1,55.0,9.0,0.0,7.0
50,F1,18/09/15,Rennes,Lille,51.0,19.0,4,3,1,66.0,12.0,0.0,9.0,58.0,17.0,1,3,1,83.0,14.0,0.0,1.0
51,F1,19/09/15,Angers,Troyes,47.0,17.0,2,5,1,69.0,10.0,0.0,6.0,51.0,19.0,0,3,2,54.0,10.0,1.0,4.0
52,F1,19/09/15,Bastia,Nice,40.0,13.0,2,3,2,59.0,6.0,3.0,8.0,57.0,18.0,1,2,2,56.0,9.0,1.0,7.0
53,F1,19/09/15,Caen,Montpellier,58.0,27.0,3,3,2,62.0,5.0,2.0,6.0,54.0,19.0,0,1,4,60.0,10.0,0.0,1.0
54,F1,19/09/15,Guingamp,Ajaccio GFCO,56.0,19.0,2,3,3,78.0,11.0,0.0,3.0,58.0,16.0,0,1,4,67.0,15.0,0.0,0.0
55,F1,19/09/15,Reims,Paris SG,54.0,26.0,3,3,1,62.0,12.0,0.0,9.0,72.0,26.0,4,1,0,56.0,7.0,1.0,9.0
56,F1,20/09/15,Bordeaux,Toulouse,72.0,18.0,1,3,1,71.0,13.0,1.0,6.0,58.0,20.0,1,2,2,56.0,8.0,2.0,6.0
57,F1,20/09/15,Marseille,Lyon,72.0,28.0,2,2,3,56.0,11.0,1.0,10.0,73.0,24.0,2,2,1,72.0,5.0,0.0,6.0
58,F1,20/09/15,Monaco,Lorient,58.0,22.0,2,4,1,72.0,10.0,0.0,4.0,59.0,21.0,1,2,2,55.0,7.0,1.0,5.0
59,F1,20/09/15,St Etienne,Nantes,65.0,18.0,3,4,1,82.0,9.0,0.0,7.0,45.0,15.0,2,1,2,73.0,12.0,3.0,2.0
60,F1,22/09/15,Angers,Reims,63.0,21.0,3,5,1,84.0,12.0,1.0,7.0,61.0,29.0,3,2,1,71.0,14.0,0.0,10.0
61,F1,22/09/15,Paris SG,Guingamp,89.0,32.0,4,5,0,65.0,9.0,1.0,10.0,70.0,23.0,3,0,3,84.0,13.0,0.0,5.0
62,F1,23/09/15,Ajaccio GFCO,Rennes,65.0,19.0,0,4,5,83.0,19.0,1.0,1.0,60.0,22.0,4,1,1,83.0,15.0,0.0,10.0
63,F1,23/09/15,Lorient,Caen,75.0,28.0,2,4,2,70.0,11.0,1.0,8.0,74.0,33.0,4,0,2,77.0,7.0,2.0,8.0
64,F1,23/09/15,Lyon,Bastia,85.0,29.0,2,5,1,84.0,6.0,0.0,7.0,48.0,15.0,2,1,3,70.0,7.0,3.0,9.0
65,F1,23/09/15,Nice,Bordeaux,66.0,24.0,2,3,2,70.0,11.0,1.0,10.0,89.0,23.0,1,4,1,89.0,15.0,1.0,7.0
66,F1,23/09/15,Toulouse,Marseille,67.0,25.0,1,5,2,67.0,10.0,3.0,7.0,86.0,32.0,2,1,3,71.0,15.0,2.0,11.0
67,F1,23/09/15,Troyes,St Etienne,65.0,19.0,0,5,3,69.0,13.0,1.0,4.0,77.0,21.0,4,1,1,93.0,11.0,0.0,9.0
68,F1,24/09/15,Montpellier,Monaco,57.0,21.0,0,3,5,84.0,14.0,0.0,2.0,71.0,28.0,2,2,2,83.0,14.0,0.0,6.0
69,F1,25/09/15,Reims,Lille,64.0,30.0,3,5,1,90.0,17.0,0.0,10.0,73.0,22.0,1,4,1,101.0,18.0,1.0,2.0
70,F1,26/09/15,Bastia,Toulouse,52.0,17.0,2,4,4,77.0,8.0,4.0,9.0,78.0,28.0,1,4,2,79.0,12.0,5.0,8.0
71,F1,26/09/15,Bordeaux,Lyon,95.0,26.0,1,5,2,97.0,16.0,2.0,8.0,99.0,36.0,3,3,1,93.0,8.0,0.0,9.0
72,F1,26/09/15,Caen,Ajaccio GFCO,88.0,35.0,4,4,3,87.0,9.0,2.0,8.0,78.0,21.0,0,2,5,89.0,19.0,1.0,2.0
73,F1,26/09/15,Nantes,Paris SG,56.0,17.0,2,3,3,82.0,13.0,3.0,2.0,107.0,42.0,5,2,0,75.0,10.0,1.0,13.0
74,F1,26/09/15,Rennes,Troyes,76.0,30.0,4,5,1,97.0,16.0,0.0,11.0,79.0,23.0,0,3,4,79.0,16.0,1.0,4.0
75,F1,27/09/15,Guingamp,Monaco,80.0,27.0,3,4,4,94.0,14.0,0.0,5.0,84.0,33.0,3,2,2,101.0,15.0,0.0,9.0
76,F1,27/09/15,Marseille,Angers,94.0,33.0,2,4,3,85.0,15.0,3.0,12.0,71.0,24.0,3,3,1,92.0,13.0,1.0,7.0
77,F1,27/09/15,Montpellier,Lorient,73.0,26.0,0,3,6,97.0,16.0,0.0,4.0,83.0,32.0,3,2,2,83.0,13.0,1.0,10.0
78,F1,27/09/15,St Etienne,Nice,90.0,27.0,5,5,1,107.0,11.0,0.0,10.0,83.0,34.0,3,2,2,84.0,11.0,1.0,16.0
79,F1,29/09/15,Lille,Nantes,83.0,25.0,1,5,2,124.0,21.0,1.0,2.0,63.0,19.0,2,1,4,102.0,15.0,3.0,3.0
80,F1,02/10/15,Lille,Montpellier,103.0,29.0,1,5,3,132.0,21.0,1.0,2.0,84.0,30.0,1,1,6,108.0,18.0,0.0,6.0
81,F1,03/10/15,Ajaccio GFCO,Toulouse,86.0,23.0,0,6,6,104.0,23.0,1.0,2.0,94.0,33.0,1,4,3,89.0,15.0,5.0,8.0
82,F1,03/10/15,Angers,Bastia,77.0,27.0,4,7,1,105.0,16.0,1.0,9.0,61.0,23.0,3,1,4,87.0,11.0,4.0,12.0
83,F1,03/10/15,Lyon,Reims,109.0,40.0,3,6,2,102.0,8.0,0.0,10.0,74.0,35.0,4,3,1,106.0,20.0,0.0,11.0
84,F1,03/10/15,Troyes,Guingamp,91.0,29.0,0,6,4,88.0,19.0,1.0,5.0,96.0,34.0,3,1,4,113.0,19.0,0.0,8.0
85,F1,04/10/15,Caen,St Etienne,104.0,44.0,5,4,3,99.0,10.0,2.0,10.0,103.0,32.0,5,1,2,119.0,15.0,0.0,11.0
86,F1,04/10/15,Lorient,Bordeaux,93.0,35.0,3,5,3,104.0,18.0,2.0,11.0,105.0,30.0,2,4,2,107.0,18.0,2.0,11.0
87,F1,04/10/15,Monaco,Rennes,93.0,37.0,3,6,2,117.0,18.0,0.0,12.0,95.0,35.0,4,3,1,108.0,17.0,1.0,12.0
88,F1,04/10/15,Paris SG,Marseille,121.0,49.0,6,6,0,84.0,11.0,1.0,17.0,112.0,37.0,2,2,4,97.0,18.0,3.0,13.0
89,F1,16/10/15,Monaco,Lyon,107.0,43.0,3,7,2,131.0,21.0,0.0,13.0,126.0,46.0,4,3,2,113.0,10.0,0.0,11.0
90,F1,17/10/15,Bastia,Paris SG,69.0,25.0,3,5,5,103.0,13.0,4.0,12.0,137.0,57.0,7,2,0,97.0,13.0,1.0,19.0
91,F1,17/10/15,Guingamp,Lille,114.0,41.0,4,6,4,129.0,21.0,0.0,9.0,125.0,34.0,2,4,3,149.0,24.0,1.0,4.0
92,F1,17/10/15,Nantes,Troyes,72.0,21.0,3,4,4,123.0,18.0,3.0,4.0,103.0,31.0,0,4,5,110.0,20.0,2.0,5.0
93,F1,17/10/15,Reims,Caen,82.0,38.0,4,6,2,115.0,22.0,0.0,11.0,118.0,51.0,6,0,3,110.0,10.0,2.0,11.0
94,F1,17/10/15,St Etienne,Ajaccio GFCO,113.0,35.0,5,6,3,132.0,18.0,0.0,11.0,93.0,26.0,0,3,6,120.0,26.0,1.0,4.0
95,F1,17/10/15,Toulouse,Angers,106.0,38.0,1,8,3,100.0,15.0,5.0,10.0,94.0,33.0,5,3,1,121.0,17.0,1.0,10.0
96,F1,18/10/15,Bordeaux,Montpellier,114.0,35.0,2,6,3,124.0,20.0,3.0,13.0,93.0,33.0,1,1,7,123.0,19.0,0.0,6.0
97,F1,18/10/15,Marseille,Lorient,125.0,45.0,2,5,5,109.0,21.0,3.0,14.0,100.0,39.0,4,2,3,112.0,18.0,3.0,14.0
98,F1,18/10/15,Rennes,Nice,103.0,38.0,4,7,1,124.0,19.0,1.0,13.0,91.0,40.0,4,2,2,91.0,12.0,3.0,20.0
99,F1,23/10/15,Caen,Nantes,129.0,55.0,7,5,3,126.0,13.0,2.0,12.0,89.0,25.0,4,1,4,127.0,18.0,3.0,7.0
100,F1,23/10/15,Lyon,Toulouse,144.0,52.0,4,7,2,129.0,12.0,0.0,12.0,127.0,44.0,1,5,4,112.0,16.0,5.0,11.0
101,F1,24/10/15,Ajaccio GFCO,Nice,97.0,26.0,0,8,7,133.0,26.0,1.0,4.0,103.0,47.0,5,2,2,98.0,14.0,3.0,24.0
102,F1,24/10/15,Angers,Guingamp,101.0,38.0,6,8,1,138.0,18.0,1.0,12.0,124.0,43.0,4,2,4,140.0,22.0,0.0,10.0
103,F1,24/10/15,Lorient,Rennes,106.0,41.0,4,6,3,126.0,21.0,3.0,15.0,118.0,41.0,4,4,2,139.0,21.0,1.0,14.0
104,F1,24/10/15,Montpellier,Bastia,99.0,33.0,1,5,7,133.0,21.0,0.0,6.0,75.0,27.0,3,1,6,117.0,16.0,4.0,12.0
105,F1,25/10/15,Bordeaux,Troyes,130.0,38.0,2,7,3,140.0,24.0,3.0,13.0,117.0,33.0,0,4,6,118.0,21.0,2.0,5.0
106,F1,25/10/15,Lille,Marseille,135.0,36.0,2,6,3,174.0,27.0,2.0,5.0,146.0,53.0,2,3,5,128.0,22.0,3.0,15.0
107,F1,25/10/15,Paris SG,St Etienne,150.0,62.0,8,7,0,112.0,14.0,1.0,21.0,126.0,41.0,6,1,3,143.0,18.0,0.0,13.0
108,F1,25/10/15,Reims,Monaco,94.0,40.0,4,6,3,128.0,24.0,0.0,11.0,119.0,47.0,3,5,2,150.0,23.0,1.0,14.0
109,F1,30/10/15,Rennes,Paris SG,129.0,44.0,4,8,2,154.0,21.0,2.0,15.0,171.0,72.0,9,2,0,121.0,14.0,1.0,25.0
110,F1,31/10/15,Ajaccio GFCO,Bordeaux,110.0,32.0,1,8,7,149.0,29.0,2.0,7.0,146.0,42.0,3,5,3,149.0,25.0,3.0,14.0
111,F1,31/10/15,Bastia,Caen,88.0,28.0,3,6,7,129.0,19.0,4.0,12.0,145.0,59.0,7,0,4,134.0,14.0,2.0,12.0
112,F1,31/10/15,Guingamp,Lorient,135.0,45.0,4,8,4,152.0,24.0,0.0,10.0,116.0,46.0,4,4,3,138.0,21.0,4.0,16.0
113,F1,31/10/15,St Etienne,Reims,140.0,47.0,6,7,4,158.0,18.0,0.0,14.0,107.0,46.0,4,3,4,141.0,25.0,1.0,11.0
114,F1,31/10/15,Toulouse,Montpellier,134.0,47.0,1,9,5,130.0,20.0,5.0,11.0,109.0,36.0,2,2,7,141.0,22.0,0.0,8.0
115,F1,31/10/15,Troyes,Lyon,128.0,35.0,0,8,7,134.0,25.0,2.0,5.0,164.0,60.0,5,4,2,145.0,13.0,0.0,15.0
116,F1,01/11/15,Monaco,Angers,135.0,51.0,4,9,2,162.0,25.0,1.0,15.0,111.0,40.0,6,4,1,158.0,20.0,2.0,12.0
117,F1,01/11/15,Nantes,Marseille,99.0,28.0,5,5,4,146.0,20.0,3.0,9.0,158.0,59.0,3,3,5,152.0,26.0,3.0,17.0
118,F1,01/11/15,Nice,Lille,112.0,49.0,5,6,3,109.0,17.0,3.0,25.0,145.0,40.0,2,5,4,188.0,30.0,2.0,6.0
119,F1,04/11/15,Nice,Nantes,121.0,53.0,5,7,3,133.0,20.0,3.0,25.0,111.0,32.0,5,1,5,166.0,22.0,3.0,9.0
120,F1,06/11/15,Angers,Rennes,126.0,45.0,6,10,2,179.0,24.0,2.0,12.0,134.0,46.0,4,5,3,168.0,21.0,2.0,15.0
121,F1,07/11/15,Caen,Guingamp,150.0,62.0,7,6,5,151.0,16.0,2.0,12.0,148.0,49.0,4,4,4,162.0,27.0,1.0,12.0
122,F1,07/11/15,Lille,Bastia,154.0,41.0,2,7,4,214.0,33.0,2.0,6.0,99.0,34.0,4,1,7,141.0,20.0,4.0,13.0
123,F1,07/11/15,Lorient,Troyes,128.0,50.0,4,8,3,157.0,22.0,5.0,18.0,136.0,37.0,0,4,8,146.0,27.0,3.0,5.0
124,F1,07/11/15,Montpellier,Nantes,116.0,37.0,2,6,7,156.0,24.0,0.0,9.0,123.0,38.0,6,1,5,182.0,25.0,3.0,11.0
125,F1,07/11/15,Paris SG,Toulouse,184.0,77.0,10,8,0,132.0,14.0,1.0,26.0,144.0,52.0,1,6,5,152.0,24.0,5.0,12.0
126,F1,07/11/15,Reims,Ajaccio GFCO,115.0,51.0,4,7,5,151.0,26.0,1.0,11.0,117.0,36.0,2,3,7,169.0,32.0,3.0,9.0
127,F1,08/11/15,Bordeaux,Monaco,153.0,42.0,3,8,4,159.0,29.0,3.0,14.0,148.0,53.0,5,5,2,169.0,28.0,1.0,16.0
128,F1,08/11/15,Lyon,St Etienne,195.0,66.0,6,8,2,159.0,13.0,0.0,16.0,160.0,55.0,7,1,4,169.0,19.0,0.0,17.0
129,F1,08/11/15,Marseille,Nice,170.0,62.0,4,8,5,170.0,27.0,3.0,18.0,130.0,56.0,5,3,4,140.0,21.0,3.0,26.0
130,F1,20/11/15,Nice,Lyon,139.0,60.0,6,8,4,151.0,23.0,3.0,27.0,212.0,74.0,7,4,2,178.0,17.0,0.0,19.0
131,F1,21/11/15,Guingamp,Toulouse,161.0,55.0,4,10,5,176.0,28.0,1.0,13.0,151.0,52.0,1,6,6,165.0,25.0,5.0,12.0
132,F1,21/11/15,Lorient,Paris SG,157.0,60.0,5,8,3,166.0,22.0,5.0,22.0,199.0,86.0,11,2,0,145.0,16.0,1.0,31.0
133,F1,21/11/15,Monaco,Nantes,161.0,59.0,5,10,3,183.0,30.0,1.0,17.0,133.0,40.0,6,1,6,196.0,29.0,3.0,12.0
134,F1,21/11/15,Montpellier,Reims,126.0,41.0,3,6,7,162.0,24.0,0.0,11.0,128.0,53.0,4,3,6,161.0,29.0,1.0,12.0
135,F1,21/11/15,Troyes,Lille,149.0,43.0,0,9,9,157.0,27.0,3.0,6.0,164.0,42.0,2,7,4,228.0,34.0,3.0,7.0
136,F1,22/11/15,Bastia,Ajaccio GFCO,108.0,36.0,4,7,7,153.0,23.0,4.0,14.0,128.0,40.0,3,3,7,181.0,34.0,3.0,11.0
137,F1,22/11/15,Caen,Angers,166.0,67.0,8,6,5,162.0,17.0,2.0,14.0,144.0,48.0,6,4,3,187.0,25.0,2.0,12.0
138,F1,22/11/15,Rennes,Bordeaux,144.0,48.0,5,9,3,183.0,23.0,2.0,17.0,162.0,46.0,4,5,4,176.0,31.0,3.0,17.0
139,F1,22/11/15,St Etienne,Marseille,166.0,56.0,7,8,5,189.0,23.0,0.0,17.0,184.0,65.0,4,3,6,184.0,29.0,3.0,18.0
140,F1,27/11/15,Lyon,Montpellier,225.0,75.0,7,9,3,181.0,19.0,0.0,19.0,137.0,45.0,4,3,7,174.0,27.0,0.0,14.0
141,F1,28/11/15,Ajaccio GFCO,Lorient,143.0,44.0,4,10,7,195.0,35.0,3.0,13.0,170.0,66.0,5,5,4,179.0,24.0,5.0,23.0
142,F1,28/11/15,Angers,Lille,155.0,52.0,6,11,3,200.0,26.0,2.0,12.0,180.0,48.0,2,8,4,248.0,35.0,3.0,8.0
143,F1,28/11/15,Nantes,Bastia,145.0,42.0,6,8,7,212.0,30.0,3.0,12.0,117.0,41.0,4,2,8,164.0,25.0,4.0,15.0
144,F1,28/11/15,Paris SG,Troyes,207.0,89.0,12,9,0,159.0,17.0,1.0,33.0,159.0,48.0,0,5,9,174.0,29.0,3.0,7.0
145,F1,28/11/15,Reims,Rennes,139.0,57.0,4,8,7,179.0,31.0,1.0,13.0,152.0,52.0,5,6,3,200.0,25.0,2.0,19.0
146,F1,28/11/15,Toulouse,Nice,164.0,55.0,1,12,7,189.0,28.0,6.0,12.0,152.0,68.0,7,3,4,164.0,24.0,3.0,30.0
147,F1,29/11/15,Bordeaux,Caen,170.0,51.0,4,9,4,186.0,33.0,4.0,19.0,179.0,69.0,8,1,5,170.0,18.0,3.0,14.0
148,F1,29/11/15,Marseille,Monaco,198.0,71.0,5,9,6,193.0,30.0,3.0,20.0,169.0,63.0,6,5,3,196.0,32.0,1.0,18.0
149,F1,29/11/15,St Etienne,Guingamp,178.0,60.0,7,8,6,199.0,24.0,0.0,17.0,168.0,60.0,5,4,5,193.0,31.0,1.0,15.0
150,F1,01/12/15,Angers,Paris SG,164.0,57.0,7,11,3,222.0,28.0,2.0,14.0,229.0,98.0,13,2,0,164.0,17.0,1.0,37.0
151,F1,01/12/15,Lorient,Nice,175.0,68.0,5,9,4,187.0,25.0,5.0,24.0,160.0,71.0,7,3,5,173.0,26.0,4.0,30.0
152,F1,01/12/15,Nantes,Lyon,159.0,45.0,6,9,7,236.0,32.0,4.0,12.0,237.0,80.0,7,4,4,194.0,22.0,0.0,21.0
153,F1,02/12/15,Bastia,Bordeaux,123.0,42.0,4,8,8,175.0,27.0,4.0,15.0,180.0,54.0,4,6,5,201.0,36.0,5.0,20.0
154,F1,02/12/15,Guingamp,Reims,182.0,64.0,5,11,6,211.0,34.0,1.0,15.0,151.0,61.0,4,4,7,193.0,34.0,2.0,15.0
155,F1,02/12/15,Lille,St Etienne,188.0,48.0,2,10,5,261.0,38.0,4.0,8.0,188.0,67.0,8,1,6,222.0,26.0,1.0,20.0
156,F1,02/12/15,Monaco,Caen,179.0,68.0,6,11,3,219.0,35.0,1.0,21.0,192.0,79.0,9,1,5,185.0,20.0,3.0,18.0
157,F1,02/12/15,Montpellier,Ajaccio GFCO,152.0,54.0,5,7,7,191.0,31.0,0.0,18.0,160.0,47.0,4,4,7,207.0,37.0,3.0,14.0
158,F1,02/12/15,Troyes,Toulouse,170.0,51.0,0,11,10,182.0,30.0,3.0,8.0,174.0,61.0,2,6,7,202.0,30.0,6.0,14.0
159,F1,03/12/15,Rennes,Marseille,163.0,58.0,5,11,3,217.0,29.0,2.0,21.0,210.0,77.0,5,4,6,208.0,31.0,3.0,23.0
160,F1,04/12/15,Nice,Paris SG,172.0,78.0,7,10,5,189.0,31.0,4.0,30.0,241.0,101.0,13,3,0,172.0,18.0,1.0,37.0
161,F1,05/12/15,Ajaccio GFCO,Nantes,166.0,50.0,5,12,7,220.0,41.0,3.0,16.0,168.0,48.0,6,3,7,259.0,33.0,4.0,12.0
162,F1,05/12/15,Bastia,Monaco,131.0,46.0,5,8,8,193.0,28.0,4.0,16.0,189.0,72.0,6,7,3,228.0,35.0,1.0,22.0
163,F1,05/12/15,Caen,Lille,200.0,82.0,9,9,5,199.0,22.0,3.0,19.0,201.0,53.0,3,8,5,273.0,40.0,4.0,9.0
164,F1,05/12/15,Lyon,Angers,247.0,85.0,7,10,4,204.0,24.0,0.0,21.0,172.0,58.0,7,6,3,230.0,28.0,2.0,14.0
165,F1,05/12/15,Reims,Troyes,157.0,65.0,5,10,7,219.0,38.0,3.0,17.0,188.0,58.0,0,5,11,193.0,30.0,4.0,8.0
166,F1,05/12/15,Toulouse,Lorient,185.0,69.0,3,13,7,217.0,31.0,7.0,17.0,185.0,71.0,5,7,4,200.0,27.0,5.0,24.0
167,F1,06/12/15,Bordeaux,Guingamp,186.0,56.0,4,10,6,214.0,37.0,5.0,20.0,190.0,66.0,5,4,7,232.0,36.0,2.0,16.0
168,F1,06/12/15,Marseille,Montpellier,221.0,82.0,6,11,6,219.0,33.0,3.0,24.0,168.0,60.0,5,3,8,198.0,32.0,0.0,18.0
169,F1,06/12/15,St Etienne,Rennes,197.0,67.0,8,9,7,248.0,28.0,1.0,20.0,173.0,59.0,5,7,4,234.0,33.0,2.0,21.0
170,F1,11/12/15,Rennes,Caen,178.0,62.0,5,12,4,244.0,36.0,2.0,22.0,215.0,87.0,9,2,6,215.0,24.0,3.0,20.0
171,F1,12/12/15,Lille,Lorient,213.0,58.0,4,11,5,287.0,43.0,4.0,11.0,190.0,75.0,6,7,4,217.0,29.0,5.0,27.0
172,F1,12/12/15,Montpellier,Guingamp,174.0,62.0,5,8,8,210.0,33.0,0.0,20.0,198.0,68.0,5,4,8,249.0,38.0,2.0,16.0
173,F1,12/12/15,Nantes,Toulouse,180.0,51.0,6,11,7,278.0,35.0,4.0,13.0,205.0,72.0,3,6,8,232.0,32.0,7.0,19.0
174,F1,12/12/15,Reims,Nice,168.0,68.0,5,11,7,227.0,39.0,3.0,18.0,179.0,80.0,7,4,6,198.0,31.0,5.0,30.0
175,F1,12/12/15,Troyes,Bastia,202.0,62.0,0,12,11,205.0,31.0,4.0,9.0,136.0,48.0,5,3,9,206.0,31.0,4.0,17.0
176,F1,13/12/15,Angers,Bordeaux,181.0,64.0,8,13,3,237.0,29.0,2.0,16.0,199.0,60.0,5,6,6,224.0,38.0,5.0,21.0
177,F1,13/12/15,Marseille,Ajaccio GFCO,235.0,90.0,6,12,6,229.0,35.0,3.0,26.0,191.0,56.0,5,5,7,231.0,43.0,3.0,17.0
178,F1,13/12/15,Monaco,St Etienne,196.0,74.0,7,13,3,241.0,36.0,1.0,24.0,211.0,71.0,8,2,7,263.0,30.0,1.0,21.0
179,F1,13/12/15,Paris SG,Lyon,256.0,107.0,14,11,0,184.0,20.0,1.0,40.0,260.0,86.0,7,5,5,219.0,27.0,0.0,21.0
180,F1,18/12/15,Nice,Montpellier,186.0,83.0,7,11,6,211.0,33.0,5.0,31.0,184.0,68.0,6,4,8,223.0,36.0,0.0,22.0
181,F1,19/12/15,Bastia,Reims,147.0,51.0,5,9,9,227.0,35.0,4.0,18.0,185.0,75.0,5,6,7,239.0,41.0,4.0,19.0
182,F1,19/12/15,Caen,Paris SG,227.0,90.0,9,10,6,224.0,24.0,4.0,21.0,267.0,115.0,15,3,0,200.0,22.0,1.0,45.0
183,F1,19/12/15,Guingamp,Rennes,207.0,72.0,5,13,9,269.0,40.0,3.0,17.0,200.0,70.0,5,9,4,251.0,37.0,2.0,23.0
184,F1,19/12/15,Lorient,Nantes,201.0,78.0,6,12,5,227.0,31.0,5.0,27.0,195.0,53.0,6,5,7,296.0,39.0,4.0,14.0
185,F1,19/12/15,Toulouse,Lille,210.0,75.0,3,14,8,247.0,36.0,8.0,20.0,229.0,65.0,5,8,5,300.0,45.0,4.0,14.0
186,F1,19/12/15,Troyes,Monaco,219.0,66.0,0,13,11,216.0,33.0,4.0,10.0,206.0,78.0,8,7,3,261.0,39.0,1.0,25.0
187,F1,20/12/15,Ajaccio GFCO,Lyon,200.0,58.0,5,14,7,255.0,47.0,3.0,18.0,269.0,89.0,7,5,6,228.0,28.0,0.0,22.0
188,F1,20/12/15,Bordeaux,Marseille,202.0,62.0,5,11,6,233.0,40.0,5.0,22.0,244.0,93.0,6,6,6,241.0,37.0,4.0,27.0
189,F1,20/12/15,St Etienne,Angers,216.0,71.0,8,11,8,280.0,32.0,2.0,21.0,188.0,67.0,8,7,3,250.0,30.0,2.0,17.0
190,F1,08/01/16,Paris SG,Bastia,285.0,125.0,16,12,0,211.0,24.0,1.0,48.0,154.0,53.0,6,4,9,245.0,38.0,4.0,20.0
191,F1,09/01/16,Angers,Caen,199.0,69.0,8,15,4,266.0,33.0,2.0,17.0,235.0,91.0,9,3,7,233.0,27.0,4.0,21.0
192,F1,09/01/16,Lyon,Troyes,278.0,91.0,7,12,7,240.0,29.0,0.0,23.0,230.0,68.0,0,8,11,222.0,35.0,5.0,10.0
193,F1,09/01/16,Monaco,Ajaccio GFCO,222.0,83.0,8,14,3,278.0,42.0,1.0,25.0,212.0,66.0,6,6,7,276.0,50.0,3.0,20.0
194,F1,09/01/16,Montpellier,Bordeaux,194.0,74.0,6,9,9,238.0,38.0,0.0,22.0,213.0,65.0,5,8,6,246.0,43.0,5.0,23.0
195,F1,09/01/16,Reims,Toulouse,196.0,77.0,5,13,8,246.0,42.0,4.0,19.0,217.0,79.0,3,8,8,265.0,38.0,9.0,21.0
196,F1,09/01/16,Rennes,Lorient,209.0,75.0,6,14,4,262.0,39.0,2.0,25.0,219.0,80.0,6,8,5,233.0,31.0,5.0,27.0
197,F1,10/01/16,Lille,Nice,253.0,71.0,5,12,5,311.0,46.0,4.0,15.0,195.0,87.0,8,5,6,229.0,35.0,5.0,32.0
198,F1,10/01/16,Marseille,Guingamp,251.0,97.0,6,14,6,255.0,40.0,4.0,28.0,220.0,76.0,5,4,10,280.0,41.0,3.0,17.0
199,F1,10/01/16,Nantes,St Etienne,208.0,59.0,6,13,7,313.0,42.0,4.0,14.0,231.0,72.0,9,2,8,289.0,35.0,2.0,22.0
200,F1,15/01/16,Nice,Angers,204.0,90.0,8,12,6,250.0,38.0,5.0,33.0,212.0,74.0,9,7,4,272.0,33.0,2.0,19.0
201,F1,16/01/16,Ajaccio GFCO,Reims,222.0,68.0,6,15,7,297.0,53.0,3.0,22.0,204.0,80.0,5,6,9,264.0,44.0,5.0,20.0
202,F1,16/01/16,Bastia,Montpellier,159.0,53.0,6,10,10,263.0,41.0,4.0,20.0,206.0,78.0,6,4,10,251.0,40.0,0.0,22.0
203,F1,16/01/16,Bordeaux,Lille,226.0,68.0,6,13,6,257.0,44.0,5.0,24.0,263.0,74.0,5,10,5,331.0,49.0,4.0,16.0
204,F1,16/01/16,Guingamp,Nantes,227.0,77.0,5,14,10,295.0,42.0,3.0,17.0,226.0,65.0,7,6,7,331.0,43.0,4.0,16.0
205,F1,16/01/16,Toulouse,Paris SG,225.0,82.0,4,16,8,280.0,42.0,9.0,24.0,299.0,128.0,17,3,0,221.0,25.0,1.0,50.0
206,F1,16/01/16,Troyes,Rennes,239.0,71.0,0,15,12,242.0,36.0,5.0,11.0,221.0,79.0,6,10,4,270.0,39.0,2.0,27.0
207,F1,17/01/16,Caen,Marseille,250.0,94.0,9,11,8,241.0,29.0,4.0,21.0,266.0,100.0,6,8,6,273.0,42.0,4.0,28.0
208,F1,17/01/16,Lorient,Monaco,225.0,82.0,6,14,5,244.0,32.0,5.0,29.0,233.0,87.0,8,9,3,294.0,44.0,1.0,27.0
209,F1,17/01/16,St Etienne,Lyon,241.0,74.0,9,12,9,303.0,38.0,2.0,23.0,300.0,99.0,8,5,7,256.0,30.0,0.0,27.0
210,F1,22/01/16,Rennes,Ajaccio GFCO,240.0,92.0,7,16,4,277.0,40.0,2.0,31.0,240.0,72.0,6,8,7,310.0,55.0,3.0,24.0
211,F1,23/01/16,Guingamp,Bastia,235.0,81.0,5,15,10,305.0,46.0,4.0,19.0,161.0,54.0,7,4,10,284.0,44.0,5.0,21.0
212,F1,23/01/16,Lille,Troyes,273.0,81.0,5,14,6,348.0,50.0,4.0,16.0,251.0,76.0,0,8,13,249.0,39.0,5.0,13.0
213,F1,23/01/16,Montpellier,Caen,213.0,79.0,6,10,11,262.0,41.0,1.0,22.0,257.0,97.0,9,3,9,257.0,31.0,4.0,22.0
214,F1,23/01/16,Nantes,Bordeaux,234.0,66.0,7,14,7,345.0,44.0,4.0,18.0,240.0,71.0,7,8,6,274.0,46.0,5.0,25.0
215,F1,23/01/16,Nice,Lorient,215.0,95.0,9,12,6,259.0,40.0,5.0,35.0,233.0,84.0,6,9,6,258.0,34.0,5.0,29.0
216,F1,23/01/16,Paris SG,Angers,311.0,132.0,18,13,0,230.0,25.0,1.0,51.0,221.0,78.0,9,7,5,289.0,36.0,2.0,20.0
217,F1,24/01/16,Lyon,Marseille,318.0,104.0,8,13,8,269.0,31.0,0.0,27.0,281.0,109.0,7,8,6,285.0,43.0,4.0,31.0
218,F1,24/01/16,Monaco,Toulouse,239.0,91.0,9,16,3,306.0,45.0,1.0,29.0,234.0,85.0,4,8,9,289.0,43.0,9.0,24.0
219,F1,24/01/16,Reims,St Etienne,214.0,86.0,5,14,9,272.0,44.0,5.0,22.0,250.0,76.0,10,2,9,328.0,41.0,2.0,24.0
220,F1,29/01/16,Marseille,Lille,288.0,113.0,7,17,6,305.0,45.0,4.0,32.0,293.0,86.0,5,10,7,359.0,52.0,4.0,17.0
221,F1,30/01/16,Ajaccio GFCO,Montpellier,248.0,74.0,6,17,8,325.0,58.0,3.0,24.0,228.0,81.0,6,4,12,269.0,43.0,1.0,23.0
222,F1,30/01/16,Angers,Monaco,232.0,82.0,9,17,6,300.0,37.0,2.0,21.0,253.0,96.0,10,9,3,327.0,49.0,1.0,33.0
223,F1,30/01/16,Bastia,Lyon,165.0,55.0,7,11,11,301.0,45.0,7.0,21.0,340.0,113.0,8,6,8,286.0,33.0,0.0,28.0
224,F1,30/01/16,Lorient,Reims,245.0,88.0,6,15,7,273.0,36.0,5.0,30.0,226.0,89.0,5,8,9,288.0,46.0,5.0,23.0
225,F1,30/01/16,Toulouse,Guingamp,243.0,88.0,4,17,10,305.0,44.0,9.0,24.0,251.0,84.0,6,6,10,311.0,47.0,4.0,20.0
226,F1,30/01/16,Troyes,Nantes,258.0,80.0,1,16,13,254.0,40.0,5.0,16.0,242.0,68.0,7,8,7,362.0,46.0,4.0,20.0
227,F1,31/01/16,Bordeaux,Rennes,248.0,76.0,7,14,6,286.0,50.0,5.0,27.0,250.0,95.0,8,10,4,286.0,43.0,2.0,32.0
228,F1,31/01/16,Caen,Nice,267.0,101.0,10,12,9,269.0,32.0,4.0,24.0,223.0,97.0,10,6,6,276.0,41.0,5.0,37.0
229,F1,31/01/16,St Etienne,Paris SG,255.0,77.0,10,13,9,346.0,43.0,2.0,25.0,327.0,142.0,19,3,0,238.0,25.0,1.0,56.0
230,F1,02/02/16,Monaco,Bastia,262.0,100.0,10,17,4,337.0,52.0,1.0,33.0,172.0,58.0,8,4,11,314.0,48.0,8.0,22.0
231,F1,02/02/16,Montpellier,Marseille,236.0,85.0,7,11,12,279.0,46.0,1.0,27.0,304.0,116.0,7,10,6,317.0,46.0,5.0,33.0
232,F1,03/02/16,Guingamp,Troyes,258.0,87.0,7,16,10,329.0,51.0,4.0,22.0,271.0,85.0,1,8,14,266.0,41.0,5.0,16.0
233,F1,03/02/16,Lille,Caen,305.0,90.0,5,15,7,380.0,53.0,4.0,18.0,276.0,106.0,11,3,9,281.0,33.0,4.0,26.0
234,F1,03/02/16,Lyon,Bordeaux,349.0,115.0,8,15,9,304.0,35.0,0.0,28.0,269.0,83.0,8,9,6,294.0,52.0,5.0,31.0
235,F1,03/02/16,Nantes,Ajaccio GFCO,252.0,71.0,8,16,7,378.0,49.0,4.0,21.0,264.0,77.0,6,8,9,339.0,61.0,3.0,24.0
236,F1,03/02/16,Nice,Toulouse,238.0,103.0,10,13,7,290.0,43.0,5.0,37.0,257.0,94.0,4,8,11,322.0,45.0,10.0,25.0
237,F1,03/02/16,Paris SG,Lorient,339.0,147.0,20,14,0,249.0,27.0,1.0,58.0,253.0,92.0,7,9,7,288.0,39.0,5.0,32.0
238,F1,03/02/16,Reims,Angers,238.0,92.0,5,16,10,302.0,48.0,5.0,23.0,251.0,92.0,10,7,6,316.0,39.0,2.0,24.0
239,F1,04/02/16,Rennes,St Etienne,258.0,98.0,8,17,5,297.0,44.0,2.0,32.0,267.0,80.0,10,3,10,369.0,47.0,2.0,25.0
240,F1,06/02/16,Ajaccio GFCO,Guingamp,268.0,79.0,6,18,10,357.0,62.0,4.0,25.0,270.0,92.0,8,6,10,340.0,52.0,4.0,26.0
241,F1,06/02/16,Angers,Lyon,262.0,97.0,10,18,7,331.0,42.0,3.0,25.0,366.0,120.0,9,6,9,313.0,37.0,0.0,31.0
242,F1,06/02/16,Bastia,Troyes,183.0,61.0,8,12,12,324.0,49.0,8.0,22.0,286.0,89.0,1,8,15,278.0,44.0,5.0,16.0
243,F1,06/02/16,Caen,Reims,286.0,108.0,11,13,10,296.0,34.0,5.0,26.0,251.0,96.0,6,8,10,312.0,48.0,5.0,25.0
244,F1,06/02/16,Lorient,Montpellier,264.0,96.0,7,16,8,299.0,40.0,5.0,33.0,247.0,88.0,7,4,13,297.0,48.0,1.0,27.0
245,F1,06/02/16,Monaco,Nice,270.0,104.0,11,17,4,349.0,54.0,1.0,35.0,248.0,105.0,11,6,7,300.0,44.0,5.0,38.0
246,F1,06/02/16,Toulouse,Nantes,264.0,95.0,4,18,12,331.0,46.0,10.0,25.0,268.0,79.0,9,8,7,394.0,50.0,4.0,24.0
247,F1,07/02/16,Bordeaux,St Etienne,281.0,87.0,8,15,7,306.0,56.0,5.0,31.0,280.0,84.0,11,3,10,385.0,49.0,2.0,26.0
248,F1,07/02/16,Lille,Rennes,317.0,96.0,6,15,7,398.0,53.0,4.0,19.0,263.0,98.0,8,10,6,306.0,46.0,2.0,32.0
249,F1,07/02/16,Marseille,Paris SG,308.0,117.0,8,19,6,330.0,49.0,6.0,34.0,355.0,154.0,21,3,0,258.0,28.0,1.0,61.0
250,F1,12/02/16,Rennes,Angers,273.0,101.0,8,18,6,318.0,50.0,2.0,33.0,267.0,97.0,10,7,8,340.0,43.0,4.0,25.0
251,F1,13/02/16,Ajaccio GFCO,Troyes,285.0,81.0,6,19,10,371.0,63.0,4.0,25.0,297.0,90.0,1,8,16,290.0,46.0,7.0,16.0
252,F1,13/02/16,Guingamp,Bordeaux,273.0,92.0,8,17,10,348.0,52.0,5.0,26.0,291.0,90.0,8,9,8,325.0,60.0,6.0,32.0
253,F1,13/02/16,Montpellier,Toulouse,258.0,93.0,7,12,13,305.0,49.0,1.0,28.0,273.0,97.0,4,9,12,346.0,48.0,10.0,25.0
254,F1,13/02/16,Nantes,Lorient,283.0,86.0,9,17,7,415.0,54.0,4.0,24.0,270.0,100.0,7,10,8,309.0,41.0,6.0,34.0
255,F1,13/02/16,Paris SG,Lille,366.0,157.0,22,15,0,268.0,29.0,1.0,63.0,334.0,102.0,6,12,7,410.0,54.0,5.0,20.0
256,F1,13/02/16,Reims,Bastia,263.0,101.0,7,17,10,325.0,50.0,5.0,27.0,194.0,66.0,9,4,12,332.0,49.0,9.0,24.0
257,F1,14/02/16,Lyon,Caen,374.0,123.0,10,16,9,329.0,39.0,0.0,34.0,298.0,112.0,11,3,11,309.0,37.0,5.0,26.0
258,F1,14/02/16,Nice,Marseille,260.0,108.0,11,14,8,314.0,50.0,5.0,38.0,326.0,124.0,8,10,7,337.0,49.0,6.0,35.0
259,F1,14/02/16,St Etienne,Monaco,294.0,92.0,12,15,10,404.0,50.0,2.0,30.0,278.0,108.0,12,9,4,363.0,58.0,2.0,36.0
260,F1,19/02/16,Bordeaux,Nice,304.0,97.0,9,16,8,334.0,60.0,6.0,36.0,269.0,111.0,11,7,8,328.0,51.0,5.0,39.0
261,F1,20/02/16,Angers,Montpellier,276.0,97.0,10,19,9,358.0,44.0,4.0,25.0,265.0,95.0,8,5,13,319.0,49.0,1.0,30.0
262,F1,20/02/16,Lorient,Guingamp,274.0,101.0,7,18,9,323.0,44.0,7.0,35.0,283.0,94.0,8,7,11,366.0,53.0,5.0,28.0
263,F1,20/02/16,Monaco,Troyes,286.0,110.0,12,18,4,374.0,59.0,2.0,37.0,303.0,93.0,2,8,16,300.0,49.0,7.0,19.0
264,F1,20/02/16,Paris SG,Reims,378.0,161.0,22,16,0,281.0,31.0,1.0,63.0,276.0,106.0,7,8,11,350.0,55.0,5.0,27.0
265,F1,20/02/16,Toulouse,Ajaccio GFCO,282.0,100.0,4,20,13,359.0,50.0,10.0,25.0,303.0,87.0,6,9,11,388.0,65.0,4.0,27.0
266,F1,21/02/16,Caen,Rennes,313.0,118.0,11,14,12,321.0,42.0,5.0,27.0,283.0,103.0,9,11,6,328.0,50.0,2.0,34.0
267,F1,21/02/16,Lille,Lyon,339.0,102.0,6,17,7,420.0,57.0,5.0,20.0,394.0,131.0,11,6,9,343.0,42.0,0.0,38.0
268,F1,21/02/16,Marseille,St Etienne,337.0,130.0,8,20,7,351.0,51.0,6.0,36.0,313.0,98.0,12,4,10,412.0,50.0,2.0,31.0
269,F1,26/02/16,Nice,Bastia,279.0,113.0,11,16,8,336.0,53.0,5.0,39.0,207.0,69.0,10,4,12,349.0,52.0,9.0,25.0
270,F1,27/02/16,Guingamp,Angers,297.0,101.0,8,18,12,372.0,54.0,5.0,31.0,289.0,101.0,10,7,10,372.0,44.0,4.0,27.0
271,F1,27/02/16,Montpellier,Lille,277.0,100.0,9,13,13,336.0,50.0,1.0,33.0,348.0,104.0,7,13,7,437.0,62.0,5.0,21.0
272,F1,27/02/16,Reims,Bordeaux,286.0,109.0,7,18,12,361.0,55.0,5.0,28.0,319.0,99.0,9,10,8,340.0,60.0,6.0,36.0
273,F1,27/02/16,Toulouse,Rennes,295.0,103.0,4,21,13,372.0,51.0,10.0,26.0,290.0,104.0,9,11,7,343.0,51.0,2.0,34.0
274,F1,27/02/16,Troyes,Lorient,317.0,100.0,2,20,17,312.0,49.0,7.0,20.0,300.0,110.0,8,10,9,338.0,48.0,7.0,39.0
275,F1,28/02/16,Lyon,Paris SG,405.0,134.0,11,17,10,363.0,45.0,2.0,38.0,393.0,167.0,23,4,0,289.0,33.0,1.0,67.0
276,F1,28/02/16,Nantes,Monaco,292.0,88.0,10,17,7,433.0,55.0,4.0,26.0,302.0,118.0,13,10,4,384.0,61.0,2.0,40.0
277,F1,28/02/16,St Etienne,Caen,328.0,99.0,12,17,10,433.0,51.0,2.0,32.0,323.0,123.0,12,3,12,334.0,43.0,5.0,28.0
278,F1,04/03/16,Caen,Monaco,339.0,129.0,13,15,12,345.0,44.0,5.0,30.0,306.0,119.0,13,11,4,399.0,62.0,2.0,40.0
279,F1,05/03/16,Angers,St Etienne,297.0,103.0,10,20,10,388.0,47.0,5.0,29.0,344.0,103.0,12,5,11,442.0,53.0,2.0,33.0
280,F1,05/03/16,Bastia,Lorient,217.0,73.0,11,14,12,368.0,57.0,9.0,27.0,319.0,117.0,9,10,9,347.0,49.0,7.0,40.0
281,F1,05/03/16,Bordeaux,Ajaccio GFCO,325.0,100.0,9,18,9,356.0,62.0,6.0,37.0,312.0,89.0,6,10,11,406.0,67.0,5.0,28.0
282,F1,05/03/16,Lille,Reims,354.0,106.0,7,18,8,456.0,65.0,5.0,21.0,301.0,116.0,8,8,12,377.0,57.0,5.0,32.0
283,F1,05/03/16,Nice,Troyes,289.0,118.0,11,16,9,351.0,56.0,6.0,39.0,329.0,106.0,2,8,18,318.0,51.0,8.0,20.0
284,F1,05/03/16,Paris SG,Montpellier,399.0,170.0,23,17,1,303.0,38.0,1.0,68.0,287.0,105.0,10,5,13,350.0,51.0,1.0,36.0
285,F1,06/03/16,Lyon,Guingamp,419.0,141.0,12,17,10,384.0,48.0,2.0,40.0,312.0,104.0,8,8,12,383.0,57.0,5.0,33.0
286,F1,06/03/16,Marseille,Toulouse,345.0,132.0,8,21,7,366.0,51.0,7.0,37.0,301.0,104.0,4,10,14,391.0,53.0,10.0,27.0
287,F1,06/03/16,Rennes,Nantes,308.0,109.0,10,20,7,352.0,51.0,2.0,36.0,306.0,92.0,10,10,7,446.0,56.0,4.0,26.0
288,F1,09/03/16,Ajaccio GFCO,Marseille,316.0,91.0,6,21,11,419.0,69.0,5.0,29.0,365.0,140.0,8,13,7,378.0,53.0,7.0,38.0
289,F1,09/03/16,Bastia,Nantes,241.0,80.0,11,15,12,383.0,60.0,9.0,27.0,317.0,98.0,10,10,8,462.0,58.0,4.0,27.0
290,F1,11/03/16,Monaco,Reims,315.0,122.0,13,20,4,412.0,66.0,2.0,42.0,310.0,121.0,8,8,13,399.0,59.0,6.0,32.0
291,F1,12/03/16,Ajaccio GFCO,Caen,333.0,97.0,6,22,11,443.0,71.0,5.0,30.0,353.0,135.0,13,4,12,356.0,45.0,5.0,32.0
292,F1,12/03/16,Bastia,Lille,246.0,81.0,11,16,12,396.0,61.0,9.0,27.0,362.0,111.0,8,13,8,471.0,67.0,5.0,23.0
293,F1,12/03/16,Guingamp,St Etienne,323.0,109.0,8,20,13,393.0,60.0,5.0,34.0,351.0,104.0,12,6,11,457.0,56.0,2.0,33.0
294,F1,12/03/16,Lorient,Marseille,321.0,118.0,9,20,9,359.0,53.0,7.0,40.0,371.0,145.0,8,14,7,395.0,55.0,7.0,39.0
295,F1,12/03/16,Montpellier,Nice,293.0,105.0,10,14,13,358.0,52.0,1.0,36.0,307.0,125.0,12,8,9,357.0,57.0,6.0,41.0
296,F1,12/03/16,Toulouse,Bordeaux,319.0,111.0,4,22,14,404.0,54.0,10.0,28.0,337.0,103.0,9,11,9,369.0,64.0,6.0,38.0
297,F1,13/03/16,Nantes,Angers,325.0,100.0,10,20,8,480.0,62.0,4.0,27.0,304.0,104.0,10,9,10,396.0,51.0,5.0,29.0
298,F1,13/03/16,Rennes,Lyon,319.0,116.0,11,20,7,362.0,52.0,3.0,40.0,435.0,150.0,13,6,10,397.0,50.0,2.0,45.0
299,F1,13/03/16,Troyes,Paris SG,339.0,110.0,2,21,19,329.0,52.0,8.0,21.0,406.0,175.0,23,5,1,314.0,38.0,1.0,68.0
300,F1,18/03/16,Marseille,Rennes,381.0,147.0,8,24,7,407.0,57.0,7.0,40.0,332.0,120.0,11,12,7,378.0,57.0,3.0,42.0
301,F1,19/03/16,Angers,Lorient,310.0,104.0,10,22,11,407.0,54.0,5.0,29.0,336.0,128.0,9,12,9,373.0,54.0,7.0,41.0
302,F1,19/03/16,Caen,Troyes,362.0,139.0,13,17,13,362.0,45.0,5.0,32.0,355.0,113.0,2,8,20,338.0,53.0,9.0,21.0
303,F1,19/03/16,Lille,Toulouse,371.0,115.0,9,19,8,482.0,70.0,5.0,25.0,339.0,122.0,5,11,14,424.0,57.0,10.0,32.0
304,F1,19/03/16,Lyon,Nantes,452.0,157.0,13,18,10,408.0,54.0,2.0,47.0,336.0,107.0,11,11,8,495.0,64.0,4.0,29.0
305,F1,19/03/16,Reims,Guingamp,319.0,125.0,8,20,13,410.0,61.0,6.0,34.0,331.0,112.0,9,8,13,403.0,60.0,5.0,36.0
306,F1,19/03/16,St Etienne,Montpellier,364.0,106.0,12,19,12,471.0,58.0,2.0,33.0,304.0,111.0,10,6,14,375.0,54.0,1.0,36.0
307,F1,20/03/16,Bordeaux,Bastia,350.0,105.0,9,20,10,388.0,67.0,7.0,38.0,256.0,82.0,11,6,13,414.0,63.0,9.0,28.0
308,F1,20/03/16,Nice,Ajaccio GFCO,317.0,128.0,13,17,9,368.0,58.0,6.0,43.0,352.0,101.0,7,12,11,453.0,71.0,5.0,31.0
309,F1,20/03/16,Paris SG,Monaco,428.0,190.0,24,19,1,321.0,38.0,1.0,77.0,327.0,129.0,13,13,4,427.0,68.0,2.0,44.0
310,F1,01/04/16,Monaco,Bordeaux,339.0,134.0,14,22,4,433.0,69.0,2.0,46.0,362.0,109.0,9,12,10,398.0,69.0,7.0,39.0
311,F1,02/04/16,Ajaccio GFCO,St Etienne,364.0,103.0,7,23,12,463.0,73.0,5.0,31.0,373.0,110.0,13,6,12,485.0,59.0,2.0,36.0
312,F1,02/04/16,Guingamp,Montpellier,333.0,114.0,10,21,13,413.0,62.0,5.0,37.0,311.0,112.0,10,6,15,388.0,57.0,1.0,36.0
313,F1,02/04/16,Paris SG,Nice,451.0,194.0,24,19,2,328.0,39.0,1.0,77.0,327.0,133.0,14,8,9,371.0,59.0,6.0,46.0
314,F1,02/04/16,Rennes,Reims,344.0,128.0,12,22,7,395.0,58.0,3.0,47.0,338.0,128.0,8,9,14,426.0,65.0,6.0,34.0
315,F1,02/04/16,Toulouse,Caen,349.0,125.0,5,23,15,437.0,60.0,10.0,32.0,385.0,145.0,14,4,13,377.0,46.0,5.0,34.0
316,F1,02/04/16,Troyes,Angers,359.0,115.0,2,22,21,346.0,55.0,9.0,22.0,333.0,114.0,11,9,11,419.0,55.0,5.0,34.0
317,F1,03/04/16,Bastia,Marseille,264.0,86.0,11,17,13,427.0,65.0,9.0,29.0,395.0,152.0,8,15,8,415.0,59.0,7.0,42.0
318,F1,03/04/16,Lorient,Lyon,342.0,130.0,9,22,10,390.0,58.0,7.0,42.0,460.0,161.0,14,7,10,420.0,55.0,2.0,49.0
319,F1,03/04/16,Nantes,Lille,343.0,108.0,11,21,9,509.0,66.0,4.0,29.0,377.0,117.0,10,13,8,490.0,73.0,5.0,26.0
320,F1,08/04/16,Montpellier,Lyon,323.0,116.0,10,16,15,404.0,59.0,1.0,38.0,477.0,168.0,15,7,10,434.0,55.0,2.0,52.0
321,F1,09/04/16,Angers,Ajaccio GFCO,350.0,117.0,12,23,11,433.0,56.0,5.0,35.0,381.0,108.0,7,12,13,476.0,74.0,5.0,31.0
322,F1,09/04/16,Caen,Lorient,391.0,146.0,14,18,14,397.0,47.0,5.0,34.0,350.0,132.0,9,12,11,397.0,58.0,7.0,43.0
323,F1,09/04/16,Guingamp,Paris SG,343.0,117.0,10,22,13,428.0,64.0,5.0,39.0,464.0,201.0,25,5,2,340.0,40.0,1.0,81.0
324,F1,09/04/16,Reims,Nantes,348.0,132.0,8,21,15,442.0,65.0,6.0,35.0,356.0,114.0,11,11,10,521.0,68.0,4.0,29.0
325,F1,09/04/16,St Etienne,Troyes,380.0,114.0,14,20,12,496.0,59.0,2.0,38.0,371.0,122.0,2,8,22,358.0,56.0,9.0,22.0
326,F1,09/04/16,Toulouse,Bastia,356.0,126.0,6,23,15,450.0,61.0,10.0,34.0,270.0,87.0,12,7,13,446.0,68.0,9.0,31.0
327,F1,10/04/16,Lille,Monaco,388.0,124.0,11,20,8,501.0,74.0,5.0,29.0,354.0,139.0,14,13,5,451.0,70.0,2.0,47.0
328,F1,10/04/16,Marseille,Bordeaux,402.0,154.0,8,25,9,435.0,61.0,8.0,43.0,372.0,113.0,10,12,10,415.0,70.0,7.0,41.0
329,F1,10/04/16,Nice,Rennes,333.0,137.0,14,18,10,380.0,59.0,6.0,47.0,354.0,133.0,13,12,7,410.0,59.0,3.0,50.0
330,F1,15/04/16,Lyon,Nice,491.0,176.0,16,20,10,443.0,57.0,2.0,54.0,345.0,145.0,15,8,10,387.0,59.0,6.0,50.0
331,F1,16/04/16,Ajaccio GFCO,Lille,383.0,109.0,7,24,13,502.0,79.0,5.0,31.0,396.0,128.0,12,13,8,513.0,75.0,6.0,33.0
332,F1,16/04/16,Bastia,St Etienne,274.0,88.0,12,18,14,462.0,68.0,10.0,31.0,396.0,121.0,15,6,12,509.0,61.0,2.0,39.0
333,F1,16/04/16,Bordeaux,Angers,381.0,116.0,10,23,10,426.0,72.0,7.0,41.0,357.0,118.0,12,10,11,442.0,57.0,5.0,35.0
334,F1,16/04/16,Lorient,Toulouse,367.0,139.0,10,23,11,407.0,58.0,7.0,45.0,367.0,133.0,7,11,15,464.0,62.0,10.0,38.0
335,F1,16/04/16,Paris SG,Caen,477.0,207.0,26,20,2,350.0,40.0,1.0,83.0,409.0,150.0,14,4,15,407.0,48.0,5.0,35.0
336,F1,16/04/16,Troyes,Reims,380.0,123.0,2,23,23,370.0,58.0,9.0,22.0,358.0,136.0,9,9,15,452.0,67.0,6.0,37.0
337,F1,17/04/16,Monaco,Marseille,361.0,143.0,14,23,6,465.0,72.0,3.0,48.0,409.0,158.0,8,16,9,448.0,63.0,8.0,43.0
338,F1,17/04/16,Nantes,Montpellier,370.0,119.0,11,22,11,535.0,71.0,5.0,30.0,330.0,118.0,10,7,16,419.0,60.0,1.0,38.0
339,F1,17/04/16,Rennes,Guingamp,362.0,136.0,13,23,8,421.0,59.0,3.0,50.0,351.0,119.0,10,9,14,445.0,65.0,5.0,39.0
340,F1,22/04/16,Nice,Reims,351.0,147.0,15,19,10,407.0,61.0,6.0,51.0,373.0,140.0,9,9,16,462.0,70.0,6.0,38.0
341,F1,23/04/16,Toulouse,Lyon,378.0,135.0,7,24,15,479.0,64.0,10.0,39.0,505.0,179.0,16,8,10,459.0,59.0,3.0,55.0
342,F1,24/04/16,Ajaccio GFCO,Bastia,396.0,113.0,7,24,14,516.0,81.0,6.0,33.0,290.0,90.0,12,7,15,473.0,71.0,10.0,31.0
343,F1,24/04/16,Guingamp,Caen,363.0,126.0,11,23,14,451.0,67.0,5.0,42.0,424.0,158.0,14,4,16,415.0,48.0,5.0,35.0
344,F1,24/04/16,Marseille,Nantes,416.0,160.0,8,27,10,462.0,63.0,8.0,44.0,379.0,119.0,11,11,12,549.0,72.0,5.0,30.0
345,F1,24/04/16,Montpellier,Troyes,341.0,123.0,11,17,16,433.0,62.0,1.0,40.0,401.0,135.0,3,8,23,388.0,60.0,9.0,24.0
346,F1,24/04/16,Rennes,Monaco,371.0,139.0,13,23,9,433.0,62.0,3.0,50.0,375.0,147.0,15,13,6,481.0,73.0,3.0,50.0
347,F1,24/04/16,St Etienne,Lorient,405.0,125.0,16,21,12,525.0,63.0,2.0,40.0,378.0,143.0,10,13,11,423.0,59.0,7.0,46.0
348,F1,27/04/16,Lille,Angers,409.0,133.0,13,21,8,522.0,77.0,6.0,37.0,361.0,122.0,13,10,11,457.0,59.0,6.0,38.0
349,F1,29/04/16,Paris SG,Rennes,499.0,217.0,27,20,2,361.0,40.0,1.0,89.0,382.0,142.0,13,13,9,445.0,63.0,3.0,51.0
350,F1,30/04/16,Caen,Bastia,436.0,163.0,14,20,16,429.0,48.0,6.0,36.0,307.0,97.0,12,7,16,486.0,73.0,10.0,33.0
351,F1,30/04/16,Lorient,Lille,387.0,144.0,10,25,12,432.0,60.0,7.0,46.0,421.0,136.0,13,14,8,534.0,78.0,6.0,37.0
352,F1,30/04/16,Lyon,Ajaccio GFCO,516.0,182.0,17,22,10,477.0,62.0,3.0,58.0,404.0,118.0,8,13,14,537.0,85.0,6.0,36.0
353,F1,30/04/16,Monaco,Guingamp,385.0,153.0,15,24,6,500.0,76.0,3.0,51.0,374.0,128.0,11,10,14,462.0,68.0,6.0,43.0
354,F1,30/04/16,Nantes,Nice,386.0,122.0,11,23,12,572.0,75.0,5.0,31.0,361.0,152.0,16,9,10,418.0,62.0,6.0,53.0
355,F1,30/04/16,Reims,Montpellier,383.0,144.0,9,23,17,476.0,73.0,6.0,38.0,356.0,130.0,12,7,16,440.0,62.0,2.0,44.0
356,F1,30/04/16,St Etienne,Toulouse,417.0,130.0,17,21,12,539.0,65.0,2.0,42.0,387.0,140.0,7,12,16,492.0,66.0,10.0,41.0
357,F1,30/04/16,Troyes,Bordeaux,418.0,142.0,3,24,24,394.0,62.0,9.0,25.0,397.0,120.0,10,13,11,440.0,74.0,7.0,42.0
358,F1,01/05/16,Angers,Marseille,368.0,126.0,13,26,11,475.0,63.0,6.0,38.0,423.0,163.0,8,17,10,476.0,64.0,9.0,45.0
359,F1,07/05/16,Ajaccio GFCO,Paris SG,409.0,120.0,8,25,15,557.0,87.0,6.0,37.0,526.0,229.0,28,5,2,367.0,41.0,1.0,93.0
360,F1,07/05/16,Bastia,Angers,314.0,99.0,12,20,16,499.0,76.0,10.0,33.0,380.0,127.0,13,11,12,489.0,65.0,6.0,38.0
361,F1,07/05/16,Bordeaux,Lorient,410.0,129.0,11,24,11,449.0,75.0,7.0,46.0,400.0,147.0,10,13,13,445.0,61.0,7.0,46.0
362,F1,07/05/16,Lille,Guingamp,435.0,141.0,14,23,8,548.0,80.0,6.0,38.0,382.0,132.0,11,10,15,477.0,69.0,6.0,45.0
363,F1,07/05/16,Lyon,Monaco,522.0,184.0,18,22,10,488.0,63.0,3.0,60.0,401.0,161.0,16,14,6,514.0,78.0,3.0,54.0
364,F1,07/05/16,Marseille,Reims,435.0,167.0,9,29,10,489.0,68.0,9.0,46.0,398.0,151.0,9,9,18,488.0,75.0,6.0,40.0
365,F1,07/05/16,Montpellier,Rennes,366.0,135.0,13,18,16,452.0,63.0,2.0,47.0,391.0,144.0,13,13,10,453.0,64.0,3.0,51.0
366,F1,07/05/16,Nantes,Caen,404.0,126.0,12,23,12,581.0,76.0,5.0,32.0,450.0,168.0,14,6,16,438.0,49.0,6.0,36.0
367,F1,07/05/16,Nice,St Etienne,366.0,154.0,16,20,11,430.0,63.0,6.0,53.0,426.0,130.0,17,7,12,560.0,67.0,3.0,42.0
368,F1,07/05/16,Toulouse,Troyes,396.0,147.0,7,25,16,509.0,68.0,10.0,41.0,436.0,149.0,3,8,25,405.0,66.0,9.0,27.0
369,F1,11/05/16,Bordeaux,Paris SG,421.0,136.0,12,24,11,465.0,75.0,7.0,49.0,535.0,235.0,29,5,2,378.0,42.0,1.0,97.0
370,F1,14/05/16,Angers,Toulouse,391.0,129.0,13,27,13,504.0,66.0,6.0,38.0,410.0,151.0,8,13,16,519.0,70.0,10.0,42.0
371,F1,14/05/16,Caen,Bordeaux,459.0,171.0,15,22,16,448.0,51.0,6.0,38.0,429.0,139.0,12,14,11,476.0,76.0,7.0,50.0
372,F1,14/05/16,Guingamp,Nice,384.0,132.0,11,26,15,499.0,73.0,6.0,45.0,377.0,158.0,17,9,11,441.0,65.0,6.0,55.0
373,F1,14/05/16,Lorient,Ajaccio GFCO,410.0,149.0,10,26,14,454.0,62.0,7.0,46.0,416.0,121.0,8,13,16,566.0,88.0,6.0,37.0
374,F1,14/05/16,Monaco,Montpellier,412.0,162.0,16,25,7,529.0,81.0,4.0,55.0,383.0,140.0,14,7,16,461.0,63.0,2.0,49.0
375,F1,14/05/16,Paris SG,Nantes,544.0,237.0,29,22,2,385.0,44.0,1.0,98.0,419.0,131.0,12,12,13,590.0,78.0,5.0,33.0
376,F1,14/05/16,Reims,Lyon,412.0,153.0,9,24,19,497.0,76.0,6.0,40.0,545.0,199.0,19,8,10,497.0,63.0,3.0,66.0
377,F1,14/05/16,Rennes,Bastia,401.0,146.0,13,26,11,458.0,64.0,3.0,51.0,323.0,105.0,13,8,16,515.0,77.0,10.0,34.0
378,F1,14/05/16,St Etienne,Lille,428.0,131.0,17,23,13,574.0,70.0,5.0,42.0,463.0,148.0,14,15,8,563.0,81.0,6.0,38.0
379,F1,14/05/16,Troyes,Marseille,439.0,150.0,3,25,26,426.0,69.0,9.0,27.0,456.0,175.0,10,17,10,504.0,70.0,9.0,47.0
380,,,,,0.0,0.0,0,0,0,0.0,0.0,0.0,0.0,0.0,0.0,0,0,0,0.0,0.0,0.0,0.0
