,Div,Date,HomeTeam,AwayTeam,FTHG,FTAG,FTR,HTHG,HTAG,HTR,HS,AS,HST,AST,HF,AF,HC,AC,HY,AY,HR,AR
0,F1,12/08/16,Bastia,Paris SG,0,1,0.0,0.0,0.0,1.0,10.0,9.0,0.0,6.0,15.0,16.0,2.0,6.0,3.0,3.0,0.0,0.0
1,F1,12/08/16,Monaco,Guingamp,2,2,1.0,0.0,2.0,0.0,18.0,9.0,4.0,5.0,14.0,15.0,8.0,2.0,3.0,4.0,0.0,0.0
2,F1,13/08/16,Bordeaux,St Etienne,3,2,2.0,1.0,0.0,2.0,10.0,14.0,6.0,5.0,9.0,20.0,3.0,6.0,1.0,2.0,0.0,0.0
3,F1,13/08/16,Caen,Lorient,3,2,2.0,2.0,2.0,1.0,15.0,8.0,6.0,2.0,13.0,9.0,10.0,2.0,1.0,2.0,0.0,1.0
4,F1,13/08/16,Dijon,Nantes,0,1,0.0,0.0,0.0,1.0,6.0,10.0,2.0,3.0,6.0,11.0,3.0,4.0,0.0,2.0,0.0,0.0
5,F1,13/08/16,Metz,Lille,3,2,2.0,0.0,1.0,0.0,7.0,13.0,3.0,4.0,13.0,9.0,4.0,5.0,2.0,2.0,0.0,0.0
6,F1,13/08/16,Montpellier,Angers,1,0,2.0,1.0,0.0,2.0,14.0,12.0,3.0,2.0,9.0,12.0,7.0,2.0,1.0,2.0,0.0,0.0
7,F1,14/08/16,Marseille,Toulouse,0,0,1.0,0.0,0.0,1.0,10.0,6.0,2.0,2.0,14.0,12.0,9.0,6.0,3.0,1.0,0.0,0.0
8,F1,14/08/16,Nancy,Lyon,0,3,0.0,0.0,2.0,0.0,11.0,9.0,1.0,7.0,18.0,14.0,4.0,4.0,4.0,2.0,0.0,0.0
9,F1,14/08/16,Nice,Rennes,1,0,2.0,0.0,0.0,1.0,7.0,19.0,1.0,4.0,12.0,9.0,4.0,8.0,0.0,1.0,0.0,0.0
10,F1,19/08/16,Lyon,Caen,2,0,2.0,1.0,0.0,2.0,21.0,7.0,7.0,1.0,17.0,14.0,13.0,3.0,3.0,4.0,0.0,0.0
11,F1,20/08/16,Angers,Nice,0,1,0.0,0.0,1.0,0.0,21.0,14.0,6.0,8.0,11.0,10.0,10.0,3.0,1.0,2.0,0.0,0.0
12,F1,20/08/16,Lille,Dijon,1,0,2.0,0.0,0.0,1.0,10.0,7.0,3.0,2.0,12.0,15.0,6.0,5.0,1.0,2.0,0.0,0.0
13,F1,20/08/16,Lorient,Bastia,0,3,0.0,0.0,2.0,0.0,10.0,16.0,3.0,7.0,15.0,11.0,2.0,5.0,2.0,4.0,2.0,0.0
14,F1,20/08/16,Nantes,Monaco,0,1,0.0,0.0,1.0,0.0,8.0,8.0,2.0,3.0,15.0,18.0,10.0,3.0,2.0,4.0,0.0,0.0
15,F1,20/08/16,Rennes,Nancy,2,0,2.0,1.0,0.0,2.0,9.0,8.0,3.0,1.0,11.0,8.0,3.0,7.0,4.0,2.0,0.0,0.0
16,F1,20/08/16,Toulouse,Bordeaux,4,1,2.0,2.0,0.0,2.0,11.0,9.0,5.0,2.0,19.0,14.0,3.0,6.0,1.0,3.0,0.0,1.0
17,F1,21/08/16,Guingamp,Marseille,2,1,2.0,1.0,0.0,2.0,14.0,8.0,4.0,3.0,9.0,15.0,4.0,6.0,0.0,1.0,0.0,0.0
18,F1,21/08/16,Paris SG,Metz,3,0,2.0,0.0,0.0,1.0,29.0,11.0,8.0,6.0,10.0,6.0,15.0,2.0,1.0,1.0,0.0,0.0
19,F1,21/08/16,St Etienne,Montpellier,3,1,2.0,0.0,1.0,0.0,14.0,13.0,5.0,3.0,9.0,12.0,4.0,6.0,1.0,1.0,0.0,0.0
20,F1,26/08/16,Marseille,Lorient,2,0,2.0,1.0,0.0,2.0,13.0,10.0,8.0,5.0,15.0,11.0,3.0,4.0,1.0,1.0,0.0,0.0
21,F1,27/08/16,Caen,Bastia,2,0,2.0,0.0,0.0,1.0,17.0,5.0,4.0,1.0,15.0,20.0,5.0,2.0,1.0,5.0,0.0,0.0
22,F1,27/08/16,Dijon,Lyon,4,2,2.0,2.0,2.0,1.0,8.0,25.0,5.0,9.0,11.0,9.0,2.0,10.0,2.0,2.0,0.0,0.0
23,F1,27/08/16,Metz,Angers,2,0,2.0,1.0,0.0,2.0,7.0,23.0,2.0,7.0,9.0,11.0,5.0,9.0,2.0,2.0,0.0,0.0
24,F1,27/08/16,Montpellier,Rennes,1,1,1.0,1.0,0.0,2.0,11.0,12.0,5.0,2.0,13.0,16.0,4.0,4.0,1.0,2.0,0.0,0.0
25,F1,27/08/16,Nancy,Guingamp,0,2,0.0,0.0,0.0,1.0,19.0,14.0,3.0,6.0,9.0,10.0,5.0,3.0,2.0,1.0,0.0,0.0
26,F1,27/08/16,Nice,Lille,1,1,1.0,1.0,1.0,1.0,13.0,8.0,6.0,3.0,13.0,13.0,4.0,6.0,2.0,2.0,0.0,0.0
27,F1,28/08/16,Bordeaux,Nantes,1,0,2.0,1.0,0.0,2.0,9.0,16.0,7.0,6.0,16.0,16.0,4.0,8.0,2.0,1.0,0.0,0.0
28,F1,28/08/16,Monaco,Paris SG,3,1,2.0,2.0,0.0,2.0,9.0,6.0,2.0,2.0,9.0,10.0,2.0,7.0,1.0,2.0,0.0,0.0
29,F1,28/08/16,St Etienne,Toulouse,0,0,1.0,0.0,0.0,1.0,16.0,9.0,3.0,2.0,9.0,16.0,7.0,4.0,2.0,1.0,0.0,0.0
30,F1,09/09/16,Paris SG,St Etienne,1,1,1.0,0.0,0.0,1.0,15.0,5.0,4.0,2.0,11.0,13.0,4.0,1.0,2.0,4.0,0.0,0.0
31,F1,10/09/16,Angers,Dijon,3,1,2.0,1.0,1.0,1.0,13.0,7.0,7.0,2.0,13.0,9.0,6.0,1.0,1.0,2.0,1.0,1.0
32,F1,10/09/16,Bastia,Toulouse,2,1,2.0,1.0,0.0,2.0,5.0,8.0,4.0,3.0,15.0,21.0,5.0,1.0,4.0,4.0,0.0,0.0
33,F1,10/09/16,Guingamp,Montpellier,1,1,1.0,1.0,1.0,1.0,12.0,5.0,4.0,2.0,14.0,14.0,7.0,3.0,1.0,1.0,0.0,0.0
34,F1,10/09/16,Lille,Monaco,1,4,0.0,0.0,2.0,0.0,6.0,9.0,3.0,6.0,19.0,13.0,8.0,1.0,3.0,1.0,0.0,0.0
35,F1,10/09/16,Lorient,Nancy,0,2,0.0,0.0,1.0,0.0,9.0,7.0,2.0,3.0,11.0,20.0,8.0,3.0,0.0,5.0,0.0,0.0
36,F1,10/09/16,Lyon,Bordeaux,1,3,0.0,1.0,1.0,1.0,11.0,10.0,4.0,6.0,14.0,7.0,4.0,4.0,2.0,1.0,1.0,0.0
37,F1,11/09/16,Nantes,Metz,0,3,0.0,0.0,2.0,0.0,13.0,10.0,3.0,4.0,8.0,19.0,8.0,3.0,1.0,4.0,0.0,0.0
38,F1,11/09/16,Nice,Marseille,3,2,2.0,1.0,1.0,1.0,18.0,14.0,7.0,5.0,10.0,15.0,6.0,3.0,2.0,3.0,0.0,0.0
39,F1,11/09/16,Rennes,Caen,2,0,2.0,0.0,0.0,1.0,5.0,8.0,4.0,4.0,12.0,7.0,2.0,8.0,2.0,1.0,0.0,0.0
40,F1,16/09/16,Caen,Paris SG,0,6,0.0,0.0,4.0,0.0,13.0,21.0,1.0,7.0,9.0,10.0,4.0,3.0,1.0,1.0,0.0,0.0
41,F1,17/09/16,Bordeaux,Angers,0,1,0.0,0.0,1.0,0.0,10.0,5.0,4.0,5.0,9.0,17.0,3.0,5.0,0.0,4.0,1.0,0.0
42,F1,17/09/16,Dijon,Metz,0,0,1.0,0.0,0.0,1.0,16.0,7.0,6.0,3.0,15.0,18.0,8.0,3.0,4.0,3.0,0.0,1.0
43,F1,17/09/16,Lorient,Lille,1,0,2.0,0.0,0.0,1.0,9.0,10.0,4.0,0.0,12.0,10.0,4.0,2.0,2.0,2.0,0.0,0.0
44,F1,17/09/16,Monaco,Rennes,3,0,2.0,1.0,0.0,2.0,17.0,5.0,7.0,3.0,13.0,10.0,3.0,4.0,1.0,1.0,0.0,0.0
45,F1,17/09/16,Nancy,Nantes,1,1,1.0,0.0,0.0,1.0,9.0,14.0,2.0,5.0,10.0,18.0,2.0,2.0,0.0,0.0,0.0,0.0
46,F1,17/09/16,Toulouse,Guingamp,2,1,2.0,0.0,0.0,1.0,13.0,5.0,5.0,3.0,18.0,11.0,8.0,1.0,4.0,3.0,0.0,1.0
47,F1,18/09/16,Marseille,Lyon,0,0,1.0,0.0,0.0,1.0,13.0,14.0,2.0,1.0,16.0,12.0,6.0,1.0,3.0,2.0,0.0,0.0
48,F1,18/09/16,Montpellier,Nice,1,1,1.0,0.0,0.0,1.0,15.0,9.0,5.0,4.0,18.0,12.0,6.0,3.0,1.0,1.0,0.0,0.0
49,F1,18/09/16,St Etienne,Bastia,1,0,2.0,0.0,0.0,1.0,13.0,9.0,3.0,3.0,19.0,11.0,4.0,4.0,2.0,4.0,0.0,0.0
50,F1,20/09/16,Lille,Toulouse,1,2,0.0,1.0,1.0,1.0,19.0,7.0,5.0,2.0,13.0,21.0,5.0,3.0,2.0,5.0,0.0,0.0
51,F1,20/09/16,Paris SG,Dijon,3,0,2.0,2.0,0.0,2.0,8.0,8.0,4.0,4.0,8.0,7.0,5.0,4.0,1.0,0.0,0.0,0.0
52,F1,21/09/16,Angers,Caen,2,1,2.0,1.0,0.0,2.0,13.0,6.0,5.0,1.0,12.0,11.0,1.0,4.0,0.0,1.0,0.0,0.0
53,F1,21/09/16,Bastia,Nancy,0,0,1.0,0.0,0.0,1.0,10.0,4.0,5.0,2.0,12.0,19.0,5.0,3.0,0.0,0.0,0.0,0.0
54,F1,21/09/16,Guingamp,Lorient,1,0,2.0,0.0,0.0,1.0,8.0,13.0,4.0,3.0,10.0,14.0,4.0,7.0,1.0,2.0,0.0,0.0
55,F1,21/09/16,Lyon,Montpellier,5,1,2.0,2.0,1.0,2.0,16.0,8.0,8.0,2.0,10.0,15.0,11.0,1.0,0.0,1.0,0.0,1.0
56,F1,21/09/16,Metz,Bordeaux,0,3,0.0,0.0,1.0,0.0,12.0,20.0,4.0,7.0,16.0,4.0,1.0,6.0,2.0,0.0,0.0,0.0
57,F1,21/09/16,Nantes,St Etienne,0,0,1.0,0.0,0.0,1.0,17.0,6.0,6.0,0.0,16.0,14.0,6.0,2.0,4.0,0.0,0.0,1.0
58,F1,21/09/16,Nice,Monaco,4,0,2.0,2.0,0.0,2.0,9.0,17.0,7.0,7.0,12.0,16.0,2.0,6.0,1.0,1.0,0.0,1.0
59,F1,21/09/16,Rennes,Marseille,3,2,2.0,1.0,1.0,1.0,13.0,8.0,5.0,4.0,11.0,24.0,4.0,4.0,1.0,1.0,0.0,1.0
60,F1,23/09/16,Toulouse,Paris SG,2,0,2.0,0.0,0.0,1.0,11.0,12.0,3.0,3.0,12.0,11.0,3.0,7.0,3.0,1.0,0.0,1.0
61,F1,24/09/16,Bastia,Guingamp,1,0,2.0,0.0,0.0,1.0,11.0,3.0,6.0,3.0,17.0,17.0,5.0,1.0,1.0,1.0,1.0,1.0
62,F1,24/09/16,Bordeaux,Caen,0,0,1.0,0.0,0.0,1.0,12.0,13.0,2.0,4.0,7.0,16.0,4.0,5.0,0.0,2.0,0.0,0.0
63,F1,24/09/16,Dijon,Rennes,3,0,2.0,2.0,0.0,2.0,15.0,19.0,5.0,4.0,7.0,12.0,7.0,3.0,1.0,1.0,0.0,0.0
64,F1,24/09/16,Lorient,Lyon,1,0,2.0,0.0,0.0,1.0,11.0,18.0,2.0,8.0,13.0,8.0,3.0,8.0,2.0,1.0,0.0,0.0
65,F1,24/09/16,Monaco,Angers,2,1,2.0,0.0,0.0,1.0,13.0,11.0,4.0,4.0,10.0,9.0,12.0,7.0,1.0,1.0,0.0,0.0
66,F1,24/09/16,Montpellier,Metz,0,1,0.0,0.0,1.0,0.0,16.0,4.0,2.0,3.0,14.0,20.0,7.0,5.0,2.0,3.0,0.0,0.0
67,F1,25/09/16,Marseille,Nantes,2,1,2.0,1.0,1.0,1.0,14.0,13.0,5.0,4.0,13.0,17.0,5.0,5.0,1.0,3.0,0.0,0.0
68,F1,25/09/16,Nancy,Nice,0,1,0.0,0.0,0.0,1.0,15.0,13.0,0.0,4.0,17.0,16.0,6.0,2.0,3.0,1.0,0.0,0.0
69,F1,25/09/16,St Etienne,Lille,3,1,2.0,0.0,0.0,1.0,9.0,12.0,3.0,3.0,17.0,15.0,4.0,5.0,3.0,1.0,0.0,1.0
70,F1,30/09/16,Rennes,Guingamp,1,0,2.0,0.0,0.0,1.0,13.0,6.0,3.0,1.0,10.0,12.0,6.0,2.0,2.0,1.0,0.0,1.0
71,F1,01/10/16,Caen,Toulouse,1,0,2.0,0.0,0.0,1.0,12.0,9.0,3.0,1.0,11.0,17.0,4.0,2.0,1.0,6.0,0.0,0.0
72,F1,01/10/16,Dijon,Montpellier,3,3,1.0,1.0,2.0,0.0,8.0,15.0,6.0,6.0,12.0,12.0,5.0,4.0,2.0,2.0,0.0,0.0
73,F1,01/10/16,Lille,Nancy,1,0,2.0,0.0,0.0,1.0,14.0,5.0,4.0,3.0,14.0,12.0,8.0,4.0,2.0,3.0,0.0,0.0
74,F1,01/10/16,Metz,Monaco,0,7,0.0,0.0,3.0,0.0,14.0,14.0,2.0,9.0,14.0,12.0,7.0,4.0,2.0,1.0,1.0,0.0
75,F1,01/10/16,Nantes,Bastia,1,0,2.0,1.0,0.0,2.0,20.0,12.0,8.0,6.0,19.0,9.0,3.0,2.0,4.0,3.0,0.0,0.0
76,F1,01/10/16,Paris SG,Bordeaux,2,0,2.0,2.0,0.0,2.0,14.0,6.0,7.0,2.0,8.0,9.0,11.0,2.0,1.0,1.0,0.0,0.0
77,F1,02/10/16,Angers,Marseille,1,1,1.0,0.0,0.0,1.0,17.0,9.0,5.0,2.0,6.0,12.0,3.0,7.0,1.0,0.0,0.0,0.0
78,F1,02/10/16,Lyon,St Etienne,2,0,2.0,1.0,0.0,2.0,14.0,11.0,7.0,3.0,18.0,15.0,7.0,7.0,3.0,1.0,0.0,0.0
79,F1,02/10/16,Nice,Lorient,2,1,2.0,1.0,0.0,2.0,8.0,17.0,2.0,4.0,9.0,14.0,3.0,5.0,2.0,3.0,1.0,0.0
80,F1,14/10/16,Nice,Lyon,2,0,2.0,1.0,0.0,2.0,16.0,4.0,6.0,3.0,13.0,22.0,1.0,4.0,3.0,3.0,0.0,1.0
81,F1,14/10/16,Toulouse,Monaco,3,1,2.0,0.0,1.0,0.0,17.0,4.0,6.0,1.0,14.0,17.0,6.0,1.0,2.0,1.0,0.0,0.0
82,F1,15/10/16,Bastia,Angers,1,2,0.0,1.0,1.0,1.0,12.0,7.0,3.0,3.0,8.0,11.0,6.0,4.0,2.0,0.0,0.0,0.0
83,F1,15/10/16,Guingamp,Lille,1,0,2.0,1.0,0.0,2.0,13.0,12.0,4.0,3.0,13.0,21.0,7.0,0.0,1.0,0.0,0.0,0.0
84,F1,15/10/16,Lorient,Nantes,1,2,0.0,0.0,1.0,0.0,15.0,5.0,5.0,3.0,12.0,9.0,6.0,1.0,4.0,4.0,0.0,0.0
85,F1,15/10/16,Montpellier,Caen,3,2,2.0,1.0,1.0,1.0,11.0,12.0,7.0,5.0,13.0,6.0,5.0,2.0,0.0,0.0,1.0,0.0
86,F1,15/10/16,Nancy,Paris SG,1,2,0.0,0.0,2.0,0.0,6.0,7.0,3.0,3.0,16.0,10.0,4.0,1.0,1.0,1.0,0.0,0.0
87,F1,16/10/16,Marseille,Metz,1,0,2.0,1.0,0.0,2.0,16.0,11.0,6.0,1.0,14.0,10.0,2.0,6.0,1.0,2.0,0.0,0.0
88,F1,16/10/16,Rennes,Bordeaux,1,1,1.0,1.0,0.0,2.0,15.0,7.0,4.0,1.0,15.0,11.0,8.0,3.0,1.0,2.0,0.0,0.0
89,F1,16/10/16,St Etienne,Dijon,1,1,1.0,0.0,1.0,0.0,17.0,11.0,3.0,3.0,11.0,8.0,10.0,4.0,1.0,3.0,0.0,1.0
90,F1,21/10/16,Monaco,Montpellier,6,2,2.0,1.0,1.0,1.0,14.0,9.0,9.0,3.0,14.0,10.0,6.0,2.0,2.0,0.0,0.0,0.0
91,F1,22/10/16,Angers,Toulouse,0,0,1.0,0.0,0.0,1.0,11.0,6.0,3.0,2.0,14.0,12.0,4.0,2.0,2.0,4.0,0.0,0.0
92,F1,22/10/16,Bordeaux,Nancy,1,1,1.0,0.0,0.0,1.0,12.0,11.0,2.0,3.0,12.0,16.0,5.0,4.0,1.0,3.0,0.0,0.0
93,F1,22/10/16,Dijon,Lorient,1,0,2.0,0.0,0.0,1.0,13.0,15.0,3.0,5.0,7.0,14.0,5.0,5.0,1.0,2.0,0.0,0.0
94,F1,22/10/16,Lille,Bastia,2,1,2.0,0.0,0.0,1.0,17.0,5.0,8.0,1.0,17.0,20.0,8.0,4.0,3.0,1.0,0.0,0.0
95,F1,22/10/16,Lyon,Guingamp,1,3,0.0,1.0,0.0,2.0,18.0,6.0,6.0,5.0,13.0,20.0,9.0,5.0,1.0,3.0,0.0,0.0
96,F1,22/10/16,Nantes,Rennes,1,2,0.0,1.0,0.0,2.0,9.0,7.0,4.0,3.0,12.0,8.0,3.0,0.0,1.0,3.0,0.0,0.0
97,F1,23/10/16,Caen,St Etienne,0,2,0.0,0.0,0.0,1.0,9.0,13.0,1.0,6.0,7.0,13.0,4.0,5.0,1.0,1.0,0.0,0.0
98,F1,23/10/16,Metz,Nice,2,4,0.0,1.0,2.0,0.0,9.0,17.0,5.0,8.0,17.0,1.0,4.0,3.0,4.0,0.0,0.0,0.0
99,F1,23/10/16,Paris SG,Marseille,0,0,1.0,0.0,0.0,1.0,17.0,0.0,3.0,0.0,4.0,10.0,9.0,0.0,0.0,2.0,0.0,0.0
100,F1,28/10/16,Lille,Paris SG,0,1,0.0,0.0,0.0,1.0,10.0,17.0,1.0,7.0,21.0,17.0,2.0,4.0,2.0,1.0,0.0,0.0
101,F1,29/10/16,Bastia,Dijon,0,0,1.0,0.0,0.0,1.0,19.0,8.0,11.0,2.0,11.0,25.0,13.0,5.0,1.0,1.0,0.0,0.0
102,F1,29/10/16,Guingamp,Angers,1,0,2.0,0.0,0.0,1.0,13.0,15.0,5.0,3.0,9.0,12.0,7.0,5.0,1.0,3.0,0.0,0.0
103,F1,29/10/16,Lorient,Montpellier,2,2,1.0,2.0,1.0,2.0,17.0,8.0,3.0,4.0,13.0,9.0,5.0,5.0,2.0,1.0,0.0,0.0
104,F1,29/10/16,Nancy,Caen,2,0,2.0,2.0,0.0,2.0,11.0,14.0,3.0,5.0,17.0,10.0,4.0,3.0,3.0,3.0,0.0,0.0
105,F1,29/10/16,St Etienne,Monaco,1,1,1.0,1.0,1.0,1.0,8.0,13.0,2.0,6.0,11.0,15.0,4.0,9.0,0.0,4.0,0.0,0.0
106,F1,29/10/16,Toulouse,Lyon,1,2,0.0,1.0,1.0,1.0,12.0,7.0,1.0,3.0,16.0,16.0,3.0,2.0,2.0,2.0,0.0,1.0
107,F1,30/10/16,Marseille,Bordeaux,0,0,1.0,0.0,0.0,1.0,10.0,5.0,3.0,1.0,13.0,8.0,3.0,0.0,1.0,1.0,0.0,0.0
108,F1,30/10/16,Nice,Nantes,4,1,2.0,2.0,0.0,2.0,12.0,16.0,7.0,4.0,12.0,19.0,2.0,4.0,1.0,3.0,0.0,0.0
109,F1,30/10/16,Rennes,Metz,1,0,2.0,0.0,0.0,1.0,10.0,8.0,4.0,2.0,9.0,17.0,3.0,4.0,0.0,3.0,0.0,0.0
110,F1,04/11/16,Montpellier,Marseille,3,1,2.0,2.0,0.0,2.0,13.0,10.0,4.0,2.0,10.0,9.0,1.0,5.0,1.0,1.0,0.0,0.0
111,F1,05/11/16,Angers,Lille,1,0,2.0,0.0,0.0,1.0,9.0,6.0,1.0,1.0,14.0,12.0,2.0,3.0,0.0,0.0,0.0,0.0
112,F1,05/11/16,Bordeaux,Lorient,2,1,2.0,1.0,0.0,2.0,12.0,9.0,6.0,1.0,2.0,10.0,4.0,7.0,3.0,2.0,0.0,1.0
113,F1,05/11/16,Dijon,Guingamp,3,3,1.0,3.0,1.0,2.0,13.0,14.0,7.0,6.0,12.0,17.0,6.0,3.0,0.0,1.0,0.0,0.0
114,F1,05/11/16,Lyon,Bastia,2,1,2.0,1.0,0.0,2.0,23.0,10.0,7.0,4.0,7.0,14.0,9.0,3.0,1.0,2.0,0.0,2.0
115,F1,05/11/16,Monaco,Nancy,6,0,2.0,2.0,0.0,2.0,16.0,8.0,8.0,1.0,10.0,18.0,4.0,6.0,0.0,1.0,0.0,0.0
116,F1,05/11/16,Nantes,Toulouse,1,1,1.0,0.0,1.0,0.0,13.0,4.0,2.0,4.0,17.0,8.0,6.0,2.0,4.0,2.0,0.0,0.0
117,F1,06/11/16,Caen,Nice,1,0,2.0,1.0,0.0,2.0,12.0,4.0,7.0,1.0,11.0,18.0,4.0,4.0,2.0,3.0,0.0,0.0
118,F1,06/11/16,Metz,St Etienne,0,0,1.0,0.0,0.0,1.0,14.0,8.0,2.0,2.0,17.0,15.0,2.0,1.0,2.0,0.0,0.0,1.0
119,F1,06/11/16,Paris SG,Rennes,4,0,2.0,2.0,0.0,2.0,18.0,4.0,6.0,1.0,7.0,10.0,9.0,2.0,1.0,2.0,0.0,0.0
120,F1,18/11/16,Lille,Lyon,0,1,0.0,0.0,1.0,0.0,14.0,17.0,3.0,3.0,15.0,15.0,5.0,5.0,2.0,3.0,1.0,0.0
121,F1,18/11/16,Lorient,Monaco,0,3,0.0,0.0,0.0,1.0,15.0,11.0,3.0,6.0,15.0,12.0,2.0,4.0,0.0,1.0,0.0,0.0
122,F1,19/11/16,Bastia,Montpellier,1,1,1.0,1.0,0.0,2.0,16.0,11.0,3.0,4.0,15.0,14.0,5.0,6.0,2.0,0.0,0.0,0.0
123,F1,19/11/16,Nancy,Dijon,1,0,2.0,0.0,0.0,1.0,13.0,12.0,4.0,5.0,17.0,22.0,7.0,8.0,1.0,3.0,0.0,0.0
124,F1,19/11/16,Paris SG,Nantes,2,0,2.0,1.0,0.0,2.0,10.0,12.0,5.0,1.0,9.0,9.0,4.0,5.0,0.0,1.0,0.0,0.0
125,F1,19/11/16,Rennes,Angers,1,1,1.0,1.0,0.0,2.0,11.0,7.0,2.0,4.0,10.0,13.0,6.0,2.0,2.0,2.0,0.0,2.0
126,F1,19/11/16,Toulouse,Metz,1,2,0.0,0.0,1.0,0.0,15.0,4.0,4.0,2.0,13.0,14.0,3.0,0.0,0.0,1.0,0.0,0.0
127,F1,20/11/16,Guingamp,Bordeaux,1,1,1.0,0.0,1.0,0.0,15.0,8.0,4.0,3.0,13.0,16.0,7.0,2.0,2.0,1.0,0.0,0.0
128,F1,20/11/16,Marseille,Caen,1,0,2.0,0.0,0.0,1.0,14.0,3.0,1.0,0.0,18.0,16.0,8.0,2.0,2.0,1.0,0.0,0.0
129,F1,20/11/16,St Etienne,Nice,0,1,0.0,0.0,0.0,1.0,8.0,15.0,1.0,5.0,12.0,9.0,1.0,4.0,2.0,1.0,0.0,0.0
130,F1,25/11/16,Rennes,Toulouse,1,0,2.0,1.0,0.0,2.0,11.0,12.0,3.0,3.0,14.0,19.0,4.0,4.0,2.0,2.0,0.0,1.0
131,F1,26/11/16,Bordeaux,Dijon,3,2,2.0,0.0,1.0,0.0,14.0,9.0,6.0,6.0,14.0,14.0,6.0,4.0,0.0,2.0,0.0,0.0
132,F1,26/11/16,Caen,Guingamp,1,1,1.0,0.0,0.0,1.0,18.0,11.0,4.0,4.0,11.0,18.0,5.0,2.0,0.0,2.0,0.0,0.0
133,F1,26/11/16,Metz,Lorient,3,3,1.0,1.0,1.0,1.0,11.0,10.0,6.0,6.0,10.0,18.0,6.0,3.0,2.0,2.0,0.0,0.0
134,F1,26/11/16,Monaco,Marseille,4,0,2.0,3.0,0.0,2.0,15.0,9.0,9.0,3.0,5.0,9.0,3.0,4.0,1.0,2.0,0.0,0.0
135,F1,26/11/16,Montpellier,Nancy,0,0,1.0,0.0,0.0,1.0,12.0,5.0,4.0,2.0,5.0,16.0,5.0,0.0,2.0,3.0,1.0,0.0
136,F1,26/11/16,Nantes,Lille,0,0,1.0,0.0,0.0,1.0,8.0,9.0,1.0,3.0,22.0,11.0,4.0,3.0,1.0,2.0,0.0,0.0
137,F1,27/11/16,Angers,St Etienne,1,2,0.0,1.0,0.0,2.0,14.0,8.0,6.0,5.0,21.0,11.0,6.0,5.0,3.0,3.0,0.0,1.0
138,F1,27/11/16,Lyon,Paris SG,1,2,0.0,0.0,1.0,0.0,14.0,11.0,3.0,5.0,8.0,17.0,6.0,8.0,1.0,6.0,0.0,0.0
139,F1,27/11/16,Nice,Bastia,1,1,1.0,1.0,0.0,2.0,12.0,11.0,7.0,2.0,10.0,16.0,5.0,4.0,0.0,3.0,0.0,0.0
140,F1,29/11/16,Dijon,Monaco,1,1,1.0,0.0,1.0,0.0,12.0,9.0,2.0,4.0,7.0,12.0,6.0,4.0,2.0,0.0,0.0,0.0
141,F1,29/11/16,Lille,Caen,4,2,2.0,2.0,1.0,2.0,19.0,13.0,8.0,2.0,8.0,12.0,3.0,2.0,0.0,1.0,0.0,0.0
142,F1,29/11/16,Lorient,Rennes,2,1,2.0,1.0,1.0,1.0,10.0,15.0,3.0,8.0,15.0,11.0,2.0,3.0,1.0,1.0,0.0,0.0
143,F1,30/11/16,Bastia,Bordeaux,1,1,1.0,0.0,0.0,1.0,13.0,8.0,6.0,3.0,7.0,14.0,6.0,4.0,2.0,4.0,1.0,0.0
144,F1,30/11/16,Guingamp,Nice,0,1,0.0,0.0,1.0,0.0,11.0,12.0,5.0,4.0,18.0,16.0,9.0,3.0,2.0,1.0,0.0,0.0
145,F1,30/11/16,Nancy,Metz,4,0,2.0,1.0,0.0,2.0,17.0,8.0,7.0,4.0,16.0,14.0,6.0,3.0,5.0,2.0,0.0,1.0
146,F1,30/11/16,Nantes,Lyon,0,6,0.0,0.0,3.0,0.0,12.0,20.0,1.0,9.0,11.0,11.0,5.0,10.0,1.0,1.0,0.0,0.0
147,F1,30/11/16,Paris SG,Angers,2,0,2.0,1.0,0.0,2.0,15.0,14.0,4.0,3.0,12.0,8.0,10.0,4.0,2.0,1.0,0.0,0.0
148,F1,30/11/16,St Etienne,Marseille,0,0,1.0,0.0,0.0,1.0,7.0,13.0,3.0,7.0,5.0,12.0,2.0,2.0,0.0,1.0,0.0,0.0
149,F1,30/11/16,Toulouse,Montpellier,1,0,2.0,1.0,0.0,2.0,5.0,12.0,3.0,2.0,14.0,12.0,1.0,6.0,2.0,3.0,0.0,0.0
150,F1,02/12/16,Caen,Dijon,3,3,1.0,3.0,1.0,2.0,16.0,13.0,9.0,4.0,15.0,16.0,6.0,1.0,4.0,2.0,0.0,1.0
151,F1,03/12/16,Angers,Lorient,2,2,1.0,1.0,1.0,1.0,19.0,13.0,5.0,5.0,5.0,9.0,6.0,11.0,0.0,1.0,0.0,0.0
152,F1,03/12/16,Bordeaux,Lille,0,1,0.0,0.0,1.0,0.0,8.0,16.0,1.0,9.0,15.0,17.0,5.0,5.0,2.0,4.0,0.0,0.0
153,F1,03/12/16,Guingamp,Nantes,2,0,2.0,1.0,0.0,2.0,15.0,8.0,6.0,2.0,11.0,18.0,9.0,1.0,0.0,2.0,0.0,1.0
154,F1,03/12/16,Monaco,Bastia,5,0,2.0,1.0,0.0,2.0,12.0,7.0,7.0,0.0,16.0,11.0,6.0,5.0,3.0,3.0,0.0,0.0
155,F1,03/12/16,Montpellier,Paris SG,3,0,2.0,1.0,0.0,2.0,6.0,10.0,3.0,3.0,8.0,15.0,3.0,2.0,0.0,2.0,0.0,0.0
156,F1,04/12/16,Marseille,Nancy,3,0,2.0,0.0,0.0,1.0,19.0,7.0,9.0,2.0,14.0,8.0,6.0,1.0,1.0,1.0,0.0,1.0
157,F1,04/12/16,Nice,Toulouse,3,0,2.0,2.0,0.0,2.0,11.0,12.0,6.0,0.0,6.0,15.0,2.0,2.0,0.0,2.0,0.0,0.0
158,F1,04/12/16,Rennes,St Etienne,2,0,2.0,0.0,0.0,1.0,14.0,4.0,5.0,0.0,18.0,6.0,7.0,4.0,3.0,2.0,0.0,0.0
159,F1,10/12/16,Bastia,Metz,2,0,2.0,1.0,0.0,2.0,16.0,8.0,6.0,1.0,13.0,19.0,5.0,5.0,2.0,2.0,0.0,0.0
160,F1,10/12/16,Bordeaux,Monaco,0,4,0.0,0.0,2.0,0.0,9.0,16.0,2.0,6.0,11.0,15.0,9.0,9.0,3.0,1.0,1.0,0.0
161,F1,10/12/16,Dijon,Marseille,1,2,0.0,0.0,1.0,0.0,14.0,12.0,5.0,7.0,12.0,18.0,7.0,4.0,1.0,2.0,0.0,0.0
162,F1,10/12/16,Lille,Montpellier,2,1,2.0,2.0,0.0,2.0,12.0,17.0,4.0,6.0,17.0,13.0,1.0,3.0,1.0,1.0,0.0,0.0
163,F1,10/12/16,Nancy,Angers,2,0,2.0,1.0,0.0,2.0,12.0,10.0,6.0,2.0,7.0,8.0,2.0,12.0,1.0,1.0,0.0,0.0
164,F1,10/12/16,Toulouse,Lorient,3,2,2.0,2.0,1.0,2.0,10.0,17.0,5.0,8.0,8.0,5.0,3.0,8.0,2.0,0.0,0.0,0.0
165,F1,11/12/16,Lyon,Rennes,1,0,2.0,1.0,0.0,2.0,5.0,13.0,4.0,5.0,16.0,15.0,4.0,6.0,3.0,0.0,0.0,1.0
166,F1,11/12/16,Paris SG,Nice,2,2,1.0,0.0,2.0,0.0,22.0,5.0,10.0,3.0,17.0,10.0,9.0,0.0,2.0,3.0,0.0,0.0
167,F1,11/12/16,St Etienne,Guingamp,1,0,2.0,1.0,0.0,2.0,7.0,18.0,2.0,8.0,13.0,14.0,4.0,4.0,0.0,2.0,0.0,0.0
168,F1,16/12/16,Angers,Nantes,0,2,0.0,0.0,1.0,0.0,15.0,11.0,2.0,4.0,12.0,9.0,6.0,1.0,1.0,3.0,0.0,0.0
169,F1,17/12/16,Guingamp,Paris SG,2,1,2.0,0.0,0.0,1.0,11.0,15.0,2.0,7.0,18.0,16.0,4.0,7.0,0.0,0.0,0.0,0.0
170,F1,17/12/16,Lorient,St Etienne,2,1,2.0,1.0,0.0,2.0,21.0,9.0,9.0,3.0,12.0,13.0,6.0,3.0,4.0,2.0,0.0,1.0
171,F1,17/12/16,Montpellier,Bordeaux,4,0,2.0,2.0,0.0,2.0,22.0,12.0,8.0,3.0,11.0,12.0,5.0,1.0,2.0,2.0,0.0,1.0
172,F1,17/12/16,Rennes,Bastia,1,2,0.0,0.0,0.0,1.0,12.0,14.0,4.0,4.0,15.0,11.0,6.0,6.0,1.0,0.0,0.0,0.0
173,F1,17/12/16,Toulouse,Nancy,1,1,1.0,0.0,1.0,0.0,5.0,10.0,2.0,3.0,17.0,12.0,3.0,3.0,1.0,3.0,0.0,0.0
174,F1,18/12/16,Caen,Metz,3,0,2.0,1.0,0.0,2.0,17.0,16.0,8.0,3.0,8.0,13.0,4.0,6.0,2.0,3.0,0.0,1.0
175,F1,18/12/16,Marseille,Lille,2,0,2.0,0.0,0.0,1.0,13.0,13.0,5.0,4.0,13.0,15.0,6.0,2.0,0.0,0.0,0.0,0.0
176,F1,18/12/16,Monaco,Lyon,1,3,0.0,0.0,1.0,0.0,13.0,17.0,4.0,10.0,20.0,20.0,6.0,9.0,4.0,2.0,1.0,0.0
177,F1,18/12/16,Nice,Dijon,2,1,2.0,1.0,1.0,1.0,8.0,11.0,3.0,4.0,13.0,21.0,3.0,3.0,1.0,3.0,0.0,1.0
178,F1,21/12/16,Bastia,Marseille,1,2,0.0,0.0,1.0,0.0,17.0,7.0,4.0,3.0,7.0,13.0,6.0,4.0,1.0,3.0,0.0,0.0
179,F1,21/12/16,Bordeaux,Nice,0,0,1.0,0.0,0.0,1.0,15.0,15.0,3.0,4.0,16.0,8.0,8.0,0.0,2.0,2.0,0.0,2.0
180,F1,21/12/16,Dijon,Toulouse,2,0,2.0,0.0,0.0,1.0,11.0,6.0,6.0,3.0,12.0,19.0,3.0,5.0,2.0,4.0,0.0,0.0
181,F1,21/12/16,Lille,Rennes,1,1,1.0,0.0,1.0,0.0,18.0,10.0,6.0,4.0,11.0,20.0,2.0,1.0,1.0,1.0,0.0,0.0
182,F1,21/12/16,Lyon,Angers,2,0,2.0,1.0,0.0,2.0,14.0,11.0,3.0,3.0,12.0,15.0,7.0,3.0,0.0,2.0,0.0,0.0
183,F1,21/12/16,Metz,Guingamp,2,2,1.0,1.0,0.0,2.0,9.0,9.0,4.0,4.0,16.0,11.0,5.0,2.0,2.0,1.0,0.0,0.0
184,F1,21/12/16,Monaco,Caen,2,1,2.0,0.0,0.0,1.0,21.0,16.0,6.0,5.0,15.0,12.0,5.0,2.0,3.0,0.0,0.0,1.0
185,F1,21/12/16,Nantes,Montpellier,1,0,2.0,1.0,0.0,2.0,5.0,18.0,2.0,4.0,15.0,12.0,2.0,8.0,2.0,0.0,0.0,0.0
186,F1,21/12/16,Paris SG,Lorient,5,0,2.0,2.0,0.0,2.0,19.0,4.0,7.0,1.0,8.0,10.0,13.0,3.0,0.0,1.0,0.0,0.0
187,F1,21/12/16,St Etienne,Nancy,0,0,1.0,0.0,0.0,1.0,18.0,5.0,3.0,3.0,15.0,11.0,12.0,2.0,1.0,1.0,0.0,1.0
188,F1,13/01/17,Lille,St Etienne,1,1,1.0,0.0,1.0,0.0,22.0,8.0,8.0,3.0,14.0,14.0,6.0,4.0,0.0,3.0,0.0,0.0
189,F1,14/01/17,Angers,Bordeaux,1,1,1.0,1.0,1.0,1.0,7.0,9.0,3.0,0.0,15.0,16.0,2.0,3.0,4.0,3.0,0.0,0.0
190,F1,14/01/17,Lorient,Guingamp,3,1,2.0,0.0,1.0,0.0,16.0,12.0,5.0,7.0,12.0,14.0,3.0,6.0,2.0,3.0,0.0,0.0
191,F1,14/01/17,Montpellier,Dijon,1,1,1.0,0.0,1.0,0.0,24.0,6.0,3.0,2.0,8.0,12.0,14.0,5.0,0.0,0.0,0.0,0.0
192,F1,14/01/17,Nancy,Bastia,1,0,2.0,0.0,0.0,1.0,15.0,11.0,4.0,2.0,10.0,13.0,6.0,5.0,2.0,0.0,0.0,1.0
193,F1,14/01/17,Rennes,Paris SG,0,1,0.0,0.0,1.0,0.0,12.0,9.0,1.0,4.0,15.0,7.0,5.0,2.0,0.0,2.0,0.0,0.0
194,F1,14/01/17,Toulouse,Nantes,0,1,0.0,0.0,1.0,0.0,15.0,8.0,4.0,1.0,11.0,17.0,7.0,3.0,1.0,3.0,0.0,0.0
195,F1,15/01/17,Caen,Lyon,3,2,2.0,2.0,2.0,1.0,12.0,16.0,5.0,5.0,26.0,21.0,7.0,5.0,3.0,3.0,0.0,0.0
196,F1,15/01/17,Marseille,Monaco,1,4,0.0,1.0,3.0,0.0,8.0,14.0,3.0,9.0,7.0,7.0,11.0,6.0,1.0,1.0,0.0,0.0
197,F1,15/01/17,Nice,Metz,0,0,1.0,0.0,0.0,1.0,12.0,15.0,2.0,3.0,16.0,13.0,3.0,4.0,2.0,1.0,0.0,0.0
198,F1,18/01/17,Nantes,Caen,1,0,2.0,0.0,0.0,1.0,16.0,9.0,6.0,3.0,12.0,9.0,5.0,4.0,2.0,2.0,0.0,0.0
199,F1,20/01/17,Bastia,Nice,1,1,1.0,1.0,1.0,1.0,11.0,17.0,2.0,5.0,16.0,9.0,0.0,4.0,1.0,0.0,1.0,0.0
200,F1,21/01/17,Bordeaux,Toulouse,1,0,2.0,1.0,0.0,2.0,22.0,8.0,10.0,6.0,18.0,16.0,6.0,4.0,2.0,1.0,0.0,1.0
201,F1,21/01/17,Dijon,Lille,0,0,1.0,0.0,0.0,1.0,19.0,11.0,4.0,3.0,17.0,19.0,10.0,7.0,2.0,2.0,0.0,0.0
202,F1,21/01/17,Guingamp,Rennes,1,1,1.0,1.0,0.0,2.0,15.0,7.0,4.0,3.0,11.0,16.0,4.0,1.0,2.0,2.0,0.0,1.0
203,F1,21/01/17,Metz,Montpellier,2,0,2.0,2.0,0.0,2.0,6.0,15.0,4.0,4.0,18.0,10.0,4.0,8.0,1.0,2.0,0.0,0.0
204,F1,21/01/17,Nantes,Paris SG,0,2,0.0,0.0,1.0,0.0,7.0,15.0,0.0,5.0,15.0,11.0,6.0,5.0,2.0,1.0,0.0,0.0
205,F1,22/01/17,Lyon,Marseille,3,1,2.0,1.0,0.0,2.0,19.0,11.0,8.0,4.0,14.0,18.0,6.0,8.0,1.0,2.0,0.0,0.0
206,F1,22/01/17,Monaco,Lorient,4,0,2.0,3.0,0.0,2.0,16.0,6.0,7.0,3.0,7.0,12.0,3.0,6.0,1.0,1.0,0.0,0.0
207,F1,22/01/17,St Etienne,Angers,2,1,2.0,0.0,1.0,0.0,12.0,16.0,4.0,5.0,8.0,8.0,6.0,3.0,2.0,3.0,0.0,0.0
208,F1,27/01/17,Marseille,Montpellier,5,1,2.0,3.0,0.0,2.0,17.0,19.0,9.0,9.0,12.0,7.0,7.0,5.0,1.0,1.0,0.0,1.0
209,F1,28/01/17,Angers,Metz,2,1,2.0,2.0,1.0,2.0,19.0,3.0,10.0,0.0,9.0,8.0,10.0,1.0,0.0,0.0,0.0,2.0
210,F1,28/01/17,Bastia,Caen,1,1,1.0,1.0,1.0,1.0,11.0,18.0,3.0,5.0,11.0,14.0,4.0,9.0,2.0,2.0,0.0,0.0
211,F1,28/01/17,Lorient,Dijon,2,3,0.0,0.0,1.0,0.0,15.0,5.0,6.0,4.0,13.0,11.0,2.0,2.0,4.0,3.0,0.0,0.0
212,F1,28/01/17,Lyon,Lille,1,2,0.0,0.0,1.0,0.0,13.0,9.0,6.0,4.0,18.0,15.0,4.0,1.0,1.0,3.0,0.0,0.0
213,F1,28/01/17,Nancy,Bordeaux,0,2,0.0,0.0,0.0,1.0,11.0,9.0,1.0,3.0,11.0,9.0,6.0,8.0,0.0,2.0,0.0,0.0
214,F1,28/01/17,Rennes,Nantes,1,1,1.0,0.0,1.0,0.0,7.0,10.0,1.0,3.0,10.0,15.0,3.0,2.0,3.0,1.0,0.0,0.0
215,F1,29/01/17,Nice,Guingamp,3,1,2.0,2.0,0.0,2.0,9.0,13.0,4.0,4.0,14.0,21.0,3.0,7.0,3.0,3.0,0.0,0.0
216,F1,29/01/17,Paris SG,Monaco,1,1,1.0,0.0,0.0,1.0,11.0,14.0,4.0,7.0,13.0,11.0,4.0,13.0,0.0,1.0,0.0,0.0
217,F1,29/01/17,Toulouse,St Etienne,0,3,0.0,0.0,1.0,0.0,13.0,20.0,3.0,6.0,17.0,21.0,3.0,3.0,2.0,4.0,1.0,0.0
218,F1,03/02/17,Metz,Marseille,1,0,2.0,0.0,0.0,1.0,9.0,11.0,3.0,2.0,12.0,15.0,0.0,7.0,1.0,3.0,0.0,0.0
219,F1,04/02/17,Bordeaux,Rennes,1,1,1.0,0.0,0.0,1.0,9.0,17.0,2.0,5.0,11.0,8.0,1.0,7.0,1.0,1.0,0.0,0.0
220,F1,04/02/17,Dijon,Paris SG,1,3,0.0,1.0,1.0,1.0,7.0,21.0,1.0,8.0,12.0,5.0,2.0,9.0,1.0,2.0,0.0,0.0
221,F1,04/02/17,Guingamp,Caen,0,1,0.0,0.0,0.0,1.0,13.0,10.0,4.0,2.0,11.0,13.0,9.0,1.0,1.0,2.0,0.0,0.0
222,F1,04/02/17,Lille,Lorient,0,1,0.0,0.0,0.0,1.0,15.0,12.0,3.0,5.0,16.0,17.0,5.0,3.0,1.0,1.0,0.0,0.0
223,F1,04/02/17,Monaco,Nice,3,0,2.0,0.0,0.0,1.0,14.0,11.0,7.0,1.0,21.0,11.0,4.0,4.0,1.0,1.0,0.0,0.0
224,F1,04/02/17,Montpellier,Bastia,2,1,2.0,1.0,1.0,1.0,13.0,15.0,5.0,2.0,10.0,17.0,2.0,4.0,3.0,1.0,0.0,1.0
225,F1,05/02/17,Nantes,Nancy,0,2,0.0,0.0,0.0,1.0,14.0,8.0,3.0,3.0,14.0,12.0,9.0,5.0,2.0,1.0,1.0,1.0
226,F1,05/02/17,St Etienne,Lyon,2,0,2.0,2.0,0.0,2.0,13.0,12.0,6.0,4.0,17.0,19.0,8.0,3.0,2.0,2.0,1.0,2.0
227,F1,05/02/17,Toulouse,Angers,4,0,2.0,0.0,0.0,1.0,15.0,12.0,8.0,3.0,16.0,12.0,4.0,5.0,2.0,4.0,0.0,0.0
228,F1,07/02/17,Caen,Bordeaux,0,4,0.0,0.0,2.0,0.0,4.0,13.0,1.0,4.0,18.0,8.0,3.0,2.0,1.0,1.0,0.0,0.0
229,F1,07/02/17,Montpellier,Monaco,1,2,0.0,0.0,2.0,0.0,11.0,11.0,2.0,5.0,15.0,13.0,6.0,3.0,1.0,1.0,0.0,1.0
230,F1,07/02/17,Paris SG,Lille,2,1,2.0,0.0,0.0,1.0,20.0,4.0,7.0,3.0,9.0,11.0,9.0,1.0,1.0,3.0,0.0,0.0
231,F1,08/02/17,Angers,Rennes,0,0,1.0,0.0,0.0,1.0,12.0,9.0,2.0,3.0,20.0,12.0,6.0,9.0,2.0,1.0,0.0,1.0
232,F1,08/02/17,Lorient,Toulouse,1,1,1.0,0.0,1.0,0.0,10.0,12.0,5.0,4.0,7.0,9.0,9.0,4.0,2.0,2.0,0.0,0.0
233,F1,08/02/17,Lyon,Nancy,4,0,2.0,2.0,0.0,2.0,18.0,7.0,6.0,2.0,15.0,6.0,8.0,3.0,1.0,1.0,0.0,0.0
234,F1,08/02/17,Marseille,Guingamp,2,0,2.0,1.0,0.0,2.0,20.0,6.0,5.0,1.0,18.0,6.0,4.0,4.0,2.0,1.0,0.0,0.0
235,F1,08/02/17,Metz,Dijon,2,1,2.0,0.0,0.0,1.0,13.0,12.0,3.0,5.0,14.0,11.0,3.0,1.0,1.0,2.0,0.0,1.0
236,F1,08/02/17,Nice,St Etienne,1,0,2.0,1.0,0.0,2.0,14.0,10.0,5.0,2.0,7.0,16.0,2.0,6.0,1.0,3.0,0.0,0.0
237,F1,10/02/17,Bordeaux,Paris SG,0,3,0.0,0.0,2.0,0.0,14.0,8.0,4.0,5.0,8.0,7.0,3.0,2.0,0.0,1.0,0.0,0.0
238,F1,11/02/17,Dijon,Caen,2,0,2.0,1.0,0.0,2.0,8.0,11.0,3.0,5.0,17.0,13.0,2.0,5.0,1.0,0.0,0.0,0.0
239,F1,11/02/17,Guingamp,Lyon,2,1,2.0,2.0,1.0,2.0,7.0,14.0,2.0,5.0,19.0,13.0,1.0,11.0,2.0,2.0,0.0,0.0
240,F1,11/02/17,Lille,Angers,1,2,0.0,1.0,1.0,1.0,16.0,14.0,3.0,5.0,14.0,14.0,4.0,3.0,1.0,2.0,1.0,0.0
241,F1,11/02/17,Monaco,Metz,5,0,2.0,3.0,0.0,2.0,26.0,5.0,13.0,1.0,7.0,11.0,8.0,3.0,1.0,3.0,0.0,0.0
242,F1,11/02/17,Nancy,Montpellier,0,3,0.0,0.0,2.0,0.0,14.0,10.0,3.0,5.0,11.0,13.0,5.0,2.0,3.0,2.0,0.0,0.0
243,F1,11/02/17,Toulouse,Bastia,4,1,2.0,2.0,0.0,2.0,18.0,12.0,7.0,4.0,13.0,12.0,7.0,3.0,3.0,1.0,0.0,2.0
244,F1,12/02/17,Nantes,Marseille,3,2,2.0,2.0,0.0,2.0,15.0,11.0,7.0,3.0,14.0,9.0,8.0,7.0,1.0,1.0,0.0,0.0
245,F1,12/02/17,Rennes,Nice,2,2,1.0,2.0,0.0,2.0,14.0,6.0,6.0,3.0,14.0,14.0,6.0,0.0,1.0,2.0,0.0,0.0
246,F1,12/02/17,St Etienne,Lorient,4,0,2.0,2.0,0.0,2.0,11.0,5.0,5.0,2.0,13.0,10.0,4.0,2.0,0.0,0.0,0.0,0.0
247,F1,17/02/17,Bastia,Monaco,1,1,1.0,1.0,0.0,2.0,9.0,16.0,3.0,4.0,14.0,10.0,3.0,8.0,2.0,0.0,0.0,0.0
248,F1,18/02/17,Angers,Nancy,1,0,2.0,1.0,0.0,2.0,14.0,8.0,5.0,1.0,9.0,8.0,7.0,3.0,0.0,1.0,0.0,0.0
249,F1,18/02/17,Caen,Lille,0,1,0.0,0.0,0.0,1.0,15.0,7.0,3.0,3.0,12.0,8.0,3.0,3.0,1.0,1.0,0.0,1.0
250,F1,18/02/17,Lorient,Nice,0,1,0.0,0.0,1.0,0.0,16.0,5.0,5.0,4.0,14.0,15.0,5.0,1.0,3.0,2.0,0.0,1.0
251,F1,18/02/17,Marseille,Rennes,2,0,2.0,0.0,0.0,1.0,11.0,8.0,5.0,1.0,11.0,1.0,3.0,5.0,1.0,0.0,0.0,0.0
252,F1,18/02/17,Metz,Nantes,1,1,1.0,0.0,0.0,1.0,10.0,9.0,1.0,4.0,9.0,20.0,4.0,8.0,1.0,4.0,0.0,0.0
253,F1,19/02/17,Bordeaux,Guingamp,3,0,2.0,2.0,0.0,2.0,21.0,14.0,7.0,4.0,14.0,17.0,5.0,6.0,2.0,2.0,0.0,1.0
254,F1,19/02/17,Lyon,Dijon,4,2,2.0,1.0,1.0,1.0,33.0,8.0,13.0,3.0,10.0,14.0,9.0,2.0,1.0,4.0,0.0,0.0
255,F1,19/02/17,Montpellier,St Etienne,2,1,2.0,0.0,1.0,0.0,17.0,7.0,4.0,4.0,6.0,13.0,4.0,5.0,1.0,0.0,0.0,1.0
256,F1,19/02/17,Paris SG,Toulouse,0,0,1.0,0.0,0.0,1.0,14.0,3.0,3.0,1.0,11.0,16.0,7.0,2.0,1.0,3.0,0.0,0.0
257,F1,21/02/17,Caen,Nancy,1,0,2.0,1.0,0.0,2.0,15.0,6.0,6.0,2.0,16.0,13.0,5.0,6.0,3.0,2.0,0.0,1.0
258,F1,24/02/17,Nantes,Dijon,3,1,2.0,1.0,1.0,1.0,20.0,9.0,6.0,3.0,19.0,13.0,3.0,1.0,3.0,2.0,0.0,1.0
259,F1,24/02/17,Nice,Montpellier,2,1,2.0,0.0,1.0,0.0,12.0,11.0,4.0,1.0,10.0,10.0,1.0,3.0,2.0,0.0,0.0,0.0
260,F1,25/02/17,Angers,Bastia,3,0,2.0,1.0,0.0,2.0,24.0,12.0,15.0,3.0,12.0,6.0,5.0,7.0,2.0,0.0,0.0,1.0
261,F1,25/02/17,Guingamp,Monaco,1,2,0.0,0.0,1.0,0.0,5.0,14.0,2.0,5.0,16.0,14.0,4.0,4.0,3.0,2.0,0.0,0.0
262,F1,25/02/17,Lille,Bordeaux,2,3,0.0,0.0,1.0,0.0,7.0,14.0,2.0,9.0,14.0,12.0,3.0,3.0,4.0,2.0,2.0,0.0
263,F1,25/02/17,Nancy,Toulouse,0,0,1.0,0.0,0.0,1.0,9.0,10.0,2.0,4.0,12.0,20.0,5.0,6.0,2.0,3.0,0.0,0.0
264,F1,25/02/17,Rennes,Lorient,1,0,2.0,1.0,0.0,2.0,14.0,6.0,9.0,2.0,10.0,19.0,2.0,3.0,0.0,3.0,0.0,0.0
265,F1,26/02/17,Lyon,Metz,5,0,2.0,1.0,0.0,2.0,27.0,9.0,7.0,2.0,10.0,7.0,10.0,1.0,1.0,3.0,0.0,0.0
266,F1,26/02/17,Marseille,Paris SG,1,5,0.0,0.0,2.0,0.0,9.0,17.0,0.0,11.0,9.0,6.0,4.0,7.0,1.0,1.0,0.0,0.0
267,F1,26/02/17,St Etienne,Caen,0,1,0.0,0.0,1.0,0.0,11.0,10.0,1.0,3.0,10.0,12.0,5.0,2.0,0.0,2.0,0.0,0.0
268,F1,01/03/17,Bastia,Nantes,2,2,1.0,0.0,0.0,1.0,6.0,13.0,2.0,3.0,7.0,9.0,3.0,7.0,3.0,1.0,1.0,0.0
269,F1,03/03/17,Bordeaux,Lyon,1,1,1.0,1.0,0.0,2.0,16.0,13.0,4.0,2.0,21.0,17.0,5.0,4.0,5.0,4.0,0.0,0.0
270,F1,04/03/17,Bastia,St Etienne,0,0,1.0,0.0,0.0,1.0,5.0,11.0,1.0,2.0,8.0,15.0,4.0,4.0,1.0,1.0,1.0,1.0
271,F1,04/03/17,Caen,Angers,2,3,0.0,1.0,2.0,0.0,16.0,9.0,3.0,4.0,11.0,9.0,4.0,3.0,1.0,2.0,0.0,0.0
272,F1,04/03/17,Dijon,Nice,0,1,0.0,0.0,0.0,1.0,13.0,11.0,2.0,5.0,13.0,7.0,6.0,4.0,2.0,1.0,0.0,0.0
273,F1,04/03/17,Metz,Rennes,1,1,1.0,1.0,0.0,2.0,10.0,17.0,4.0,8.0,11.0,17.0,3.0,4.0,3.0,3.0,0.0,0.0
274,F1,04/03/17,Montpellier,Guingamp,1,1,1.0,0.0,0.0,1.0,11.0,6.0,2.0,3.0,9.0,9.0,9.0,7.0,1.0,0.0,0.0,0.0
275,F1,04/03/17,Paris SG,Nancy,1,0,2.0,0.0,0.0,1.0,23.0,10.0,7.0,3.0,13.0,18.0,13.0,2.0,2.0,3.0,0.0,0.0
276,F1,05/03/17,Lorient,Marseille,1,4,0.0,0.0,2.0,0.0,11.0,15.0,4.0,7.0,12.0,13.0,5.0,8.0,2.0,1.0,0.0,0.0
277,F1,05/03/17,Monaco,Nantes,4,0,2.0,3.0,0.0,2.0,13.0,10.0,7.0,3.0,10.0,16.0,5.0,7.0,2.0,2.0,0.0,0.0
278,F1,05/03/17,Toulouse,Lille,1,1,1.0,1.0,0.0,2.0,10.0,14.0,5.0,5.0,16.0,21.0,3.0,3.0,2.0,2.0,0.0,0.0
279,F1,10/03/17,Marseille,Angers,3,0,2.0,2.0,0.0,2.0,11.0,14.0,4.0,7.0,11.0,10.0,2.0,4.0,1.0,0.0,0.0,0.0
280,F1,10/03/17,Nice,Caen,2,2,1.0,0.0,1.0,0.0,14.0,6.0,4.0,2.0,13.0,12.0,6.0,0.0,2.0,1.0,0.0,0.0
281,F1,11/03/17,Guingamp,Bastia,5,0,2.0,0.0,0.0,1.0,21.0,2.0,8.0,1.0,10.0,13.0,5.0,8.0,0.0,2.0,0.0,1.0
282,F1,11/03/17,Monaco,Bordeaux,2,1,2.0,0.0,0.0,1.0,11.0,9.0,6.0,2.0,9.0,11.0,10.0,3.0,1.0,3.0,0.0,0.0
283,F1,11/03/17,Montpellier,Nantes,2,3,0.0,1.0,1.0,1.0,14.0,14.0,8.0,7.0,6.0,17.0,3.0,5.0,0.0,3.0,0.0,0.0
284,F1,11/03/17,Nancy,Lille,1,2,0.0,1.0,0.0,2.0,16.0,10.0,3.0,6.0,11.0,13.0,5.0,4.0,4.0,2.0,0.0,0.0
285,F1,11/03/17,Rennes,Dijon,1,1,1.0,0.0,1.0,0.0,14.0,11.0,4.0,8.0,10.0,11.0,1.0,4.0,2.0,1.0,0.0,0.0
286,F1,12/03/17,Lorient,Paris SG,1,2,0.0,0.0,1.0,0.0,6.0,12.0,2.0,6.0,9.0,7.0,3.0,9.0,2.0,1.0,0.0,0.0
287,F1,12/03/17,Lyon,Toulouse,4,0,2.0,1.0,0.0,2.0,12.0,10.0,7.0,4.0,10.0,12.0,4.0,3.0,1.0,2.0,0.0,0.0
288,F1,12/03/17,St Etienne,Metz,2,2,1.0,0.0,1.0,0.0,14.0,12.0,7.0,6.0,14.0,20.0,4.0,3.0,0.0,1.0,0.0,0.0
289,F1,17/03/17,Lille,Marseille,0,0,1.0,0.0,0.0,1.0,9.0,7.0,2.0,4.0,18.0,7.0,7.0,8.0,1.0,4.0,0.0,0.0
290,F1,17/03/17,Metz,Bastia,1,0,2.0,0.0,0.0,1.0,9.0,6.0,2.0,0.0,12.0,12.0,4.0,4.0,2.0,2.0,0.0,0.0
291,F1,18/03/17,Angers,Guingamp,3,0,2.0,0.0,0.0,1.0,15.0,10.0,5.0,1.0,11.0,6.0,8.0,3.0,2.0,1.0,0.0,0.0
292,F1,18/03/17,Bordeaux,Montpellier,5,1,2.0,3.0,0.0,2.0,13.0,13.0,7.0,4.0,7.0,9.0,5.0,8.0,0.0,0.0,0.0,1.0
293,F1,18/03/17,Nancy,Lorient,2,3,0.0,2.0,0.0,2.0,14.0,7.0,7.0,5.0,16.0,7.0,8.0,3.0,1.0,2.0,0.0,0.0
294,F1,18/03/17,Nantes,Nice,1,1,1.0,1.0,1.0,1.0,18.0,5.0,5.0,2.0,7.0,12.0,5.0,4.0,3.0,1.0,0.0,0.0
295,F1,18/03/17,Toulouse,Rennes,0,0,1.0,0.0,0.0,1.0,6.0,17.0,0.0,3.0,14.0,14.0,5.0,9.0,1.0,2.0,1.0,0.0
296,F1,19/03/17,Caen,Monaco,0,3,0.0,0.0,1.0,0.0,5.0,16.0,1.0,7.0,8.0,14.0,2.0,7.0,1.0,0.0,0.0,0.0
297,F1,19/03/17,Dijon,St Etienne,0,1,0.0,0.0,0.0,1.0,17.0,16.0,0.0,4.0,13.0,9.0,3.0,6.0,2.0,1.0,0.0,0.0
298,F1,19/03/17,Paris SG,Lyon,2,1,2.0,2.0,1.0,2.0,12.0,11.0,4.0,2.0,11.0,8.0,8.0,10.0,2.0,1.0,0.0,0.0
299,F1,31/03/17,Guingamp,Nancy,1,0,2.0,0.0,0.0,1.0,17.0,4.0,3.0,1.0,14.0,9.0,12.0,1.0,1.0,2.0,0.0,1.0
300,F1,01/04/17,Bastia,Lille,0,1,0.0,0.0,0.0,1.0,14.0,9.0,2.0,3.0,9.0,15.0,5.0,0.0,1.0,1.0,0.0,0.0
301,F1,01/04/17,Marseille,Dijon,1,1,1.0,0.0,1.0,0.0,19.0,8.0,5.0,5.0,9.0,17.0,4.0,3.0,2.0,4.0,0.0,0.0
302,F1,02/04/17,Lorient,Caen,1,0,2.0,1.0,0.0,2.0,13.0,16.0,2.0,3.0,8.0,9.0,8.0,3.0,1.0,1.0,1.0,1.0
303,F1,02/04/17,Montpellier,Toulouse,0,1,0.0,0.0,1.0,0.0,18.0,9.0,2.0,4.0,9.0,9.0,5.0,8.0,2.0,2.0,0.0,0.0
304,F1,02/04/17,Nantes,Angers,2,1,2.0,0.0,0.0,1.0,13.0,18.0,3.0,3.0,9.0,9.0,4.0,3.0,1.0,1.0,0.0,1.0
305,F1,02/04/17,Nice,Bordeaux,2,1,2.0,2.0,1.0,2.0,10.0,18.0,4.0,4.0,15.0,14.0,3.0,6.0,2.0,1.0,0.0,0.0
306,F1,02/04/17,Rennes,Lyon,1,1,1.0,0.0,0.0,1.0,7.0,20.0,2.0,6.0,8.0,17.0,4.0,8.0,1.0,1.0,1.0,0.0
307,F1,05/04/17,Metz,Lyon,0,3,0.0,0.0,0.0,1.0,15.0,18.0,3.0,6.0,11.0,15.0,7.0,6.0,3.0,1.0,0.0,0.0
308,F1,07/04/17,Lille,Nice,1,2,0.0,1.0,2.0,0.0,11.0,12.0,3.0,7.0,22.0,13.0,5.0,3.0,1.0,1.0,0.0,0.0
309,F1,08/04/17,Angers,Monaco,0,1,0.0,0.0,0.0,1.0,16.0,11.0,4.0,6.0,13.0,15.0,4.0,6.0,2.0,1.0,0.0,0.0
310,F1,08/04/17,Bordeaux,Metz,3,0,2.0,1.0,0.0,2.0,17.0,9.0,6.0,5.0,8.0,14.0,4.0,2.0,2.0,2.0,0.0,1.0
311,F1,08/04/17,Caen,Montpellier,0,2,0.0,0.0,0.0,1.0,14.0,15.0,4.0,6.0,15.0,12.0,2.0,5.0,4.0,3.0,0.0,0.0
312,F1,08/04/17,Dijon,Bastia,1,2,0.0,1.0,1.0,1.0,14.0,13.0,6.0,7.0,14.0,11.0,8.0,2.0,2.0,0.0,0.0,0.0
313,F1,08/04/17,Lyon,Lorient,1,4,0.0,1.0,1.0,1.0,16.0,14.0,5.0,6.0,13.0,10.0,5.0,4.0,3.0,1.0,0.0,0.0
314,F1,08/04/17,Nancy,Rennes,3,0,2.0,1.0,0.0,2.0,14.0,9.0,5.0,5.0,12.0,18.0,4.0,4.0,2.0,1.0,0.0,0.0
315,F1,09/04/17,Paris SG,Guingamp,4,0,2.0,0.0,0.0,1.0,17.0,12.0,7.0,4.0,12.0,12.0,7.0,4.0,1.0,2.0,0.0,0.0
316,F1,09/04/17,St Etienne,Nantes,1,1,1.0,0.0,1.0,0.0,11.0,10.0,4.0,3.0,12.0,11.0,8.0,2.0,3.0,2.0,0.0,0.0
317,F1,09/04/17,Toulouse,Marseille,0,0,1.0,0.0,0.0,1.0,11.0,15.0,4.0,3.0,16.0,12.0,7.0,7.0,2.0,2.0,0.0,0.0
318,F1,14/04/17,Angers,Paris SG,0,2,0.0,0.0,1.0,0.0,17.0,10.0,4.0,2.0,13.0,12.0,5.0,1.0,2.0,1.0,0.0,0.0
319,F1,15/04/17,Guingamp,Toulouse,2,1,2.0,0.0,0.0,1.0,20.0,9.0,8.0,2.0,11.0,19.0,11.0,2.0,3.0,2.0,0.0,0.0
320,F1,15/04/17,Metz,Caen,2,2,1.0,0.0,0.0,1.0,8.0,13.0,2.0,3.0,12.0,7.0,1.0,2.0,1.0,1.0,0.0,0.0
321,F1,15/04/17,Monaco,Dijon,2,1,2.0,0.0,1.0,0.0,20.0,8.0,7.0,4.0,11.0,14.0,15.0,4.0,1.0,3.0,0.0,0.0
322,F1,15/04/17,Montpellier,Lorient,2,0,2.0,2.0,0.0,2.0,10.0,11.0,5.0,3.0,5.0,7.0,3.0,8.0,1.0,2.0,0.0,0.0
323,F1,15/04/17,Nice,Nancy,3,1,2.0,1.0,1.0,1.0,14.0,8.0,4.0,3.0,8.0,16.0,1.0,7.0,1.0,2.0,0.0,0.0
324,F1,15/04/17,Rennes,Lille,2,0,2.0,2.0,0.0,2.0,10.0,22.0,3.0,5.0,11.0,10.0,1.0,10.0,1.0,2.0,0.0,0.0
325,F1,16/04/17,Bastia,Lyon,0,3,0.0,,,,,,,,,,,,,,,
326,F1,16/04/17,Marseille,St Etienne,4,0,2.0,2.0,0.0,2.0,12.0,7.0,7.0,3.0,14.0,16.0,3.0,3.0,1.0,2.0,0.0,0.0
327,F1,16/04/17,Nantes,Bordeaux,0,1,0.0,0.0,0.0,1.0,10.0,12.0,0.0,5.0,15.0,13.0,6.0,3.0,1.0,3.0,0.0,0.0
328,F1,18/04/17,Metz,Paris SG,2,3,0.0,0.0,2.0,0.0,6.0,18.0,2.0,6.0,13.0,11.0,1.0,8.0,1.0,1.0,0.0,0.0
329,F1,21/04/17,Nancy,Marseille,0,0,1.0,0.0,0.0,1.0,9.0,18.0,2.0,3.0,9.0,10.0,3.0,7.0,0.0,2.0,0.0,0.0
330,F1,22/04/17,Bordeaux,Bastia,2,0,2.0,0.0,0.0,1.0,14.0,13.0,6.0,1.0,12.0,16.0,5.0,7.0,2.0,2.0,0.0,1.0
331,F1,22/04/17,Caen,Nantes,0,2,0.0,0.0,2.0,0.0,13.0,16.0,2.0,8.0,11.0,10.0,8.0,2.0,1.0,1.0,0.0,0.0
332,F1,22/04/17,Dijon,Angers,3,2,2.0,3.0,0.0,2.0,15.0,9.0,6.0,5.0,11.0,13.0,4.0,5.0,2.0,2.0,0.0,0.0
333,F1,22/04/17,Lille,Guingamp,3,0,2.0,2.0,0.0,2.0,25.0,10.0,9.0,7.0,14.0,11.0,4.0,8.0,0.0,2.0,0.0,0.0
334,F1,22/04/17,Lorient,Metz,5,1,2.0,1.0,1.0,1.0,19.0,7.0,9.0,3.0,12.0,10.0,8.0,4.0,1.0,1.0,0.0,0.0
335,F1,22/04/17,Paris SG,Montpellier,2,0,2.0,1.0,0.0,2.0,19.0,15.0,9.0,4.0,10.0,5.0,6.0,6.0,1.0,0.0,0.0,0.0
336,F1,23/04/17,Lyon,Monaco,1,2,0.0,0.0,2.0,0.0,8.0,14.0,3.0,6.0,14.0,12.0,7.0,6.0,2.0,1.0,0.0,0.0
337,F1,23/04/17,St Etienne,Rennes,1,1,1.0,1.0,1.0,1.0,7.0,7.0,2.0,2.0,11.0,14.0,6.0,4.0,1.0,3.0,0.0,0.0
338,F1,23/04/17,Toulouse,Nice,1,1,1.0,0.0,0.0,1.0,4.0,14.0,3.0,3.0,20.0,11.0,6.0,5.0,3.0,5.0,0.0,0.0
339,F1,28/04/17,Angers,Lyon,1,2,0.0,0.0,2.0,0.0,23.0,8.0,7.0,3.0,14.0,11.0,8.0,8.0,2.0,3.0,1.0,0.0
340,F1,29/04/17,Bastia,Rennes,1,0,2.0,0.0,0.0,1.0,4.0,12.0,3.0,4.0,12.0,17.0,2.0,7.0,1.0,1.0,0.0,0.0
341,F1,29/04/17,Guingamp,St Etienne,0,2,0.0,0.0,0.0,1.0,12.0,11.0,4.0,8.0,10.0,11.0,2.0,3.0,0.0,0.0,0.0,0.0
342,F1,29/04/17,Metz,Nancy,2,1,2.0,1.0,1.0,1.0,12.0,8.0,7.0,4.0,17.0,17.0,8.0,5.0,2.0,3.0,0.0,0.0
343,F1,29/04/17,Monaco,Toulouse,3,1,2.0,0.0,0.0,1.0,28.0,7.0,11.0,3.0,8.0,15.0,11.0,2.0,1.0,4.0,0.0,0.0
344,F1,29/04/17,Montpellier,Lille,0,3,0.0,0.0,1.0,0.0,18.0,11.0,7.0,5.0,7.0,14.0,8.0,3.0,1.0,2.0,0.0,0.0
345,F1,29/04/17,Nantes,Lorient,1,0,2.0,0.0,0.0,1.0,15.0,4.0,7.0,0.0,10.0,10.0,5.0,6.0,0.0,2.0,0.0,0.0
346,F1,30/04/17,Caen,Marseille,1,5,0.0,1.0,3.0,0.0,14.0,13.0,5.0,8.0,4.0,11.0,11.0,2.0,2.0,4.0,0.0,0.0
347,F1,30/04/17,Dijon,Bordeaux,0,0,1.0,0.0,0.0,1.0,16.0,13.0,6.0,1.0,11.0,13.0,5.0,7.0,0.0,1.0,0.0,0.0
348,F1,30/04/17,Nice,Paris SG,3,1,2.0,1.0,0.0,2.0,6.0,16.0,3.0,5.0,11.0,15.0,2.0,8.0,2.0,3.0,0.0,2.0
349,F1,05/05/17,St Etienne,Bordeaux,2,2,1.0,1.0,1.0,1.0,15.0,11.0,5.0,5.0,14.0,11.0,7.0,7.0,1.0,2.0,0.0,1.0
350,F1,06/05/17,Guingamp,Dijon,4,0,2.0,1.0,0.0,2.0,14.0,20.0,8.0,5.0,13.0,12.0,9.0,15.0,0.0,0.0,0.0,0.0
351,F1,06/05/17,Lille,Metz,0,2,0.0,0.0,1.0,0.0,12.0,7.0,0.0,3.0,14.0,9.0,11.0,2.0,1.0,0.0,0.0,0.0
352,F1,06/05/17,Lorient,Angers,1,1,1.0,0.0,0.0,1.0,6.0,9.0,3.0,4.0,11.0,8.0,2.0,7.0,1.0,0.0,0.0,0.0
353,F1,06/05/17,Nancy,Monaco,0,3,0.0,0.0,2.0,0.0,6.0,18.0,2.0,8.0,8.0,7.0,5.0,5.0,1.0,1.0,0.0,0.0
354,F1,06/05/17,Paris SG,Bastia,5,0,2.0,2.0,0.0,2.0,27.0,6.0,12.0,0.0,11.0,3.0,11.0,4.0,1.0,2.0,0.0,0.0
355,F1,06/05/17,Toulouse,Caen,0,1,0.0,0.0,0.0,1.0,9.0,11.0,5.0,4.0,10.0,9.0,5.0,5.0,3.0,2.0,0.0,0.0
356,F1,07/05/17,Lyon,Nantes,3,2,2.0,0.0,1.0,0.0,16.0,5.0,7.0,2.0,10.0,20.0,9.0,5.0,0.0,1.0,0.0,0.0
357,F1,07/05/17,Marseille,Nice,2,1,2.0,1.0,0.0,2.0,18.0,17.0,7.0,5.0,15.0,8.0,4.0,5.0,5.0,1.0,0.0,0.0
358,F1,07/05/17,Rennes,Montpellier,1,0,2.0,0.0,0.0,1.0,10.0,6.0,4.0,1.0,13.0,9.0,2.0,6.0,3.0,2.0,0.0,0.0
359,F1,14/05/17,Bastia,Lorient,2,0,2.0,0.0,0.0,1.0,11.0,9.0,6.0,1.0,14.0,11.0,5.0,9.0,3.0,2.0,0.0,0.0
360,F1,14/05/17,Bordeaux,Marseille,1,1,1.0,1.0,0.0,2.0,11.0,14.0,5.0,3.0,18.0,14.0,3.0,4.0,1.0,2.0,0.0,0.0
361,F1,14/05/17,Caen,Rennes,0,1,0.0,0.0,0.0,1.0,10.0,10.0,2.0,7.0,7.0,9.0,11.0,1.0,2.0,1.0,0.0,0.0
362,F1,14/05/17,Dijon,Nancy,2,0,2.0,0.0,0.0,1.0,20.0,9.0,5.0,2.0,17.0,17.0,4.0,6.0,2.0,2.0,0.0,0.0
363,F1,14/05/17,Metz,Toulouse,1,1,1.0,0.0,1.0,0.0,14.0,17.0,6.0,6.0,16.0,13.0,6.0,3.0,0.0,0.0,0.0,0.0
364,F1,14/05/17,Monaco,Lille,4,0,2.0,2.0,0.0,2.0,11.0,14.0,3.0,4.0,17.0,10.0,6.0,7.0,1.0,2.0,0.0,0.0
365,F1,14/05/17,Montpellier,Lyon,1,3,0.0,1.0,2.0,0.0,15.0,14.0,4.0,6.0,16.0,10.0,4.0,1.0,3.0,1.0,0.0,0.0
366,F1,14/05/17,Nantes,Guingamp,4,1,2.0,1.0,0.0,2.0,14.0,8.0,5.0,2.0,6.0,10.0,9.0,6.0,2.0,4.0,0.0,0.0
367,F1,14/05/17,Nice,Angers,0,2,0.0,0.0,1.0,0.0,12.0,14.0,5.0,6.0,11.0,6.0,7.0,4.0,1.0,1.0,0.0,0.0
368,F1,14/05/17,St Etienne,Paris SG,0,5,0.0,0.0,2.0,0.0,9.0,21.0,2.0,11.0,9.0,5.0,5.0,8.0,1.0,1.0,0.0,0.0
369,F1,17/05/17,Monaco,St Etienne,2,0,2.0,1.0,0.0,2.0,14.0,5.0,5.0,3.0,6.0,9.0,10.0,4.0,1.0,1.0,0.0,0.0
370,F1,20/05/17,Angers,Montpellier,2,0,2.0,0.0,0.0,1.0,18.0,12.0,5.0,5.0,6.0,10.0,6.0,4.0,0.0,2.0,0.0,0.0
371,F1,20/05/17,Guingamp,Metz,1,0,2.0,1.0,0.0,2.0,21.0,8.0,6.0,0.0,14.0,15.0,7.0,3.0,0.0,2.0,0.0,0.0
372,F1,20/05/17,Lille,Nantes,3,0,2.0,1.0,0.0,2.0,17.0,9.0,6.0,2.0,5.0,13.0,2.0,10.0,0.0,2.0,0.0,1.0
373,F1,20/05/17,Lorient,Bordeaux,1,1,1.0,0.0,1.0,0.0,9.0,10.0,4.0,4.0,12.0,12.0,7.0,3.0,2.0,2.0,0.0,0.0
374,F1,20/05/17,Lyon,Nice,3,3,1.0,1.0,1.0,1.0,15.0,14.0,4.0,7.0,14.0,11.0,8.0,2.0,0.0,1.0,0.0,0.0
375,F1,20/05/17,Marseille,Bastia,1,0,2.0,0.0,0.0,1.0,12.0,4.0,3.0,0.0,17.0,20.0,6.0,1.0,3.0,2.0,0.0,0.0
376,F1,20/05/17,Nancy,St Etienne,3,1,2.0,1.0,0.0,2.0,14.0,8.0,5.0,2.0,14.0,10.0,7.0,5.0,2.0,0.0,0.0,0.0
377,F1,20/05/17,Paris SG,Caen,1,1,1.0,1.0,0.0,2.0,18.0,16.0,5.0,6.0,11.0,8.0,8.0,5.0,0.0,1.0,0.0,0.0
378,F1,20/05/17,Rennes,Monaco,2,3,0.0,0.0,1.0,0.0,18.0,23.0,5.0,12.0,9.0,12.0,3.0,5.0,0.0,0.0,0.0,0.0
379,F1,20/05/17,Toulouse,Dijon,0,0,1.0,0.0,0.0,1.0,16.0,8.0,2.0,5.0,11.0,16.0,8.0,4.0,1.0,2.0,0.0,0.0
