,Div,Date,HomeTeam,AwayTeam,FTR,HTS,HTST,HTW,HTD,HTL,HTF,HTY,HTR,HTG,ATS,ATST,ATW,ATD,ATL,ATF,ATY,ATR,ATG,DateTime,HRP,ARP
0,F1,08/08/09,Auxerre,Sochaux,0.0,0.0,0.0,0,0,0,0.0,0.0,0.0,0.0,0.0,0.0,0,0,0,0.0,0.0,0.0,0.0,2009-08-08,HautDeTableau,HautDeTableau
1,F1,08/08/09,Grenoble,Marseille,0.0,0.0,0.0,0,0,0,0.0,0.0,0.0,0.0,0.0,0.0,0,0,0,0.0,0.0,0.0,0.0,2009-08-08,HautDeTableau,HautDeTableau
2,F1,08/08/09,Le Mans,Lyon,1.0,0.0,0.0,0,0,0,0.0,0.0,0.0,0.0,0.0,0.0,0,0,0,0.0,0.0,0.0,0.0,2009-08-08,HautDeTableau,HautDeTableau
3,F1,08/08/09,Monaco,Toulouse,2.0,0.0,0.0,0,0,0,0.0,0.0,0.0,0.0,0.0,0.0,0,0,0,0.0,0.0,0.0,0.0,2009-08-08,MilieuDeTableau,HautDeTableau
4,F1,08/08/09,Montpellier,Paris SG,1.0,0.0,0.0,0,0,0,0.0,0.0,0.0,0.0,0.0,0.0,0,0,0,0.0,0.0,0.0,0.0,2009-08-08,MilieuDeTableau,MilieuDeTableau
5,F1,08/08/09,Rennes,Boulogne,2.0,0.0,0.0,0,0,0,0.0,0.0,0.0,0.0,0.0,0.0,0,0,0,0.0,0.0,0.0,0.0,2009-08-08,MilieuDeTableau,MilieuDeTableau
6,F1,08/08/09,St Etienne,Nice,0.0,0.0,0.0,0,0,0,0.0,0.0,0.0,0.0,0.0,0.0,0,0,0,0.0,0.0,0.0,0.0,2009-08-08,BasDeTableau,MilieuDeTableau
7,F1,08/08/09,Valenciennes,Nancy,0.0,0.0,0.0,0,0,0,0.0,0.0,0.0,0.0,0.0,0.0,0,0,0,0.0,0.0,0.0,0.0,2009-08-08,BasDeTableau,BasDeTableau
8,F1,09/08/09,Bordeaux,Lens,2.0,0.0,0.0,0,0,0,0.0,0.0,0.0,0.0,0.0,0.0,0,0,0,0.0,0.0,0.0,0.0,2009-08-09,BasDeTableau,BasDeTableau
9,F1,09/08/09,Lille,Lorient,0.0,0.0,0.0,0,0,0,0.0,0.0,0.0,0.0,0.0,0.0,0,0,0,0.0,0.0,0.0,0.0,2009-08-09,BasDeTableau,BasDeTableau
10,F1,15/08/09,Lens,Auxerre,2.0,7.0,1.0,0,0,1,20.0,1.0,0.0,1.0,12.0,2.0,0,0,1,10.0,0.0,0.0,0.0,2009-08-15,MilieuDeTableau,BasDeTableau
11,F1,15/08/09,Lorient,Montpellier,1.0,6.0,4.0,1,0,0,17.0,5.0,0.0,2.0,10.0,2.0,0,1,0,15.0,1.0,1.0,1.0,2009-08-15,MilieuDeTableau,MilieuDeTableau
12,F1,15/08/09,Lyon,Valenciennes,2.0,20.0,6.0,0,1,0,18.0,2.0,0.0,2.0,19.0,2.0,0,0,1,22.0,3.0,1.0,1.0,2009-08-15,MilieuDeTableau,MilieuDeTableau
13,F1,15/08/09,Nancy,Monaco,2.0,11.0,5.0,1,0,0,16.0,3.0,0.0,3.0,11.0,6.0,1,0,0,17.0,2.0,1.0,1.0,2009-08-15,HautDeTableau,MilieuDeTableau
14,F1,15/08/09,Paris SG,Le Mans,2.0,10.0,2.0,0,1,0,18.0,3.0,0.0,1.0,8.0,4.0,0,1,0,18.0,3.0,0.0,2.0,2009-08-15,MilieuDeTableau,MilieuDeTableau
15,F1,15/08/09,Sochaux,Bordeaux,0.0,9.0,3.0,1,0,0,18.0,2.0,0.0,1.0,13.0,5.0,1,0,0,14.0,0.0,0.0,4.0,2009-08-15,MilieuDeTableau,HautDeTableau
16,F1,15/08/09,Toulouse,St Etienne,2.0,11.0,4.0,0,0,1,19.0,3.0,0.0,0.0,13.0,5.0,0,0,1,15.0,1.0,0.0,0.0,2009-08-15,BasDeTableau,BasDeTableau
17,F1,16/08/09,Boulogne,Grenoble,2.0,13.0,4.0,0,0,1,7.0,0.0,0.0,0.0,6.0,1.0,0,0,1,14.0,2.0,0.0,0.0,2009-08-16,BasDeTableau,BasDeTableau
18,F1,16/08/09,Marseille,Lille,2.0,16.0,5.0,1,0,0,19.0,1.0,0.0,2.0,19.0,6.0,0,0,1,20.0,2.0,0.0,1.0,2009-08-16,MilieuDeTableau,MilieuDeTableau
19,F1,16/08/09,Nice,Rennes,1.0,8.0,3.0,1,0,0,19.0,2.0,0.0,2.0,15.0,6.0,1,0,0,12.0,1.0,0.0,3.0,2009-08-16,MilieuDeTableau,HautDeTableau
20,F1,22/08/09,Auxerre,Lyon,0.0,12.0,2.0,0,0,2,13.5,0.5,0.0,0.0,22.0,7.5,1,1,0,16.0,1.5,0.0,1.5,2009-08-22,BasDeTableau,MilieuDeTableau
21,F1,22/08/09,Le Mans,Nancy,2.0,8.5,4.5,0,1,1,17.5,2.5,0.0,1.5,9.0,5.0,2,0,0,13.0,2.0,0.0,3.5,2009-08-22,MilieuDeTableau,HautDeTableau
22,F1,22/08/09,Monaco,Lorient,2.0,15.0,7.0,1,0,1,13.5,2.0,0.5,0.5,9.0,4.5,1,1,0,13.5,3.0,0.0,2.0,2009-08-22,BasDeTableau,HautDeTableau
23,F1,22/08/09,Montpellier,Sochaux,2.0,12.0,4.0,0,2,0,19.0,2.0,0.5,1.5,8.5,5.0,1,0,1,15.0,2.0,0.0,1.5,2009-08-22,MilieuDeTableau,MilieuDeTableau
24,F1,22/08/09,Rennes,Marseille,1.0,12.5,5.5,1,1,0,17.5,0.5,0.5,2.0,16.5,4.5,2,0,0,19.0,2.0,0.0,1.5,2009-08-22,HautDeTableau,HautDeTableau
25,F1,22/08/09,St Etienne,Boulogne,0.0,9.5,4.0,0,0,2,17.5,1.0,0.0,0.5,13.0,5.0,1,0,1,15.0,1.0,0.0,1.0,2009-08-22,BasDeTableau,BasDeTableau
26,F1,22/08/09,Valenciennes,Paris SG,0.0,12.0,1.5,0,0,2,19.0,3.0,0.5,0.5,11.5,3.5,1,1,0,15.5,1.5,0.0,2.0,2009-08-22,BasDeTableau,HautDeTableau
27,F1,23/08/09,Bordeaux,Nice,2.0,16.0,6.0,2,0,0,13.5,0.0,0.0,3.5,11.0,3.5,1,1,0,20.0,1.5,0.0,1.5,2009-08-23,HautDeTableau,MilieuDeTableau
28,F1,23/08/09,Grenoble,Lens,0.0,7.5,1.5,0,0,2,14.5,2.0,0.0,0.5,7.5,2.5,1,0,1,17.0,1.0,0.0,1.5,2009-08-23,BasDeTableau,MilieuDeTableau
29,F1,23/08/09,Lille,Toulouse,1.0,14.5,5.5,0,0,2,22.0,2.0,0.5,0.5,12.5,5.5,1,0,1,22.5,2.0,0.0,1.5,2009-08-23,BasDeTableau,MilieuDeTableau
30,F1,29/08/09,Boulogne,Auxerre,1.0,9.666666666666666,4.0,2,0,1,15.666666666666668,1.3333333333333333,0.3333333333333333,1.0,12.666666666666668,3.0,0,0,3,12.333333333333336,0.6666666666666666,0.0,0.0,2009-08-29,MilieuDeTableau,BasDeTableau
31,F1,29/08/09,Lens,Rennes,1.0,7.666666666666666,2.333333333333333,2,0,1,16.666666666666668,1.6666666666666663,0.0,1.6666666666666663,13.0,5.333333333333334,1,2,0,18.666666666666668,0.6666666666666666,1.0,1.6666666666666663,2009-08-29,MilieuDeTableau,MilieuDeTableau
32,F1,29/08/09,Lorient,Le Mans,2.0,10.333333333333332,3.333333333333333,1,1,1,11.333333333333336,2.6666666666666665,0.0,1.3333333333333333,12.666666666666664,6.0,1,1,1,18.0,2.333333333333333,0.0,1.6666666666666663,2009-08-29,MilieuDeTableau,MilieuDeTableau
33,F1,29/08/09,Lyon,Nancy,2.0,18.333333333333336,6.333333333333332,2,1,0,15.333333333333336,1.3333333333333333,0.0,2.0,8.333333333333334,4.0,2,0,1,15.0,2.333333333333333,0.0,2.6666666666666665,2009-08-29,HautDeTableau,HautDeTableau
34,F1,29/08/09,Nice,Montpellier,0.0,13.0,4.0,1,1,1,21.33333333333333,2.0,0.0,1.0,13.0,3.6666666666666665,1,2,0,23.0,2.0,0.3333333333333333,1.6666666666666663,2009-08-29,BasDeTableau,MilieuDeTableau
35,F1,29/08/09,Sochaux,Monaco,2.0,8.666666666666666,4.666666666666667,1,0,2,18.0,2.6666666666666665,0.0,1.0,13.333333333333336,6.666666666666666,2,0,1,16.666666666666668,2.0,0.3333333333333333,1.0,2009-08-29,BasDeTableau,MilieuDeTableau
36,F1,29/08/09,St Etienne,Grenoble,2.0,16.0,4.666666666666667,0,0,3,16.333333333333336,0.6666666666666666,0.0,0.3333333333333333,10.0,3.6666666666666665,0,0,3,15.0,2.0,0.0,0.6666666666666666,2009-08-29,BasDeTableau,BasDeTableau
37,F1,30/08/09,Marseille,Bordeaux,1.0,16.0,4.666666666666667,2,1,0,17.333333333333332,2.0,0.0,1.3333333333333333,14.666666666666664,6.0,3,0,0,15.333333333333332,0.3333333333333333,0.0,3.666666666666666,2009-08-30,HautDeTableau,HautDeTableau
38,F1,30/08/09,Paris SG,Lille,2.0,12.333333333333332,5.666666666666668,2,1,0,15.666666666666664,1.6666666666666663,0.0,2.333333333333333,14.333333333333332,5.333333333333334,0,1,2,20.0,1.3333333333333333,1.0,0.6666666666666666,2009-08-30,HautDeTableau,BasDeTableau
39,F1,30/08/09,Toulouse,Valenciennes,0.0,11.333333333333336,4.0,1,1,1,22.0,2.333333333333333,0.0,1.3333333333333333,14.666666666666668,3.0,0,0,3,18.0,2.333333333333333,0.3333333333333333,1.0,2009-08-30,MilieuDeTableau,BasDeTableau
40,F1,12/09/09,Bordeaux,Grenoble,2.0,12.75,5.75,3,1,0,16.75,1.5,0.0,2.75,10.75,3.25,0,0,4,14.25,2.0,0.0,0.5,2009-09-12,HautDeTableau,BasDeTableau
41,F1,12/09/09,Le Mans,Marseille,0.0,12.75,5.25,1,1,2,17.75,2.25,0.0,1.25,16.0,4.25,2,2,0,17.75,2.0,0.0,1.0,2009-09-12,MilieuDeTableau,HautDeTableau
42,F1,12/09/09,Lille,Sochaux,2.0,15.0,5.5,0,1,3,18.75,1.25,0.25,0.5,9.25,4.25,2,0,2,20.0,2.25,0.0,1.0,2009-09-12,BasDeTableau,MilieuDeTableau
43,F1,12/09/09,Lyon,Lorient,2.0,17.0,5.75,3,1,0,17.5,1.0,0.0,2.25,10.5,3.0,2,1,1,12.0,2.75,0.0,1.25,2009-09-12,HautDeTableau,MilieuDeTableau
44,F1,12/09/09,Montpellier,Lens,2.0,13.25,4.25,2,2,0,20.75,1.75,0.25,2.0,8.25,3.25,2,1,1,15.5,1.5,0.25,1.75,2009-09-12,HautDeTableau,HautDeTableau
45,F1,12/09/09,Nancy,Toulouse,1.0,9.5,4.5,2,0,2,15.0,2.5,0.0,2.25,13.75,5.0,1,1,2,19.75,2.0,0.0,1.0,2009-09-12,HautDeTableau,MilieuDeTableau
46,F1,12/09/09,Valenciennes,Boulogne,1.0,13.25,2.75,1,0,3,17.75,1.75,0.25,1.0,9.0,3.0,2,1,1,14.5,1.0,1.0,0.75,2009-09-12,MilieuDeTableau,MilieuDeTableau
47,F1,13/09/09,Auxerre,Nice,2.0,12.0,2.5,0,1,3,12.0,0.5,0.0,0.0,14.75,4.0,1,1,2,20.0,1.5,0.25,0.75,2009-09-13,BasDeTableau,BasDeTableau
48,F1,13/09/09,Monaco,Paris SG,2.0,14.0,6.25,2,0,2,18.75,2.25,0.25,0.75,11.75,6.0,3,1,0,15.5,1.25,0.0,2.5,2009-09-13,BasDeTableau,HautDeTableau
49,F1,13/09/09,Rennes,St Etienne,2.0,14.75,5.0,1,3,0,16.75,1.25,0.5,1.75,16.0,4.5,1,0,3,16.5,0.75,0.0,0.5,2009-09-13,MilieuDeTableau,BasDeTableau
50,F1,19/09/09,Boulogne,Bordeaux,0.0,9.2,3.0,2,2,1,14.6,1.0,0.2,0.8,12.6,5.199999999999998,4,1,0,16.2,1.2,0.0,2.4000000000000004,2009-09-19,MilieuDeTableau,HautDeTableau
51,F1,19/09/09,Grenoble,Rennes,0.0,10.0,3.4000000000000004,0,0,5,17.4,2.0,0.0,0.4,16.0,5.4,2,3,0,15.999999999999998,1.4,2.0,1.6,2009-09-19,BasDeTableau,HautDeTableau
52,F1,19/09/09,Lorient,Nancy,2.0,11.4,3.0,2,1,2,13.6,2.6,0.0,1.0,9.2,3.8,2,1,2,15.2,2.6,0.2,1.7999999999999998,2009-09-19,MilieuDeTableau,HautDeTableau
53,F1,19/09/09,Marseille,Montpellier,2.0,15.4,4.0,3,2,0,17.2,1.8,0.0,1.2000000000000002,13.4,4.2,3,2,0,20.8,2.0,0.2,1.8,2009-09-19,HautDeTableau,HautDeTableau
54,F1,19/09/09,Nice,Monaco,0.0,14.0,3.8,1,1,3,18.6,1.6,0.2,0.6000000000000001,13.8,5.8,3,0,2,18.0,2.0000000000000004,0.2,1.0,2009-09-19,BasDeTableau,MilieuDeTableau
55,F1,19/09/09,Sochaux,Valenciennes,0.0,8.6,3.8,2,0,3,19.0,2.2,0.0,0.8,14.8,2.8000000000000003,1,1,3,17.400000000000002,1.4,0.2,1.0,2009-09-19,BasDeTableau,MilieuDeTableau
56,F1,19/09/09,St Etienne,Auxerre,1.0,14.4,4.0,1,0,4,16.200000000000006,1.0,0.0,0.4,10.8,2.6,1,1,3,13.000000000000002,0.8,0.0,0.4,2009-09-19,BasDeTableau,BasDeTableau
57,F1,20/09/09,Lens,Lille,1.0,7.8,2.8,2,1,2,16.6,2.0,0.2,1.4,15.4,5.0,1,1,3,18.0,1.0,1.0,0.6000000000000001,2009-09-20,MilieuDeTableau,BasDeTableau
58,F1,20/09/09,Paris SG,Lyon,1.0,12.599999999999998,6.0,3,1,1,14.8,1.4,0.2,2.0,16.6,5.4,4,1,0,16.6,1.2000000000000002,0.0,2.0000000000000004,2009-09-20,HautDeTableau,HautDeTableau
59,F1,20/09/09,Toulouse,Le Mans,2.0,14.0,4.8,1,2,2,18.8,2.2,0.0,0.8,11.6,4.4,1,1,3,18.8,2.4,0.0,1.2,2009-09-20,BasDeTableau,MilieuDeTableau
60,F1,26/09/09,Auxerre,Grenoble,2.0,11.166666666666664,2.833333333333333,1,2,3,12.833333333333336,1.0,0.0,0.5,10.166666666666666,3.0,0,0,6,16.333333333333332,2.0,0.0,0.3333333333333333,2009-09-26,BasDeTableau,BasDeTableau
61,F1,26/09/09,Lorient,Paris SG,1.0,12.5,3.5,3,1,2,14.166666666666668,2.333333333333333,0.0,1.3333333333333333,12.833333333333336,6.166666666666668,3,2,1,14.499999999999998,1.3333333333333333,1.0,1.8333333333333333,2009-09-26,MilieuDeTableau,HautDeTableau
62,F1,26/09/09,Lyon,Toulouse,2.0,15.666666666666668,5.333333333333333,4,2,0,16.0,1.3333333333333333,0.0,1.8333333333333333,14.833333333333336,5.166666666666666,2,2,2,17.333333333333332,1.8333333333333333,0.0,1.0,2009-09-26,HautDeTableau,MilieuDeTableau
63,F1,26/09/09,Monaco,St Etienne,0.0,13.333333333333336,5.5,4,0,2,18.33333333333333,2.0,0.16666666666666666,1.3333333333333333,14.666666666666664,4.0,1,1,4,16.0,1.1666666666666663,0.0,0.5,2009-09-26,HautDeTableau,BasDeTableau
64,F1,26/09/09,Montpellier,Boulogne,2.0,13.333333333333336,4.166666666666666,3,2,1,21.333333333333336,2.166666666666667,0.16666666666666666,1.8333333333333333,8.333333333333334,2.6666666666666665,2,2,2,14.833333333333336,1.1666666666666663,1.0,0.6666666666666666,2009-09-26,HautDeTableau,MilieuDeTableau
65,F1,26/09/09,Nancy,Sochaux,2.0,9.333333333333334,3.5,2,1,3,15.666666666666664,2.5,0.16666666666666666,1.6666666666666667,10.166666666666666,4.333333333333334,2,0,4,17.333333333333332,2.0,0.16666666666666666,1.0,2009-09-26,MilieuDeTableau,BasDeTableau
66,F1,26/09/09,Valenciennes,Marseille,2.0,14.666666666666668,3.5,2,1,3,18.166666666666668,1.5,0.16666666666666666,1.6666666666666663,13.833333333333332,4.0,4,2,0,16.833333333333332,1.5,0.0,1.6666666666666663,2009-09-26,MilieuDeTableau,HautDeTableau
67,F1,27/09/09,Bordeaux,Rennes,2.0,13.333333333333336,5.166666666666667,5,1,0,15.833333333333336,1.3333333333333333,0.0,2.333333333333333,16.0,6.166666666666668,3,3,0,17.166666666666668,1.4999999999999998,2.0,2.0,2009-09-27,HautDeTableau,HautDeTableau
68,F1,27/09/09,Le Mans,Lens,2.0,12.833333333333332,4.666666666666666,1,1,4,18.5,2.333333333333333,0.0,1.0,8.666666666666666,2.6666666666666665,2,2,2,17.0,2.333333333333333,0.16666666666666666,1.3333333333333333,2009-09-27,BasDeTableau,MilieuDeTableau
69,F1,27/09/09,Lille,Nice,1.0,14.5,4.5,1,2,3,18.166666666666668,0.8333333333333333,0.3333333333333333,0.6666666666666666,14.500000000000002,3.6666666666666665,1,1,4,18.83333333333333,1.6666666666666663,0.16666666666666666,0.6666666666666666,2009-09-27,BasDeTableau,BasDeTableau
70,F1,03/10/09,Grenoble,Montpellier,0.0,10.0,3.1428571428571432,0,0,7,16.714285714285708,1.8571428571428568,0.14285714285714285,0.2857142857142857,14.571428571428573,3.8571428571428568,4,2,1,20.57142857142857,2.0,0.14285714285714285,1.714285714285714,2009-10-03,BasDeTableau,HautDeTableau
71,F1,03/10/09,Lens,Lyon,0.0,8.428571428571429,2.5714285714285707,2,2,3,16.571428571428573,2.0,0.14285714285714285,1.1428571428571428,17.428571428571427,6.0,5,2,0,15.571428571428573,1.4285714285714284,0.0,1.8571428571428568,2009-10-03,MilieuDeTableau,HautDeTableau
72,F1,03/10/09,Nice,Valenciennes,2.0,13.571428571428573,3.2857142857142856,1,2,4,19.142857142857142,1.714285714285714,0.14285714285714285,0.7142857142857142,13.714285714285715,3.7142857142857135,3,1,3,18.142857142857142,1.7142857142857142,0.14285714285714285,1.857142857142857,2009-10-03,BasDeTableau,HautDeTableau
73,F1,03/10/09,Paris SG,Nancy,1.0,11.857142857142858,5.857142857142858,3,3,1,14.571428571428573,1.4285714285714284,0.14285714285714285,1.7142857142857142,9.714285714285714,3.571428571428571,3,1,3,15.285714285714285,2.4285714285714284,0.14285714285714285,1.714285714285714,2009-10-03,HautDeTableau,MilieuDeTableau
74,F1,03/10/09,Rennes,Auxerre,0.0,15.285714285714285,5.571428571428571,3,3,1,17.142857142857142,1.5714285714285712,0.2857142857142857,1.7142857142857142,11.142857142857142,3.1428571428571432,2,2,3,13.428571428571427,0.8571428571428571,0.14285714285714285,0.7142857142857142,2009-10-03,HautDeTableau,BasDeTableau
75,F1,03/10/09,Sochaux,Le Mans,2.0,10.428571428571429,4.285714285714286,2,0,5,17.285714285714285,1.8571428571428568,0.14285714285714285,1.0,13.857142857142858,5.1428571428571415,2,1,4,18.428571428571427,2.0,0.0,1.2857142857142856,2009-10-03,BasDeTableau,MilieuDeTableau
76,F1,03/10/09,St Etienne,Bordeaux,2.0,13.714285714285712,3.7142857142857135,2,1,4,16.57142857142857,1.1428571428571428,0.0,0.7142857142857142,13.714285714285715,5.0,6,1,0,15.428571428571427,1.4285714285714284,0.0,2.142857142857143,2009-10-03,BasDeTableau,HautDeTableau
77,F1,04/10/09,Boulogne,Lille,0.0,7.857142857142858,2.285714285714285,2,2,3,15.571428571428571,1.4285714285714284,0.14285714285714285,0.5714285714285714,14.428571428571427,4.428571428571427,1,3,3,19.142857142857142,1.0,2.0,0.7142857142857142,2009-10-04,BasDeTableau,BasDeTableau
78,F1,04/10/09,Marseille,Monaco,0.0,13.571428571428573,4.285714285714286,4,2,1,15.857142857142856,1.5714285714285712,0.0,1.714285714285714,12.571428571428573,5.142857142857143,4,0,3,18.0,2.0,0.14285714285714285,1.2857142857142856,2009-10-04,HautDeTableau,MilieuDeTableau
79,F1,04/10/09,Toulouse,Lorient,0.0,13.857142857142858,4.7142857142857135,2,2,3,16.0,1.8571428571428568,0.0,1.0,13.0,3.714285714285714,3,2,2,14.428571428571427,2.2857142857142856,0.0,1.2857142857142856,2009-10-04,MilieuDeTableau,MilieuDeTableau
80,F1,17/10/09,Auxerre,Bordeaux,2.0,11.25,3.375,3,2,3,13.625,1.375,0.125,0.75,13.375,4.625,6,1,1,15.125,1.5,0.0,2.0,2009-10-17,MilieuDeTableau,HautDeTableau
81,F1,17/10/09,Le Mans,Boulogne,1.0,13.125,4.75,2,1,5,19.0,2.0,0.125,1.125,8.125,2.625,2,2,4,16.0,1.625,1.0,0.75,2009-10-17,MilieuDeTableau,BasDeTableau
82,F1,17/10/09,Lille,Rennes,1.0,14.375,4.5,2,3,3,19.0,1.0,0.25,1.0,14.625,5.25,3,3,2,17.125,1.875,2.125,1.5,2009-10-17,MilieuDeTableau,MilieuDeTableau
83,F1,17/10/09,Lyon,Sochaux,0.0,16.75,5.5,6,2,0,15.625,1.5,0.0,1.875,11.25,4.75,3,0,5,16.5,1.875,0.125,1.0,2009-10-17,HautDeTableau,MilieuDeTableau
84,F1,17/10/09,Montpellier,St Etienne,2.0,13.875,3.75,5,2,1,21.125,2.0,0.125,1.875,13.875,3.75,3,1,4,17.0,1.375,0.0,1.0,2009-10-17,HautDeTableau,MilieuDeTableau
85,F1,17/10/09,Nancy,Marseille,0.0,9.25,3.5,3,2,3,15.5,2.125,0.125,1.625,15.125,4.5,4,2,2,16.375,1.625,0.0,1.625,2009-10-17,MilieuDeTableau,MilieuDeTableau
86,F1,17/10/09,Valenciennes,Grenoble,2.0,12.5,3.625,3,1,4,18.875,1.75,0.25,1.875,10.875,3.625,0,0,8,17.75,1.875,1.0,0.5,2009-10-17,HautDeTableau,BasDeTableau
87,F1,18/10/09,Lorient,Nice,2.0,12.25,3.5,4,2,2,14.5,2.125,0.0,1.25,13.625,3.75,2,2,4,19.25,2.0,0.125,1.0,2009-10-18,MilieuDeTableau,MilieuDeTableau
88,F1,18/10/09,Monaco,Lens,2.0,12.0,4.875,5,0,3,17.875,2.125,0.125,1.375,8.75,2.875,2,2,4,16.25,1.875,0.125,1.0,2009-10-18,MilieuDeTableau,MilieuDeTableau
89,F1,18/10/09,Toulouse,Paris SG,2.0,14.25,4.75,2,2,4,15.875,1.875,0.0,0.875,13.0,5.625,3,4,1,14.375,1.375,1.0,1.625,2009-10-18,BasDeTableau,MilieuDeTableau
90,F1,24/10/09,Bordeaux,Le Mans,2.0,13.33333333333333,4.4444444444444455,6,1,2,14.444444444444445,1.4444444444444446,0.0,1.7777777777777777,13.555555555555555,5.0,2,2,5,18.44444444444445,2.0,1.0,1.1111111111111112,2009-10-24,HautDeTableau,MilieuDeTableau
91,F1,24/10/09,Boulogne,Monaco,0.0,8.888888888888888,2.5555555555555562,2,3,4,15.333333333333332,1.6666666666666663,0.1111111111111111,0.7777777777777777,12.444444444444445,5.111111111111111,6,0,3,19.0,2.2222222222222223,0.1111111111111111,1.4444444444444446,2009-10-24,BasDeTableau,HautDeTableau
92,F1,24/10/09,Grenoble,Nancy,0.0,10.777777777777775,3.333333333333333,0,0,9,17.777777777777782,1.8888888888888893,0.1111111111111111,0.4444444444444444,9.0,3.2222222222222223,3,2,4,15.111111111111114,2.1111111111111107,0.1111111111111111,1.4444444444444446,2009-10-24,BasDeTableau,MilieuDeTableau
93,F1,24/10/09,Nice,Lyon,2.0,13.111111111111114,3.4444444444444446,2,2,5,19.222222222222225,1.8888888888888893,0.2222222222222222,1.0,16.333333333333336,4.999999999999999,6,2,1,15.222222222222225,1.3333333333333337,0.0,1.666666666666667,2009-10-24,BasDeTableau,HautDeTableau
94,F1,24/10/09,Rennes,Montpellier,2.0,14.444444444444445,5.222222222222221,3,4,2,17.11111111111111,1.7777777777777781,0.3333333333333333,1.3333333333333333,14.333333333333336,4.0,6,2,1,20.666666666666668,1.8888888888888888,0.1111111111111111,1.8888888888888888,2009-10-24,MilieuDeTableau,HautDeTableau
95,F1,24/10/09,Sochaux,Lorient,2.0,11.0,4.5555555555555545,4,0,5,16.444444444444443,1.8888888888888893,0.1111111111111111,1.1111111111111112,13.111111111111109,3.888888888888889,5,2,2,14.222222222222221,2.0000000000000004,0.0,1.5555555555555556,2009-10-24,MilieuDeTableau,HautDeTableau
96,F1,24/10/09,St Etienne,Valenciennes,0.0,13.222222222222225,3.7777777777777777,3,1,5,16.666666666666668,1.3333333333333333,0.1111111111111111,1.0,12.444444444444445,3.888888888888889,4,1,4,19.555555555555557,1.6666666666666663,1.1111111111111112,1.8888888888888888,2009-10-24,BasDeTableau,HautDeTableau
97,F1,25/10/09,Auxerre,Lille,2.0,10.777777777777779,3.2222222222222223,4,2,3,13.555555555555555,1.4444444444444446,0.1111111111111111,0.7777777777777779,15.444444444444445,4.333333333333333,2,4,3,18.555555555555557,1.1111111111111112,2.0,0.8888888888888888,2009-10-25,MilieuDeTableau,BasDeTableau
98,F1,25/10/09,Lens,Toulouse,0.0,9.0,3.0,2,2,5,16.333333333333332,1.7777777777777781,0.1111111111111111,0.8888888888888888,13.888888888888891,4.666666666666667,3,2,4,15.777777777777775,1.8888888888888888,0.0,0.8888888888888888,2009-10-25,BasDeTableau,BasDeTableau
99,F1,31/10/09,Auxerre,Montpellier,2.0,10.899999999999995,3.7,5,2,3,13.500000000000002,1.5,0.1,1.0,14.1,3.9,6,2,2,20.3,2.1,0.1,1.7000000000000002,2009-10-31,MilieuDeTableau,HautDeTableau
100,F1,31/10/09,Bordeaux,Monaco,2.0,13.7,4.4,7,1,2,14.000000000000002,1.4,0.0,1.9000000000000004,13.2,5.5,7,0,3,18.2,2.4,0.1,1.6,2009-10-31,HautDeTableau,HautDeTableau
101,F1,31/10/09,Boulogne,Nancy,0.0,8.5,2.5000000000000004,2,3,5,15.6,1.6,0.2,0.8,8.4,3.1,4,2,4,15.1,2.1,0.1,1.5,2009-10-31,BasDeTableau,MilieuDeTableau
102,F1,31/10/09,Grenoble,Lille,0.0,11.3,3.5000000000000004,0,0,10,17.5,1.9,0.1,0.5,15.2,4.3,2,4,4,17.700000000000006,1.1,2.0,1.0,2009-10-31,BasDeTableau,BasDeTableau
103,F1,31/10/09,Lens,Lorient,1.0,9.1,3.1,2,2,6,16.3,1.8,0.1,0.7999999999999999,13.2,4.0,5,2,3,13.7,1.9000000000000004,0.0,1.4,2009-10-31,BasDeTableau,HautDeTableau
104,F1,31/10/09,Marseille,Toulouse,1.0,15.222222222222221,5.0,5,2,2,16.11111111111111,1.666666666666667,0.0,1.7777777777777781,13.9,4.6000000000000005,4,2,4,16.7,2.0,0.0,1.0,2009-10-31,HautDeTableau,MilieuDeTableau
105,F1,31/10/09,St Etienne,Lyon,0.0,13.900000000000002,4.1,3,1,6,16.400000000000002,1.4,0.1,0.9,16.7,4.999999999999999,6,2,2,15.7,1.5,0.0,1.6000000000000003,2009-10-31,BasDeTableau,HautDeTableau
106,F1,01/11/09,Nice,Le Mans,2.0,13.0,3.5,3,2,5,19.0,1.8000000000000005,0.2,1.3,13.000000000000002,4.800000000000002,2,2,6,18.2,2.0,1.0,1.0,2009-11-01,MilieuDeTableau,BasDeTableau
107,F1,01/11/09,Rennes,Valenciennes,0.0,14.6,5.3,4,4,2,16.999999999999996,1.6,0.30000000000000004,1.5,12.2,3.9,5,1,4,20.200000000000006,1.7,1.1,1.9,2009-11-01,MilieuDeTableau,HautDeTableau
108,F1,01/11/09,Sochaux,Paris SG,0.0,11.6,4.6,5,0,5,15.9,1.9,0.1,1.1,12.333333333333336,5.333333333333333,3,4,2,14.222222222222225,1.4444444444444446,1.0,1.4444444444444444,2009-11-01,MilieuDeTableau,MilieuDeTableau
109,F1,07/11/09,Le Mans,Auxerre,0.0,12.818181818181815,4.545454545454545,2,2,7,17.81818181818182,1.9090909090909087,0.18181818181818185,0.9090909090909092,10.909090909090908,3.727272727272727,6,2,3,13.636363636363635,1.4545454545454546,0.09090909090909093,1.0909090909090908,2009-11-07,BasDeTableau,MilieuDeTableau
110,F1,07/11/09,Lorient,Boulogne,2.0,13.090909090909092,3.8181818181818175,5,3,3,13.545454545454547,2.0,0.0,1.3636363636363638,8.545454545454543,2.636363636363636,2,3,6,15.727272727272725,1.7272727272727273,1.0909090909090908,0.8181818181818182,2009-11-07,MilieuDeTableau,BasDeTableau
111,F1,07/11/09,Monaco,Grenoble,1.0,13.0,5.2727272727272725,7,0,4,18.181818181818183,2.454545454545454,0.09090909090909093,1.4545454545454546,11.363636363636365,3.636363636363636,0,0,11,17.18181818181818,1.9090909090909092,1.0909090909090908,0.4545454545454546,2009-11-07,HautDeTableau,BasDeTableau
112,F1,07/11/09,Nancy,St Etienne,0.0,8.636363636363637,3.272727272727272,5,2,4,15.0,2.0,0.18181818181818185,1.5454545454545456,13.909090909090908,4.090909090909091,3,1,7,15.363636363636365,1.5454545454545454,1.0,0.8181818181818182,2009-11-07,MilieuDeTableau,BasDeTableau
113,F1,07/11/09,Paris SG,Nice,0.0,12.999999999999998,5.9,4,4,2,14.400000000000002,1.4,0.1,1.7000000000000002,13.272727272727273,3.8181818181818183,4,2,5,19.363636363636363,1.818181818181818,1.0909090909090908,1.2727272727272727,2009-11-07,HautDeTableau,MilieuDeTableau
114,F1,07/11/09,Sochaux,Lens,0.0,11.727272727272727,4.454545454545454,5,0,6,15.545454545454547,1.818181818181818,0.09090909090909093,1.0909090909090908,9.90909090909091,3.363636363636364,2,3,6,16.272727272727273,1.6363636363636362,0.09090909090909093,0.8181818181818182,2009-11-07,MilieuDeTableau,BasDeTableau
115,F1,07/11/09,Valenciennes,Montpellier,1.0,11.636363636363633,3.9090909090909096,6,1,4,20.272727272727273,1.7272727272727273,0.18181818181818185,2.0,14.454545454545453,4.181818181818183,6,2,3,20.363636363636367,2.0,1.0909090909090908,1.6363636363636362,2009-11-07,HautDeTableau,HautDeTableau
116,F1,08/11/09,Lille,Bordeaux,2.0,15.090909090909092,4.2727272727272725,3,4,4,17.909090909090907,1.0909090909090908,0.18181818181818185,1.0909090909090908,14.363636363636365,4.727272727272727,8,1,2,14.363636363636365,1.3636363636363635,0.0,1.8181818181818181,2009-11-08,BasDeTableau,HautDeTableau
117,F1,08/11/09,Lyon,Marseille,1.0,17.18181818181818,5.272727272727273,7,2,2,16.09090909090909,1.6363636363636365,0.0,1.5454545454545454,17.2,5.3,5,3,2,15.8,1.8,0.0,1.7000000000000002,2009-11-08,HautDeTableau,HautDeTableau
118,F1,08/11/09,Toulouse,Rennes,2.0,13.09090909090909,4.454545454545454,4,3,4,17.27272727272727,2.090909090909091,0.09090909090909093,1.0,14.545454545454545,5.0,4,4,3,17.27272727272727,1.7272727272727273,2.090909090909091,1.3636363636363638,2009-11-08,BasDeTableau,MilieuDeTableau
119,F1,20/11/09,Marseille,Paris SG,2.0,17.272727272727273,5.454545454545455,5,4,2,16.09090909090909,1.8181818181818183,0.0,2.0,13.09090909090909,5.7272727272727275,4,4,3,13.90909090909091,1.3636363636363635,1.0,1.5454545454545454,2009-11-20,HautDeTableau,MilieuDeTableau
120,F1,21/11/09,Auxerre,Monaco,2.0,10.75,3.6666666666666665,7,2,3,13.750000000000002,1.4166666666666667,0.08333333333333333,1.0833333333333333,12.583333333333332,5.083333333333334,7,1,4,18.08333333333333,2.25,0.08333333333333333,1.3333333333333333,2009-11-21,HautDeTableau,HautDeTableau
121,F1,21/11/09,Bordeaux,Valenciennes,0.0,14.0,4.500000000000001,8,1,3,14.500000000000002,1.4166666666666663,0.0,1.6666666666666663,11.583333333333336,3.666666666666667,6,2,4,19.583333333333336,1.7500000000000002,1.0833333333333333,1.9166666666666667,2009-11-21,HautDeTableau,HautDeTableau
122,F1,21/11/09,Grenoble,Lyon,1.0,11.083333333333336,3.5,0,1,11,16.416666666666668,1.8333333333333333,0.16666666666666666,0.4166666666666666,16.666666666666668,5.416666666666668,7,3,2,16.166666666666668,1.8333333333333333,0.0,1.8333333333333333,2009-11-21,BasDeTableau,HautDeTableau
123,F1,21/11/09,Lens,Nancy,2.0,9.833333333333332,3.333333333333333,3,3,6,16.333333333333332,1.4999999999999998,0.08333333333333333,0.9166666666666666,9.916666666666668,3.4166666666666665,5,2,5,15.083333333333332,1.9166666666666667,1.0833333333333333,1.4166666666666667,2009-11-21,BasDeTableau,MilieuDeTableau
124,F1,21/11/09,Rennes,Le Mans,2.0,14.916666666666668,5.0,4,4,4,16.833333333333332,1.583333333333333,0.25,1.4166666666666667,12.58333333333333,4.333333333333333,2,2,8,18.25,2.0,2.0,0.8333333333333334,2009-11-21,MilieuDeTableau,BasDeTableau
125,F1,22/11/09,Montpellier,Lille,2.0,13.583333333333336,3.9166666666666665,6,3,3,20.333333333333336,2.1666666666666665,0.16666666666666666,1.5833333333333333,15.083333333333332,4.416666666666667,4,4,4,17.333333333333336,1.0833333333333333,2.0,1.1666666666666663,2009-11-22,MilieuDeTableau,BasDeTableau
126,F1,22/11/09,Nice,Toulouse,2.0,13.416666666666668,3.833333333333334,5,2,5,19.08333333333333,1.8333333333333333,0.16666666666666666,1.2499999999999998,12.833333333333332,4.333333333333333,5,3,4,17.333333333333332,1.9166666666666667,1.0,1.1666666666666667,2009-11-22,MilieuDeTableau,MilieuDeTableau
127,F1,22/11/09,St Etienne,Lorient,0.0,13.583333333333332,3.916666666666667,4,1,7,15.33333333333333,1.5,0.08333333333333333,0.8333333333333334,13.666666666666664,4.333333333333333,6,3,3,13.083333333333336,1.833333333333333,0.0,1.6666666666666667,2009-11-22,BasDeTableau,HautDeTableau
128,F1,28/11/09,Lens,Marseille,2.0,10.230769230769226,3.615384615384615,4,3,6,16.53846153846154,1.5384615384615383,0.07692307692307693,1.0,16.75,5.5,6,4,2,15.75,1.8333333333333333,0.0,1.9166666666666663,2009-11-28,BasDeTableau,HautDeTableau
129,F1,28/11/09,Lille,Valenciennes,2.0,14.615384615384615,4.230769230769232,4,4,5,17.69230769230769,1.3076923076923077,0.15384615384615385,1.0769230769230769,10.923076923076923,3.615384615384616,7,2,4,19.230769230769234,1.8461538461538465,1.0769230769230769,1.8461538461538456,2009-11-28,BasDeTableau,HautDeTableau
130,F1,28/11/09,Lorient,Grenoble,1.0,13.53846153846154,4.461538461538461,7,3,3,13.384615384615385,1.6923076923076923,0.0,1.6923076923076918,11.153846153846152,3.615384615384616,0,2,11,15.769230769230768,1.7692307692307687,1.1538461538461535,0.4615384615384616,2009-11-28,HautDeTableau,BasDeTableau
131,F1,28/11/09,Paris SG,Auxerre,2.0,12.416666666666668,5.333333333333333,4,4,4,14.166666666666668,1.333333333333333,0.08333333333333333,1.4166666666666663,10.769230769230768,3.7692307692307696,8,2,3,13.846153846153845,1.3846153846153844,0.07692307692307693,1.1538461538461542,2009-11-28,MilieuDeTableau,HautDeTableau
132,F1,28/11/09,Sochaux,Nice,2.0,12.666666666666664,4.583333333333334,5,0,7,14.999999999999998,1.6666666666666667,0.08333333333333333,1.0833333333333333,13.076923076923075,3.692307692307692,6,2,5,18.615384615384613,1.8461538461538456,1.0769230769230769,1.2307692307692306,2009-11-28,BasDeTableau,MilieuDeTableau
133,F1,28/11/09,Toulouse,Boulogne,2.0,12.769230769230768,4.384615384615385,5,3,5,17.307692307692307,1.846153846153846,0.07692307692307693,1.0769230769230769,8.75,2.666666666666667,2,3,7,15.166666666666668,1.5833333333333333,1.0833333333333333,0.7500000000000001,2009-11-28,MilieuDeTableau,BasDeTableau
134,F1,29/11/09,Le Mans,St Etienne,1.0,12.384615384615385,4.384615384615384,2,2,9,17.615384615384613,1.9230769230769231,0.15384615384615385,0.8461538461538459,14.153846153846152,3.8461538461538463,4,1,8,15.153846153846152,1.4615384615384617,1.0,0.7692307692307692,2009-11-29,BasDeTableau,BasDeTableau
135,F1,29/11/09,Lyon,Rennes,1.0,16.307692307692307,5.153846153846153,7,4,2,16.461538461538463,1.8461538461538465,0.0,1.769230769230769,14.769230769230768,5.0769230769230775,5,4,4,16.769230769230777,1.6153846153846154,2.0769230769230766,1.4615384615384617,2009-11-29,HautDeTableau,MilieuDeTableau
136,F1,29/11/09,Nancy,Bordeaux,0.0,10.384615384615383,3.4615384615384617,5,2,6,15.307692307692307,1.9230769230769231,0.15384615384615385,1.3846153846153844,14.769230769230774,4.6923076923076925,8,1,4,14.46153846153846,1.4615384615384612,0.0,1.5384615384615383,2009-11-29,MilieuDeTableau,HautDeTableau
137,F1,02/12/09,Boulogne,Paris SG,0.0,8.846153846153848,2.769230769230769,2,3,8,15.30769230769231,1.615384615384616,0.15384615384615385,0.6923076923076923,12.384615384615385,5.307692307692308,5,4,4,14.076923076923075,1.3846153846153846,1.0,1.3846153846153846,2009-12-02,BasDeTableau,MilieuDeTableau
138,F1,05/12/09,Bordeaux,Paris SG,2.0,14.571428571428571,4.928571428571429,9,1,4,14.499999999999998,1.3571428571428568,0.0,1.6428571428571426,12.428571428571429,5.499999999999999,6,4,4,14.357142857142856,1.3571428571428568,1.0,1.6428571428571428,2009-12-05,HautDeTableau,MilieuDeTableau
139,F1,05/12/09,Montpellier,Le Mans,2.0,13.769230769230768,4.000000000000001,7,3,3,20.076923076923077,2.1538461538461537,0.15384615384615385,1.6153846153846154,12.857142857142856,4.5,2,3,9,17.78571428571428,1.928571428571428,2.0,0.857142857142857,2009-12-05,HautDeTableau,BasDeTableau
140,F1,05/12/09,Nice,Marseille,0.0,13.714285714285715,3.9999999999999987,6,2,6,17.928571428571427,1.928571428571428,0.14285714285714285,1.1428571428571428,16.61538461538462,5.461538461538462,6,4,3,16.076923076923073,1.8461538461538456,0.0,1.7692307692307692,2009-12-05,MilieuDeTableau,HautDeTableau
141,F1,05/12/09,Rennes,Lorient,2.0,14.428571428571427,5.071428571428571,5,5,4,16.857142857142858,1.7142857142857135,0.21428571428571427,1.4285714285714284,12.857142857142858,4.285714285714287,7,4,3,13.714285714285715,1.6428571428571426,0.0,1.7142857142857142,2009-12-05,MilieuDeTableau,HautDeTableau
142,F1,05/12/09,St Etienne,Sochaux,1.0,13.928571428571427,3.7142857142857135,4,2,8,14.928571428571427,1.4999999999999998,0.07142857142857142,0.7857142857142856,12.615384615384615,4.538461538461538,6,0,7,15.538461538461535,1.8461538461538456,0.07692307692307693,1.0769230769230769,2009-12-05,BasDeTableau,BasDeTableau
143,F1,05/12/09,Valenciennes,Monaco,2.0,10.571428571428571,3.5,7,2,5,19.785714285714285,2.0,0.14285714285714285,1.714285714285714,12.769230769230766,4.846153846153847,7,1,5,17.76923076923077,2.3846153846153846,0.07692307692307693,1.2307692307692308,2009-12-05,HautDeTableau,MilieuDeTableau
144,F1,06/12/09,Auxerre,Nancy,0.0,10.714285714285714,3.785714285714286,8,2,4,13.714285714285715,1.4999999999999998,0.07142857142857142,1.0714285714285712,10.5,3.4285714285714284,5,2,7,15.071428571428573,1.7857142857142854,1.0714285714285714,1.2857142857142854,2009-12-06,HautDeTableau,MilieuDeTableau
145,F1,06/12/09,Boulogne,Lens,2.0,8.642857142857142,2.7857142857142856,2,3,9,15.285714285714285,1.5714285714285712,0.14285714285714285,0.7857142857142856,10.0,3.571428571428571,5,3,6,16.57142857142857,1.5714285714285712,0.07142857142857142,0.9999999999999998,2009-12-06,BasDeTableau,BasDeTableau
146,F1,06/12/09,Grenoble,Toulouse,2.0,11.285714285714285,3.785714285714286,0,3,11,15.928571428571427,1.7142857142857135,0.21428571428571427,0.5714285714285714,12.928571428571427,4.428571428571427,6,3,5,16.92857142857143,1.714285714285714,1.0,1.0714285714285714,2009-12-06,BasDeTableau,MilieuDeTableau
147,F1,06/12/09,Lille,Lyon,2.0,14.5,4.285714285714286,5,4,5,17.571428571428573,1.3571428571428568,0.14285714285714285,1.2857142857142856,16.214285714285715,5.142857142857143,7,5,2,15.928571428571427,1.7857142857142854,0.0,1.714285714285714,2009-12-06,MilieuDeTableau,HautDeTableau
148,F1,10/12/09,Lille,St Etienne,2.0,15.066666666666668,4.933333333333334,6,4,5,17.333333333333332,1.4666666666666666,0.13333333333333333,1.4666666666666666,14.199999999999998,3.733333333333333,4,3,8,15.200000000000005,1.4,1.0,0.7333333333333334,2009-12-10,MilieuDeTableau,BasDeTableau
149,F1,10/12/09,Toulouse,Sochaux,2.0,13.2,4.6000000000000005,6,3,6,17.333333333333336,1.6666666666666663,0.06666666666666668,1.0,12.5,4.571428571428571,6,1,7,15.142857142857142,1.8571428571428568,0.07142857142857142,0.9999999999999998,2009-12-10,MilieuDeTableau,BasDeTableau
150,F1,12/12/09,Le Mans,Valenciennes,2.0,12.666666666666664,4.4,2,3,10,17.666666666666664,2.0,0.2,0.8666666666666667,11.2,3.733333333333333,8,2,5,19.866666666666664,2.0666666666666664,1.0666666666666669,1.7999999999999998,2009-12-12,BasDeTableau,HautDeTableau
151,F1,12/12/09,Lens,Nice,2.0,10.4,3.5333333333333337,5,3,7,16.53333333333333,1.6,0.06666666666666668,1.0,13.133333333333335,3.8,6,2,7,18.2,2.0,1.1333333333333333,1.1333333333333333,2009-12-12,BasDeTableau,BasDeTableau
152,F1,12/12/09,Lorient,Auxerre,1.0,12.6,4.0,7,4,4,13.866666666666665,1.6666666666666663,0.0,1.6,10.866666666666665,3.8666666666666663,8,2,5,13.6,1.6666666666666663,0.06666666666666668,1.0666666666666669,2009-12-12,MilieuDeTableau,HautDeTableau
153,F1,12/12/09,Marseille,Boulogne,2.0,16.142857142857142,5.428571428571427,7,4,3,16.714285714285715,1.8571428571428563,0.0,1.8571428571428568,8.666666666666666,2.8000000000000003,3,3,9,15.466666666666665,1.7333333333333332,1.1333333333333333,0.8666666666666666,2009-12-12,HautDeTableau,BasDeTableau
154,F1,12/12/09,Nancy,Rennes,0.0,10.333333333333334,3.466666666666667,6,2,7,15.266666666666666,1.933333333333333,0.2,1.4,15.133333333333333,5.466666666666668,6,5,4,16.666666666666664,1.6666666666666663,2.066666666666667,1.4,2009-12-12,MilieuDeTableau,MilieuDeTableau
155,F1,13/12/09,Lyon,Bordeaux,0.0,15.866666666666667,5.0,7,5,3,16.400000000000002,2.0,0.0,1.7999999999999998,14.4,4.866666666666666,10,1,4,14.466666666666667,1.4,0.0,1.6,2009-12-13,HautDeTableau,HautDeTableau
156,F1,13/12/09,Monaco,Lille,0.0,12.642857142857144,4.92857142857143,7,1,6,17.428571428571427,2.3571428571428568,0.07142857142857142,1.2142857142857142,15.1875,4.9375,7,4,5,17.1875,1.375,2.0,1.625,2009-12-13,MilieuDeTableau,HautDeTableau
157,F1,13/12/09,Paris SG,St Etienne,2.0,12.06666666666667,5.199999999999998,6,4,5,14.8,1.3333333333333333,0.06666666666666668,1.5333333333333332,13.8125,3.625,4,3,9,15.3125,1.4375,2.0,0.6875,2009-12-13,MilieuDeTableau,BasDeTableau
158,F1,13/12/09,Sochaux,Grenoble,2.0,12.466666666666667,4.466666666666667,6,1,8,14.999999999999998,1.7999999999999998,0.06666666666666668,0.9333333333333332,11.4,3.933333333333333,1,3,11,15.599999999999998,1.6666666666666663,1.1333333333333333,0.6,2009-12-13,BasDeTableau,BasDeTableau
159,F1,13/12/09,Toulouse,Montpellier,0.0,13.1875,4.625,7,3,6,17.375,1.625,0.0625,1.0625,13.714285714285715,4.285714285714286,8,3,3,20.0,2.2142857142857144,1.0714285714285714,1.6428571428571423,2009-12-13,MilieuDeTableau,HautDeTableau
160,F1,15/12/09,Valenciennes,Auxerre,1.0,11.375,3.75,8,2,6,19.6875,2.125,0.125,1.75,10.8125,3.875,8,3,5,13.5,1.6875,0.0625,1.0,2009-12-15,HautDeTableau,MilieuDeTableau
161,F1,16/12/09,Le Mans,Grenoble,2.0,12.375,4.375,3,3,10,17.5625,2.125,0.25,0.9375,11.625,4.0,1,3,12,15.75,1.75,1.125,0.5625,2009-12-16,BasDeTableau,BasDeTableau
162,F1,16/12/09,Lorient,Marseille,0.0,12.6875,4.125,7,5,4,13.5,1.5625,0.0,1.5,16.73333333333333,5.6,8,4,3,16.46666666666667,1.7333333333333332,0.0,1.8666666666666665,2009-12-16,MilieuDeTableau,HautDeTableau
163,F1,16/12/09,Lyon,Boulogne,2.0,15.625,4.875,7,5,4,16.5625,2.125,0.0,1.6875,8.375,2.6875,3,3,10,15.6875,1.6875,2.125,0.8125,2009-12-16,HautDeTableau,BasDeTableau
164,F1,16/12/09,Monaco,Rennes,2.0,12.399999999999995,4.866666666666668,7,1,7,17.466666666666665,2.4,0.13333333333333333,1.1333333333333333,14.5625,5.25,7,5,4,16.625,1.5625,2.0625,1.4375,2009-12-16,MilieuDeTableau,MilieuDeTableau
165,F1,16/12/09,Montpellier,Bordeaux,0.0,13.2,4.066666666666666,9,3,3,19.6,2.2,0.13333333333333333,1.6,14.5,4.75,11,1,4,14.4375,1.375,0.0,1.5625,2009-12-16,HautDeTableau,HautDeTableau
166,F1,16/12/09,Nancy,Nice,2.0,10.8125,3.6875,6,2,8,14.9375,1.875,0.25,1.375,13.0,3.8125,6,2,8,18.125,2.0625,2.125,1.0625,2009-12-16,MilieuDeTableau,BasDeTableau
167,F1,16/12/09,Paris SG,Lens,1.0,12.375,5.5,7,4,5,14.75,1.375,0.0625,1.625,11.25,3.875,6,3,7,16.4375,1.5625,0.0625,1.0625,2009-12-16,MilieuDeTableau,BasDeTableau
168,F1,19/12/09,Bordeaux,Lorient,2.0,14.176470588235292,4.588235294117646,12,1,4,15.000000000000002,1.4705882352941178,0.0,1.5294117647058825,12.470588235294116,4.058823529411765,7,5,5,13.588235294117649,1.5882352941176472,0.0,1.4705882352941178,2009-12-19,HautDeTableau,MilieuDeTableau
169,F1,19/12/09,Grenoble,Nice,1.0,12.0,4.0,1,3,13,15.647058823529413,1.7058823529411766,0.1764705882352941,0.5294117647058824,12.588235294117649,3.6470588235294112,6,2,9,17.823529411764707,2.058823529411765,2.117647058823529,1.0,2009-12-19,BasDeTableau,BasDeTableau
170,F1,19/12/09,Montpellier,Nancy,0.0,12.9375,4.0,9,3,4,19.875,2.3125,0.125,1.5,11.411764705882357,3.9411764705882346,7,2,8,14.705882352941178,1.7647058823529411,2.117647058823529,1.4117647058823528,2009-12-19,HautDeTableau,MilieuDeTableau
171,F1,19/12/09,Rennes,Paris SG,2.0,14.352941176470587,5.176470588235294,7,5,5,16.941176470588232,1.5294117647058825,0.1764705882352941,1.3529411764705883,12.176470588235292,5.352941176470588,7,5,5,15.0,1.5294117647058825,1.0,1.5882352941176472,2009-12-19,MilieuDeTableau,HautDeTableau
172,F1,19/12/09,St Etienne,Marseille,1.0,13.588235294117649,3.5294117647058822,4,3,10,15.529411764705882,1.5294117647058825,0.1176470588235294,0.6470588235294118,16.75,5.4375,9,4,3,16.125,1.6875,0.0,1.875,2009-12-19,BasDeTableau,HautDeTableau
173,F1,19/12/09,Valenciennes,Lens,1.0,11.529411764705882,3.647058823529412,8,3,6,19.41176470588235,2.0588235294117645,0.1176470588235294,1.647058823529412,11.058823529411766,3.705882352941176,6,4,7,16.470588235294116,1.5882352941176472,0.05882352941176471,1.0588235294117647,2009-12-19,HautDeTableau,BasDeTableau
174,F1,20/12/09,Auxerre,Toulouse,1.0,10.529411764705884,3.7647058823529416,8,4,5,13.823529411764705,1.647058823529412,0.05882352941176471,0.9411764705882354,12.999999999999998,4.5294117647058805,7,3,7,17.294117647058822,1.5882352941176472,1.0,1.0,2009-12-20,MilieuDeTableau,MilieuDeTableau
175,F1,20/12/09,Lille,Le Mans,2.0,15.588235294117649,5.117647058823528,8,4,5,17.411764705882348,1.3529411764705883,0.1176470588235294,1.7647058823529411,12.470588235294118,4.470588235294118,4,3,10,17.47058823529412,2.117647058823529,3.0588235294117645,0.9411764705882354,2009-12-20,HautDeTableau,BasDeTableau
176,F1,20/12/09,Monaco,Lyon,1.0,12.1875,4.8125,8,1,7,17.5,2.3125,0.125,1.125,16.235294117647058,4.941176470588236,8,5,4,16.294117647058822,2.0588235294117645,0.0,1.7058823529411766,2009-12-20,MilieuDeTableau,HautDeTableau
177,F1,22/12/09,Lens,St Etienne,2.0,10.777777777777779,3.666666666666666,6,5,7,16.77777777777778,1.5000000000000002,0.05555555555555555,1.0000000000000002,13.388888888888891,3.4444444444444446,4,4,10,15.611111111111114,1.5555555555555556,2.055555555555556,0.6111111111111112,2009-12-22,MilieuDeTableau,BasDeTableau
178,F1,23/12/09,Le Mans,Monaco,1.0,11.944444444444445,4.277777777777779,4,3,11,17.88888888888889,2.111111111111112,0.2222222222222222,0.8888888888888891,12.235294117647056,4.882352941176468,8,2,7,17.23529411764706,2.294117647058824,0.1176470588235294,1.1176470588235294,2009-12-23,BasDeTableau,MilieuDeTableau
179,F1,23/12/09,Lorient,Valenciennes,2.0,12.555555555555555,3.9444444444444446,7,5,6,13.5,1.5000000000000004,0.0,1.4444444444444446,11.722222222222225,3.7777777777777786,8,4,6,19.277777777777775,1.9444444444444449,1.0555555555555556,1.5555555555555558,2009-12-23,MilieuDeTableau,HautDeTableau
180,F1,23/12/09,Lyon,Montpellier,0.0,15.999999999999998,4.944444444444444,8,6,4,16.444444444444443,2.166666666666667,0.0,1.666666666666667,13.058823529411766,4.058823529411764,9,3,5,19.764705882352942,2.1764705882352944,1.0588235294117647,1.4117647058823528,2009-12-23,HautDeTableau,HautDeTableau
181,F1,23/12/09,Marseille,Auxerre,0.0,17.294117647058822,5.5882352941176485,9,5,3,16.411764705882348,1.647058823529412,0.0,1.7647058823529411,10.888888888888891,3.833333333333333,8,5,5,14.055555555555555,1.6111111111111116,0.05555555555555555,0.9444444444444446,2009-12-23,HautDeTableau,MilieuDeTableau
182,F1,23/12/09,Nancy,Lille,0.0,11.444444444444445,3.9444444444444446,8,2,8,15.277777777777779,1.7222222222222223,0.2222222222222222,1.4444444444444449,15.555555555555555,5.277777777777779,9,4,5,17.333333333333336,1.3333333333333337,2.0,1.8333333333333337,2009-12-23,MilieuDeTableau,HautDeTableau
183,F1,23/12/09,Nice,Boulogne,1.0,12.722222222222225,3.888888888888889,6,3,9,17.833333333333332,2.111111111111112,0.2222222222222222,1.0,8.235294117647058,2.705882352941176,3,3,11,15.647058823529413,1.823529411764706,2.117647058823529,0.7647058823529412,2009-12-23,BasDeTableau,BasDeTableau
184,F1,23/12/09,Paris SG,Grenoble,2.0,11.944444444444445,5.0555555555555545,7,5,6,14.722222222222221,1.5000000000000002,0.05555555555555555,1.5,12.499999999999998,4.111111111111111,1,4,13,15.388888888888893,1.7222222222222228,1.1111111111111112,0.5555555555555556,2009-12-23,MilieuDeTableau,BasDeTableau
185,F1,23/12/09,Sochaux,Rennes,2.0,12.6875,4.5625,7,1,8,15.375,1.8125,0.0625,0.9375,14.611111111111109,5.222222222222221,8,5,5,16.666666666666668,1.4444444444444446,2.055555555555556,1.3333333333333337,2009-12-23,BasDeTableau,MilieuDeTableau
186,F1,23/12/09,Toulouse,Bordeaux,0.0,12.722222222222221,4.5555555555555545,7,4,7,17.722222222222218,1.7222222222222223,0.1111111111111111,1.0,14.444444444444445,4.833333333333334,13,1,4,15.111111111111116,1.4444444444444449,0.0,1.666666666666667,2009-12-23,MilieuDeTableau,HautDeTableau
187,F1,13/01/10,Boulogne,Sochaux,1.0,8.333333333333332,2.8888888888888884,3,4,11,15.388888888888891,1.7777777777777781,0.2222222222222222,0.8333333333333335,12.705882352941178,4.64705882352941,8,1,8,15.117647058823529,1.7058823529411766,0.05882352941176471,1.0,2010-01-13,BasDeTableau,MilieuDeTableau
188,F1,13/01/10,Monaco,Montpellier,2.0,12.5,4.8888888888888875,8,3,7,17.11111111111111,2.3888888888888893,0.1111111111111111,1.1111111111111112,12.611111111111114,3.9999999999999987,10,3,5,19.388888888888886,2.222222222222222,1.0555555555555556,1.4444444444444446,2010-01-13,MilieuDeTableau,HautDeTableau
189,F1,16/01/10,Auxerre,Boulogne,1.0,10.789473684210527,3.736842105263158,9,5,5,14.210526315789476,1.6315789473684208,0.05263157894736842,1.0,8.368421052631579,2.8421052631578947,3,5,11,15.315789473684205,1.6842105263157892,2.1052631578947367,0.7894736842105263,2010-01-16,HautDeTableau,BasDeTableau
190,F1,16/01/10,Grenoble,St Etienne,0.0,12.63157894736842,4.263157894736842,1,4,14,15.31578947368421,1.6842105263157892,0.15789473684210525,0.5263157894736842,13.105263157894738,3.3157894736842097,4,4,11,15.578947368421053,1.5789473684210522,2.0526315789473686,0.5789473684210527,2010-01-16,BasDeTableau,BasDeTableau
191,F1,16/01/10,Le Mans,Lorient,0.0,12.052631578947365,4.2105263157894735,4,4,11,17.63157894736842,2.0526315789473686,0.21052631578947367,0.8947368421052628,12.947368421052628,4.052631578947368,8,5,6,13.36842105263158,1.4736842105263157,0.0,1.526315789473684,2010-01-16,BasDeTableau,MilieuDeTableau
192,F1,16/01/10,Lille,Paris SG,2.0,15.684210526315788,5.315789473684209,10,4,5,17.210526315789473,1.3684210526315788,0.10526315789473684,1.947368421052632,11.894736842105262,5.105263157894736,8,5,6,15.0,1.526315789473684,1.0,1.6315789473684208,2010-01-16,HautDeTableau,HautDeTableau
193,F1,16/01/10,Monaco,Sochaux,2.0,12.89473684210526,5.052631578947368,9,3,7,17.210526315789476,2.315789473684211,0.10526315789473684,1.2631578947368418,12.666666666666664,4.499999999999998,8,2,8,14.83333333333333,1.666666666666667,0.05555555555555555,0.9444444444444446,2010-01-16,MilieuDeTableau,BasDeTableau
194,F1,16/01/10,Montpellier,Nice,2.0,12.63157894736842,3.8947368421052633,10,3,6,19.63157894736842,2.210526315789473,0.15789473684210525,1.3684210526315788,13.0,4.0,6,4,9,17.578947368421055,2.1052631578947363,2.1052631578947367,1.052631578947368,2010-01-16,HautDeTableau,MilieuDeTableau
195,F1,16/01/10,Nancy,Lyon,0.0,11.421052631578947,3.7894736842105265,8,2,9,14.894736842105265,1.684210526315789,0.2631578947368421,1.3684210526315788,15.684210526315795,4.789473684210527,8,6,5,16.684210526315788,2.210526315789473,0.0,1.6315789473684208,2010-01-16,MilieuDeTableau,HautDeTableau
196,F1,16/01/10,Rennes,Lens,1.0,14.473684210526313,5.052631578947369,8,5,6,16.42105263157895,1.5789473684210524,0.21052631578947367,1.2631578947368418,11.05263157894737,3.947368421052632,7,5,7,16.94736842105263,1.4210526315789471,0.05263157894736842,1.0,2010-01-16,MilieuDeTableau,MilieuDeTableau
197,F1,16/01/10,Valenciennes,Toulouse,0.0,11.578947368421053,3.8947368421052624,8,4,7,19.210526315789476,2.0,0.10526315789473684,1.5789473684210522,13.0,4.578947368421051,7,4,8,17.894736842105264,1.7368421052631575,2.0526315789473686,1.0,2010-01-16,MilieuDeTableau,MilieuDeTableau
198,F1,17/01/10,Bordeaux,Marseille,1.0,14.263157894736846,4.8421052631578965,14,1,4,15.105263157894733,1.4736842105263157,0.0,1.6842105263157894,17.055555555555557,5.500000000000001,9,5,4,16.499999999999996,1.6666666666666672,0.0,1.666666666666667,2010-01-17,HautDeTableau,HautDeTableau
199,F1,19/01/10,St Etienne,Rennes,1.0,13.050000000000004,3.3500000000000005,5,4,11,15.95,1.5500000000000005,0.15000000000000002,0.65,14.5,4.999999999999999,8,6,6,16.349999999999998,1.55,3.05,1.2500000000000002,2010-01-19,BasDeTableau,MilieuDeTableau
200,F1,20/01/10,Boulogne,Valenciennes,0.0,8.25,2.7,3,6,11,15.3,1.75,0.2,0.75,11.749999999999998,3.85,8,4,8,19.3,1.95,1.05,1.55,2010-01-20,BasDeTableau,MilieuDeTableau
201,F1,20/01/10,Grenoble,Bordeaux,0.0,13.25,4.25,1,4,15,15.35,1.6000000000000003,0.15000000000000002,0.55,14.099999999999998,4.699999999999998,14,2,4,15.249999999999998,1.4500000000000002,0.05,1.6500000000000004,2010-01-20,BasDeTableau,HautDeTableau
202,F1,20/01/10,Lens,Montpellier,0.0,11.35,4.05,7,6,7,16.75,1.4000000000000004,0.1,1.0,13.1,4.1,11,3,6,19.25,2.15,2.05,1.3500000000000003,2010-01-20,BasDeTableau,HautDeTableau
203,F1,20/01/10,Lorient,Lyon,0.0,12.849999999999996,4.05,9,5,6,13.4,1.5500000000000005,0.0,1.6,15.3,4.699999999999998,9,6,5,16.85,2.2,0.0,1.6500000000000004,2010-01-20,HautDeTableau,HautDeTableau
204,F1,20/01/10,Marseille,Le Mans,2.0,16.894736842105264,5.421052631578947,9,6,4,16.736842105263158,1.7368421052631575,0.0,1.6315789473684206,11.9,4.25,4,4,12,17.4,2.0,3.05,0.8500000000000001,2010-01-20,HautDeTableau,BasDeTableau
205,F1,20/01/10,Nice,Auxerre,0.0,12.650000000000002,3.8,6,4,10,18.05,2.2,0.2,1.0000000000000002,10.9,3.7500000000000013,9,6,5,14.15,1.6000000000000003,0.05,0.95,2010-01-20,BasDeTableau,MilieuDeTableau
206,F1,20/01/10,Paris SG,Monaco,0.0,11.55,4.95,8,5,7,15.35,1.5500000000000005,0.05,1.6,13.1,5.200000000000001,10,3,7,17.1,2.25,0.1,1.3000000000000005,2010-01-20,HautDeTableau,MilieuDeTableau
207,F1,20/01/10,Sochaux,Lille,2.0,12.368421052631573,4.421052631578947,8,2,9,14.894736842105265,1.7368421052631575,0.05263157894736842,0.8947368421052629,15.95,5.450000000000001,11,4,5,17.05,1.4500000000000002,2.0,2.0,2010-01-20,BasDeTableau,HautDeTableau
208,F1,20/01/10,Toulouse,Nancy,1.0,13.000000000000002,4.6,8,4,8,18.45,1.85,0.15000000000000002,1.1,11.400000000000002,3.85,8,2,10,14.800000000000002,1.6500000000000004,2.1499999999999995,1.3000000000000005,2010-01-20,MilieuDeTableau,MilieuDeTableau
209,F1,30/01/10,Bordeaux,Boulogne,1.0,13.904761904761903,4.714285714285714,15,2,4,15.285714285714278,1.5714285714285716,0.047619047619047616,1.7142857142857142,8.285714285714286,2.761904761904762,3,6,12,15.047619047619047,1.6666666666666663,2.095238095238096,0.7142857142857142,2010-01-30,HautDeTableau,BasDeTableau
210,F1,30/01/10,Le Mans,Toulouse,0.0,11.61904761904762,4.095238095238095,4,4,13,17.761904761904763,2.0476190476190474,0.19047619047619047,0.8571428571428572,12.952380952380953,4.4761904761904745,8,5,8,18.52380952380953,1.8571428571428568,2.0476190476190474,1.0476190476190474,2010-01-30,BasDeTableau,MilieuDeTableau
211,F1,30/01/10,Lille,Lens,2.0,16.238095238095234,5.6190476190476195,11,4,6,16.952380952380953,1.5238095238095235,0.09523809523809523,1.9523809523809519,11.666666666666668,4.0476190476190474,7,6,8,16.66666666666667,1.380952380952381,1.0476190476190477,0.9523809523809524,2010-01-30,HautDeTableau,BasDeTableau
212,F1,30/01/10,Monaco,Nice,2.0,12.952380952380956,4.9523809523809526,11,3,7,17.19047619047619,2.3809523809523805,0.09523809523809523,1.2857142857142858,12.571428571428573,3.904761904761904,6,4,11,17.857142857142858,2.1904761904761902,2.095238095238096,0.9523809523809528,2010-01-30,MilieuDeTableau,BasDeTableau
213,F1,30/01/10,Montpellier,Marseille,2.0,13.142857142857142,4.142857142857142,12,3,6,19.285714285714292,2.1904761904761902,0.14285714285714285,1.3333333333333337,17.1,5.400000000000001,10,6,4,16.55,1.7500000000000004,0.0,1.6500000000000004,2010-01-30,HautDeTableau,HautDeTableau
214,F1,30/01/10,Nancy,Lorient,2.0,11.666666666666664,3.8095238095238084,8,3,10,15.190476190476188,1.7619047619047623,0.2380952380952381,1.238095238095238,12.952380952380947,4.142857142857142,9,5,7,13.38095238095238,1.5238095238095235,0.0,1.5714285714285714,2010-01-30,MilieuDeTableau,HautDeTableau
215,F1,30/01/10,Rennes,Grenoble,2.0,14.523809523809524,4.857142857142857,8,7,6,16.095238095238088,1.4761904761904765,0.19047619047619047,1.190476190476191,13.142857142857142,4.142857142857142,1,4,16,14.952380952380956,1.5238095238095242,1.1428571428571432,0.5714285714285714,2010-01-30,MilieuDeTableau,BasDeTableau
216,F1,31/01/10,Auxerre,St Etienne,2.0,11.0,3.8571428571428577,10,6,5,14.047619047619044,1.619047619047619,0.047619047619047616,0.9523809523809524,12.904761904761909,3.285714285714286,5,5,11,15.809523809523807,1.4761904761904765,2.0476190476190474,0.6190476190476191,2010-01-31,MilieuDeTableau,BasDeTableau
217,F1,31/01/10,Lyon,Paris SG,2.0,15.523809523809526,4.761904761904762,10,6,5,17.0952380952381,2.1904761904761907,0.0,1.7142857142857144,11.904761904761909,5.1428571428571415,8,5,8,15.61904761904762,1.5714285714285716,1.0,1.5238095238095242,2010-01-31,HautDeTableau,MilieuDeTableau
218,F1,31/01/10,Valenciennes,Sochaux,1.0,11.76190476190476,3.9047619047619038,9,4,8,18.952380952380953,1.9047619047619049,0.09523809523809523,1.5714285714285716,12.1,4.4,9,2,9,14.9,1.8,0.05,0.9500000000000002,2010-01-31,HautDeTableau,BasDeTableau
219,F1,06/02/10,Boulogne,Montpellier,0.0,8.27272727272727,2.727272727272726,3,7,12,15.227272727272727,1.7727272727272727,0.18181818181818185,0.6818181818181819,12.909090909090908,4.045454545454545,13,3,6,19.63636363636364,2.272727272727272,2.0454545454545454,1.363636363636363,2010-02-06,BasDeTableau,HautDeTableau
220,F1,06/02/10,Grenoble,Auxerre,2.0,12.863636363636365,4.090909090909091,1,4,17,14.727272727272727,1.5909090909090908,0.2272727272727273,0.5454545454545454,10.909090909090908,3.818181818181817,11,6,5,13.772727272727273,1.545454545454545,0.045454545454545456,0.9545454545454544,2010-02-06,BasDeTableau,MilieuDeTableau
221,F1,06/02/10,Lens,Le Mans,2.0,11.545454545454547,3.9090909090909087,7,6,9,16.863636363636363,1.454545454545454,0.09090909090909093,0.9090909090909091,11.454545454545453,4.181818181818182,4,4,14,17.818181818181817,2.0,3.0454545454545454,0.8636363636363634,2010-02-06,BasDeTableau,BasDeTableau
222,F1,06/02/10,Nice,Lille,1.0,12.818181818181818,4.045454545454545,6,4,12,18.0,2.136363636363636,0.2272727272727273,1.0,16.22727272727273,5.545454545454544,12,4,6,17.045454545454547,1.4999999999999996,2.0,1.9090909090909096,2010-02-06,BasDeTableau,HautDeTableau
223,F1,06/02/10,Paris SG,Lorient,0.0,12.045454545454545,5.181818181818182,8,5,9,15.772727272727273,1.5909090909090904,0.09090909090909093,1.4999999999999998,12.772727272727273,4.136363636363635,9,5,8,13.454545454545453,1.454545454545454,0.0,1.4999999999999996,2010-02-06,MilieuDeTableau,MilieuDeTableau
224,F1,06/02/10,Rennes,Bordeaux,2.0,14.545454545454547,4.954545454545454,9,7,6,15.954545454545453,1.4545454545454544,0.18181818181818185,1.318181818181818,14.318181818181815,4.681818181818182,15,3,4,14.909090909090908,1.5909090909090906,0.045454545454545456,1.6363636363636362,2010-02-06,MilieuDeTableau,HautDeTableau
225,F1,06/02/10,Sochaux,Nancy,1.0,12.190476190476188,4.3809523809523805,9,3,9,15.047619047619044,1.761904761904762,0.047619047619047616,0.9523809523809526,11.727272727272727,3.727272727272726,9,3,10,15.318181818181818,1.7727272727272725,2.136363636363636,1.227272727272727,2010-02-06,BasDeTableau,MilieuDeTableau
226,F1,07/02/10,Marseille,Valenciennes,2.0,16.666666666666664,5.238095238095238,10,6,5,16.38095238095238,1.8095238095238095,0.0,1.5714285714285716,11.77272727272727,3.8181818181818175,9,5,8,18.909090909090907,1.9090909090909087,1.0454545454545454,1.545454545454545,2010-02-07,HautDeTableau,HautDeTableau
227,F1,07/02/10,St Etienne,Monaco,2.0,12.772727272727273,3.272727272727272,5,5,12,15.636363636363637,1.4999999999999996,0.13636363636363635,0.5909090909090909,12.909090909090908,5.045454545454544,12,3,7,17.22727272727273,2.3636363636363638,0.09090909090909093,1.363636363636363,2010-02-07,BasDeTableau,HautDeTableau
228,F1,07/02/10,Toulouse,Lyon,1.0,13.090909090909092,4.636363636363635,9,5,8,18.59090909090909,1.8636363636363635,0.13636363636363635,1.1363636363636362,15.818181818181815,4.909090909090909,11,6,5,16.818181818181813,2.090909090909091,0.0,1.7272727272727266,2010-02-07,MilieuDeTableau,HautDeTableau
229,F1,13/02/10,Le Mans,Sochaux,1.0,11.391304347826084,4.173913043478262,4,4,15,17.8695652173913,2.0434782608695645,0.17391304347826084,0.8695652173913041,11.954545454545453,4.227272727272727,9,4,9,15.454545454545455,1.8181818181818172,0.045454545454545456,0.9545454545454544,2010-02-13,BasDeTableau,BasDeTableau
230,F1,13/02/10,Lille,Boulogne,2.0,16.521739130434785,5.695652173913042,12,5,6,17.043478260869566,1.5652173913043474,0.08695652173913042,1.869565217391304,8.260869565217392,2.608695652173912,3,7,13,15.478260869565215,1.826086956521739,2.0869565217391304,0.6521739130434783,2010-02-13,HautDeTableau,BasDeTableau
231,F1,13/02/10,Lyon,Lens,2.0,15.347826086956525,4.695652173913043,11,7,5,16.782608695652176,2.043478260869565,0.043478260869565216,1.6521739130434776,11.65217391304348,4.043478260869565,8,6,9,16.739130434782613,1.4782608695652169,1.0434782608695652,0.9565217391304346,2010-02-13,HautDeTableau,BasDeTableau
232,F1,13/02/10,Monaco,Marseille,0.0,13.04347826086957,5.08695652173913,12,3,8,17.043478260869566,2.304347826086956,0.08695652173913042,1.304347826086956,16.909090909090914,5.454545454545452,11,6,5,16.045454545454547,1.7727272727272718,0.0,1.7272727272727268,2010-02-13,MilieuDeTableau,HautDeTableau
233,F1,13/02/10,Montpellier,Grenoble,2.0,12.826086956521738,4.130434782608696,14,3,6,19.73913043478261,2.2173913043478257,0.13043478260869565,1.3913043478260865,12.869565217391305,4.173913043478262,2,4,17,14.826086956521738,1.6521739130434776,2.130434782608696,0.7391304347826085,2010-02-13,HautDeTableau,BasDeTableau
234,F1,13/02/10,Nancy,Paris SG,1.0,11.73913043478261,3.739130434782608,9,4,10,15.434782608695652,1.7826086956521734,0.21739130434782608,1.2173913043478255,12.217391304347824,5.304347826086957,8,5,10,15.608695652173912,1.5652173913043472,2.0,1.434782608695652,2010-02-13,MilieuDeTableau,MilieuDeTableau
235,F1,13/02/10,Valenciennes,Nice,2.0,11.695652173913047,3.739130434782608,9,5,9,18.91304347826087,1.9565217391304341,0.08695652173913042,1.5217391304347825,12.739130434782606,4.043478260869565,6,5,12,18.000000000000007,2.1739130434782603,3.0869565217391304,0.9999999999999998,2010-02-13,MilieuDeTableau,BasDeTableau
236,F1,14/02/10,Auxerre,Rennes,2.0,10.65217391304348,3.782608695652173,11,6,6,13.565217391304353,1.5217391304347825,0.043478260869565216,0.9130434782608694,14.391304347826084,5.000000000000001,10,7,6,16.217391304347828,1.5217391304347825,3.0434782608695654,1.434782608695652,2010-02-14,MilieuDeTableau,HautDeTableau
237,F1,14/02/10,Bordeaux,St Etienne,2.0,14.391304347826084,4.739130434782608,15,3,5,14.956521739130435,1.5652173913043474,0.043478260869565216,1.652173913043478,13.043478260869565,3.434782608695652,6,5,12,15.565217391304353,1.4782608695652169,2.0434782608695654,0.6956521739130433,2010-02-14,HautDeTableau,BasDeTableau
238,F1,14/02/10,Lorient,Toulouse,1.0,12.956521739130435,4.304347826086955,10,5,8,13.26086956521739,1.4782608695652169,0.0,1.5652173913043472,13.217391304347824,4.608695652173914,9,6,8,18.43478260869565,1.869565217391304,2.0434782608695654,1.0869565217391304,2010-02-14,HautDeTableau,MilieuDeTableau
239,F1,20/02/10,Boulogne,Le Mans,0.0,8.125,2.583333333333334,3,7,14,15.833333333333336,1.875,0.16666666666666666,0.6666666666666667,11.375000000000002,4.125,4,5,15,17.70833333333333,2.041666666666667,3.0416666666666665,0.8333333333333331,2010-02-20,BasDeTableau,BasDeTableau
240,F1,20/02/10,Grenoble,Valenciennes,0.0,12.624999999999998,4.083333333333333,2,4,18,15.125000000000002,1.7916666666666667,0.2083333333333333,0.7083333333333334,11.791666666666664,3.7916666666666674,10,5,9,18.750000000000004,1.916666666666667,1.0416666666666667,1.5416666666666667,2010-02-20,BasDeTableau,MilieuDeTableau
241,F1,20/02/10,Lens,Monaco,2.0,11.666666666666664,4.041666666666666,8,6,10,16.833333333333332,1.5,0.08333333333333333,0.9166666666666664,12.791666666666664,5.0,12,3,9,17.5,2.333333333333333,0.125,1.2916666666666663,2010-02-20,BasDeTableau,MilieuDeTableau
242,F1,20/02/10,Nice,Lorient,2.0,12.54166666666667,3.9166666666666665,6,5,13,17.958333333333332,2.208333333333333,0.2083333333333333,0.9999999999999998,12.916666666666668,4.25,10,6,8,13.458333333333336,1.4166666666666663,0.0,1.541666666666667,2010-02-20,BasDeTableau,HautDeTableau
243,F1,20/02/10,Paris SG,Toulouse,2.0,12.04166666666667,5.166666666666665,8,6,10,15.749999999999998,1.5416666666666663,0.08333333333333333,1.3750000000000002,13.166666666666664,4.666666666666668,9,7,8,18.75,1.7916666666666667,2.0416666666666665,1.0833333333333333,2010-02-20,MilieuDeTableau,MilieuDeTableau
244,F1,20/02/10,St Etienne,Montpellier,2.0,13.124999999999998,3.458333333333333,6,5,13,15.708333333333332,1.5416666666666667,0.125,0.7083333333333334,12.791666666666668,4.125000000000001,15,3,6,19.833333333333336,2.125,2.041666666666667,1.375,2010-02-20,BasDeTableau,HautDeTableau
245,F1,21/02/10,Marseille,Nancy,2.0,16.8695652173913,5.434782608695654,12,6,5,16.217391304347828,1.8260869565217384,0.0,1.7391304347826084,11.833333333333336,3.75,9,5,10,15.333333333333332,1.7500000000000004,2.125,1.1666666666666667,2010-02-21,HautDeTableau,MilieuDeTableau
246,F1,21/02/10,Rennes,Lille,0.0,14.416666666666664,4.958333333333334,10,7,7,16.041666666666664,1.4583333333333337,0.16666666666666666,1.3750000000000002,16.666666666666664,5.875000000000001,13,5,6,16.791666666666664,1.5416666666666667,2.0,1.916666666666667,2010-02-21,HautDeTableau,HautDeTableau
247,F1,21/02/10,Sochaux,Lyon,0.0,11.956521739130435,4.08695652173913,9,5,9,15.17391304347826,1.7826086956521732,0.08695652173913042,0.9130434782608694,15.16666666666667,4.666666666666668,12,7,5,16.833333333333336,2.0,1.0,1.625,2010-02-21,BasDeTableau,HautDeTableau
248,F1,27/02/10,Lorient,Sochaux,2.0,12.96,4.280000000000001,10,6,9,13.4,1.3600000000000003,0.0,1.4800000000000004,12.08333333333333,3.958333333333333,9,5,10,15.041666666666664,1.7500000000000002,1.0416666666666667,0.8749999999999999,2010-02-27,MilieuDeTableau,BasDeTableau
249,F1,27/02/10,Lyon,Nice,2.0,15.12,4.8000000000000025,13,7,5,16.84,1.96,0.04,1.7200000000000004,12.72,4.160000000000001,7,5,13,17.84,2.120000000000001,3.08,1.0000000000000002,2010-02-27,HautDeTableau,BasDeTableau
250,F1,27/02/10,Monaco,Boulogne,2.0,13.000000000000002,5.040000000000002,12,3,10,17.68,2.3600000000000003,0.12,1.2400000000000002,8.320000000000004,2.6800000000000006,3,7,15,15.84,1.88,2.08,0.6799999999999999,2010-02-27,MilieuDeTableau,BasDeTableau
251,F1,27/02/10,Montpellier,Rennes,2.0,12.76,4.080000000000001,15,3,7,19.72,2.120000000000001,0.12,1.3200000000000005,14.32,4.920000000000002,10,7,8,15.920000000000002,1.44,3.04,1.36,2010-02-27,HautDeTableau,MilieuDeTableau
252,F1,27/02/10,Nancy,Grenoble,0.0,11.999999999999998,3.800000000000001,9,5,11,15.24,1.6800000000000002,0.2,1.16,12.759999999999998,4.160000000000002,2,4,19,15.240000000000006,1.7600000000000005,2.12,0.6799999999999999,2010-02-27,MilieuDeTableau,BasDeTableau
253,F1,27/02/10,Toulouse,Lens,2.0,13.040000000000004,4.520000000000001,9,7,9,18.800000000000004,1.8000000000000005,0.16,1.04,11.6,4.08,9,6,10,16.84,1.4400000000000004,1.04,1.0,2010-02-27,MilieuDeTableau,BasDeTableau
254,F1,27/02/10,Valenciennes,St Etienne,2.0,11.52,3.7200000000000015,11,5,9,18.880000000000006,1.9600000000000004,0.08,1.5200000000000005,13.240000000000002,3.5200000000000014,7,5,13,15.6,1.5200000000000005,2.04,0.72,2010-02-27,HautDeTableau,BasDeTableau
255,F1,28/02/10,Lille,Auxerre,0.0,16.560000000000002,5.880000000000003,14,5,6,16.8,1.5200000000000005,0.08,1.92,10.625,3.7916666666666665,12,6,6,13.583333333333336,1.5000000000000002,0.04166666666666666,0.9166666666666664,2010-02-28,HautDeTableau,MilieuDeTableau
256,F1,28/02/10,Paris SG,Marseille,0.0,12.52,5.200000000000001,9,6,10,15.72,1.5200000000000005,0.08,1.36,16.791666666666668,5.333333333333334,13,6,5,16.208333333333332,1.75,0.0,1.7916666666666663,2010-02-28,MilieuDeTableau,HautDeTableau
257,F1,06/03/10,Auxerre,Valenciennes,2.0,10.6,3.8400000000000016,13,6,6,14.24,1.6800000000000004,0.04,0.96,11.846153846153848,3.884615384615386,12,5,9,18.884615384615387,1.961538461538462,1.0384615384615383,1.5000000000000002,2010-03-06,MilieuDeTableau,HautDeTableau
258,F1,06/03/10,Boulogne,Lyon,1.0,8.5,2.6923076923076934,3,7,16,16.038461538461537,1.923076923076924,0.15384615384615385,0.6538461538461537,15.000000000000002,4.653846153846155,14,7,5,16.76923076923077,1.961538461538462,1.0,1.7307692307692306,2010-03-06,BasDeTableau,HautDeTableau
259,F1,06/03/10,Lens,Paris SG,1.0,11.576923076923075,4.038461538461538,9,6,11,16.846153846153847,1.5,0.07692307692307693,0.9615384615384616,12.230769230769232,5.153846153846153,9,6,11,16.0,1.6538461538461535,2.0,1.3076923076923082,2010-03-06,BasDeTableau,MilieuDeTableau
260,F1,06/03/10,Nice,Nancy,0.0,12.499999999999998,4.038461538461537,7,5,14,17.923076923076927,2.0769230769230766,0.19230769230769232,0.9615384615384612,11.846153846153845,3.6538461538461537,9,5,12,15.538461538461537,1.6923076923076923,2.115384615384615,1.1153846153846154,2010-03-06,BasDeTableau,MilieuDeTableau
261,F1,06/03/10,Rennes,Monaco,2.0,14.230769230769226,4.807692307692308,10,7,9,15.923076923076925,1.3846153846153848,0.2307692307692308,1.3461538461538465,12.884615384615385,4.884615384615384,13,3,10,17.65384615384615,2.3461538461538467,0.1153846153846154,1.230769230769231,2010-03-06,MilieuDeTableau,MilieuDeTableau
262,F1,06/03/10,Sochaux,Toulouse,2.0,12.0,3.8400000000000016,9,5,11,14.760000000000002,1.7200000000000006,0.08,0.84,12.961538461538465,4.500000000000002,10,7,9,19.11538461538462,1.8076923076923077,3.0384615384615383,1.0384615384615388,2010-03-06,BasDeTableau,MilieuDeTableau
263,F1,06/03/10,St Etienne,Lille,1.0,12.961538461538463,3.461538461538462,7,5,14,15.65384615384615,1.5769230769230769,0.1153846153846154,0.6923076923076922,16.461538461538463,5.8461538461538485,14,5,7,16.653846153846153,1.576923076923077,2.0,1.8846153846153848,2010-03-06,BasDeTableau,HautDeTableau
264,F1,07/03/10,Bordeaux,Montpellier,1.0,14.708333333333332,5.000000000000001,16,3,5,15.083333333333336,1.6666666666666667,0.04166666666666666,1.7083333333333333,12.923076923076925,4.2307692307692335,16,3,7,19.615384615384613,2.0384615384615383,2.0384615384615383,1.3846153846153848,2010-03-07,HautDeTableau,HautDeTableau
265,F1,07/03/10,Grenoble,Le Mans,1.0,12.615384615384615,4.1923076923076925,3,4,19,15.384615384615385,1.7692307692307692,0.19230769230769232,0.7307692307692306,11.2,4.160000000000002,5,5,15,17.72,2.120000000000001,3.04,0.92,2010-03-07,BasDeTableau,BasDeTableau
266,F1,07/03/10,Marseille,Lorient,1.0,16.68,5.240000000000002,14,6,5,16.400000000000002,1.84,0.0,1.8400000000000003,12.961538461538465,4.307692307692308,11,6,9,13.269230769230768,1.3461538461538465,0.0,1.4615384615384617,2010-03-07,HautDeTableau,MilieuDeTableau
267,F1,10/03/10,Bordeaux,Auxerre,0.0,14.44,4.960000000000002,16,4,5,15.28,1.6800000000000002,0.08,1.6800000000000006,10.615384615384619,3.8461538461538463,14,6,6,14.153846153846152,1.730769230769231,0.038461538461538464,0.9615384615384616,2010-03-10,HautDeTableau,HautDeTableau
268,F1,13/03/10,Le Mans,Nice,0.0,11.153846153846157,4.1923076923076925,5,6,15,17.76923076923077,2.1153846153846154,0.15384615384615385,0.9230769230769228,12.481481481481474,4.0740740740740735,7,5,15,17.703703703703702,2.0370370370370368,3.0740740740740735,0.9999999999999996,2010-03-13,BasDeTableau,BasDeTableau
269,F1,13/03/10,Lorient,Lens,2.0,12.629629629629626,4.185185185185185,11,7,9,13.481481481481481,1.4444444444444442,0.0,1.4444444444444442,11.851851851851851,4.074074074074075,9,7,11,17.0,1.4814814814814812,1.037037037037037,0.9629629629629628,2010-03-13,MilieuDeTableau,BasDeTableau
270,F1,13/03/10,Lyon,St Etienne,1.0,14.851851851851851,4.62962962962963,14,8,5,16.703703703703706,1.9259259259259256,0.037037037037037035,1.666666666666666,13.222222222222216,3.6296296296296298,7,6,14,15.592592592592592,1.592592592592592,2.0370370370370368,0.7037037037037035,2010-03-13,HautDeTableau,BasDeTableau
271,F1,13/03/10,Monaco,Bordeaux,1.0,12.629629629629626,4.740740740740741,13,3,11,17.666666666666664,2.333333333333333,0.1111111111111111,1.1851851851851851,14.115384615384615,4.807692307692308,16,4,6,15.307692307692303,1.6153846153846152,0.07692307692307693,1.653846153846154,2010-03-13,MilieuDeTableau,HautDeTableau
272,F1,13/03/10,Montpellier,Auxerre,1.0,12.814814814814815,4.2222222222222205,16,4,7,19.888888888888886,2.1111111111111107,0.1111111111111111,1.3703703703703702,10.629629629629628,3.8148148148148135,15,6,6,14.074074074074074,1.7407407407407405,0.037037037037037035,1.0,2010-03-13,HautDeTableau,HautDeTableau
273,F1,13/03/10,Nancy,Boulogne,0.0,11.851851851851851,3.74074074074074,10,5,12,15.703703703703694,1.7037037037037033,0.1851851851851852,1.1851851851851851,8.592592592592592,2.7407407407407405,3,8,16,16.14814814814815,2.0,2.1111111111111107,0.6296296296296295,2010-03-13,MilieuDeTableau,BasDeTableau
274,F1,13/03/10,Paris SG,Sochaux,2.0,12.25925925925926,5.148148148148149,9,7,11,16.000000000000004,1.666666666666666,0.07407407407407407,1.2962962962962958,12.153846153846155,3.8846153846153846,10,5,11,14.846153846153848,1.6538461538461542,1.0384615384615383,0.8461538461538459,2010-03-13,MilieuDeTableau,BasDeTableau
275,F1,14/03/10,Lille,Grenoble,2.0,16.11111111111111,5.703703703703702,14,6,7,16.37037037037037,1.5555555555555551,0.07407407407407407,1.851851851851852,12.481481481481481,4.111111111111112,3,5,19,15.33333333333333,1.7777777777777772,2.1111111111111107,0.7407407407407407,2010-03-14,HautDeTableau,BasDeTableau
276,F1,14/03/10,Toulouse,Marseille,1.0,12.851851851851848,4.481481481481481,10,7,10,18.888888888888886,1.7777777777777768,0.14814814814814814,1.0,16.807692307692317,5.384615384615384,14,7,5,16.230769230769234,1.807692307692308,0.0,1.807692307692308,2010-03-14,MilieuDeTableau,HautDeTableau
277,F1,14/03/10,Valenciennes,Rennes,0.0,11.555555555555555,3.740740740740741,12,5,10,19.037037037037035,1.8888888888888888,0.07407407407407407,1.4444444444444442,14.259259259259258,4.703703703703703,11,7,9,15.999999999999998,1.4074074074074068,5.037037037037037,1.333333333333333,2010-03-14,MilieuDeTableau,MilieuDeTableau
278,F1,20/03/10,Auxerre,Le Mans,2.0,10.607142857142854,3.821428571428572,15,7,6,14.107142857142858,1.7142857142857144,0.07142857142857142,0.9999999999999996,10.999999999999995,4.1111111111111125,5,6,16,17.629629629629623,2.148148148148148,3.037037037037037,0.8888888888888886,2010-03-20,HautDeTableau,BasDeTableau
279,F1,20/03/10,Boulogne,Lorient,2.0,8.678571428571429,2.785714285714286,4,8,16,15.928571428571429,2.0357142857142856,0.17857142857142855,0.7142857142857141,12.535714285714285,4.142857142857143,12,7,9,13.571428571428573,1.3928571428571428,0.0,1.428571428571429,2010-03-20,BasDeTableau,HautDeTableau
280,F1,20/03/10,Grenoble,Monaco,1.0,12.464285714285715,4.071428571428572,3,5,20,15.607142857142858,1.8928571428571428,0.17857142857142855,0.7142857142857142,12.607142857142858,4.6428571428571415,13,4,11,17.714285714285708,2.3214285714285716,0.10714285714285714,1.1428571428571428,2010-03-20,BasDeTableau,MilieuDeTableau
281,F1,20/03/10,Lens,Sochaux,1.0,11.892857142857142,4.035714285714286,9,7,12,17.000000000000004,1.4642857142857144,0.07142857142857142,0.9285714285714284,12.111111111111114,3.888888888888889,10,5,12,14.851851851851851,1.629629629629629,1.037037037037037,0.8518518518518516,2010-03-20,BasDeTableau,BasDeTableau
282,F1,20/03/10,Nice,Paris SG,2.0,12.392857142857142,4.035714285714286,8,5,15,17.607142857142858,2.035714285714286,0.17857142857142855,0.9999999999999998,12.500000000000002,5.25,10,7,11,15.964285714285715,1.642857142857143,2.0,1.392857142857143,2010-03-20,BasDeTableau,MilieuDeTableau
283,F1,20/03/10,Rennes,Toulouse,2.0,14.107142857142858,4.714285714285714,12,7,9,16.107142857142858,1.392857142857143,0.21428571428571427,1.3571428571428572,12.785714285714285,4.535714285714286,10,8,10,18.92857142857143,1.8214285714285712,3.0357142857142856,0.9999999999999998,2010-03-20,MilieuDeTableau,MilieuDeTableau
284,F1,20/03/10,St Etienne,Nancy,1.0,13.071428571428573,3.6428571428571432,7,7,14,15.678571428571427,1.642857142857143,0.10714285714285714,0.7142857142857141,11.964285714285715,3.8214285714285703,10,5,13,15.60714285714285,1.6785714285714288,2.1071428571428568,1.1785714285714284,2010-03-20,BasDeTableau,MilieuDeTableau
285,F1,21/03/10,Bordeaux,Lille,2.0,13.888888888888884,4.703703703703703,16,5,6,15.481481481481481,1.5925925925925923,0.07407407407407407,1.5925925925925926,15.821428571428573,5.607142857142856,15,6,7,16.285714285714292,1.535714285714286,2.0,1.821428571428572,2010-03-21,HautDeTableau,HautDeTableau
286,F1,21/03/10,Marseille,Lyon,2.0,16.666666666666668,5.333333333333332,14,8,5,16.22222222222222,1.8148148148148149,0.0,1.7777777777777772,15.142857142857144,4.785714285714287,14,9,5,16.67857142857143,1.8571428571428568,1.0,1.642857142857143,2010-03-21,HautDeTableau,HautDeTableau
287,F1,21/03/10,Montpellier,Valenciennes,2.0,12.892857142857144,4.214285714285714,16,5,7,19.82142857142857,2.1071428571428577,0.10714285714285714,1.3571428571428572,11.714285714285715,3.6428571428571432,12,5,11,18.75,1.8571428571428577,1.0714285714285716,1.392857142857143,2010-03-21,HautDeTableau,MilieuDeTableau
288,F1,26/03/10,Lyon,Grenoble,2.0,15.172413793103447,4.724137931034483,14,9,6,16.689655172413794,1.827586206896552,0.03448275862068965,1.6206896551724137,12.413793103448276,4.068965517241379,3,6,20,15.896551724137929,1.9310344827586208,2.137931034482759,0.6896551724137931,2010-03-26,HautDeTableau,BasDeTableau
289,F1,28/03/10,Le Mans,Rennes,0.0,11.214285714285712,4.107142857142857,5,6,17,17.535714285714278,2.2142857142857135,0.14285714285714285,0.8928571428571426,13.965517241379311,4.758620689655172,13,7,9,15.793103448275865,1.3793103448275863,5.0344827586206895,1.4482758620689655,2010-03-28,BasDeTableau,HautDeTableau
290,F1,28/03/10,Lille,Montpellier,2.0,15.413793103448276,5.448275862068966,15,6,8,16.620689655172413,1.5517241379310347,0.10344827586206896,1.7931034482758628,12.793103448275865,4.241379310344828,17,5,7,19.86206896551724,2.103448275862069,2.034482758620689,1.3793103448275859,2010-03-28,HautDeTableau,HautDeTableau
291,F1,28/03/10,Lorient,St Etienne,2.0,12.448275862068966,4.103448275862069,12,7,10,13.517241379310345,1.4137931034482758,0.0,1.3793103448275863,13.20689655172414,3.655172413793103,7,8,14,15.551724137931034,1.586206896551724,2.034482758620689,0.6896551724137929,2010-03-28,MilieuDeTableau,BasDeTableau
292,F1,28/03/10,Nancy,Lens,2.0,12.000000000000002,3.724137931034482,10,6,13,15.586206896551726,1.6551724137931036,0.1724137931034483,1.137931034482759,12.275862068965516,4.137931034482758,9,8,12,16.82758620689655,1.4482758620689655,1.0344827586206895,0.8965517241379309,2010-03-28,MilieuDeTableau,BasDeTableau
293,F1,28/03/10,Paris SG,Boulogne,2.0,12.827586206896553,5.206896551724138,10,7,12,15.965517241379311,1.6206896551724141,0.06896551724137931,1.3448275862068968,8.793103448275861,2.827586206896552,5,8,16,15.75862068965517,2.0689655172413794,2.103448275862069,0.7586206896551724,2010-03-28,MilieuDeTableau,BasDeTableau
294,F1,28/03/10,Toulouse,Nice,0.0,12.586206896551724,4.413793103448277,10,8,11,18.86206896551724,1.8620689655172409,0.13793103448275862,0.9999999999999998,12.241379310344833,3.9999999999999987,9,5,15,17.620689655172416,2.034482758620689,3.0689655172413794,0.9999999999999998,2010-03-28,MilieuDeTableau,BasDeTableau
295,F1,29/03/10,Monaco,Auxerre,1.0,12.620689655172416,4.586206896551723,13,5,11,17.827586206896555,2.310344827586208,0.10344827586206896,1.1034482758620692,10.517241379310343,3.8620689655172415,16,7,6,14.137931034482763,1.7241379310344829,1.0344827586206895,1.0344827586206895,2010-03-29,MilieuDeTableau,HautDeTableau
296,F1,03/04/10,Bordeaux,Nancy,0.0,14.178571428571427,5.035714285714287,17,5,6,15.428571428571427,1.5357142857142854,0.07142857142857142,1.642857142857143,12.166666666666668,3.8333333333333335,11,6,13,15.666666666666668,1.666666666666667,2.1,1.2666666666666668,2010-04-03,HautDeTableau,MilieuDeTableau
297,F1,03/04/10,Grenoble,Lorient,0.0,12.233333333333334,4.033333333333334,3,6,21,15.8,1.9333333333333336,0.2333333333333333,0.6666666666666666,12.400000000000004,4.233333333333333,13,7,10,13.500000000000002,1.4,0.0,1.4666666666666672,2010-04-03,BasDeTableau,MilieuDeTableau
298,F1,03/04/10,Montpellier,Monaco,1.0,12.6,4.166666666666667,17,5,8,19.866666666666667,2.2,0.1,1.3666666666666671,12.499999999999998,4.466666666666667,13,6,11,17.833333333333332,2.266666666666668,0.1,1.0666666666666669,2010-04-03,HautDeTableau,MilieuDeTableau
299,F1,03/04/10,Nice,Sochaux,1.0,12.133333333333335,4.000000000000001,10,5,15,17.43333333333333,2.0333333333333337,0.16666666666666666,1.0333333333333332,12.107142857142858,3.928571428571428,10,6,12,14.928571428571429,1.6428571428571437,1.0357142857142858,0.8214285714285712,2010-04-03,MilieuDeTableau,BasDeTableau
300,F1,03/04/10,Rennes,Lyon,0.0,13.966666666666667,4.766666666666668,14,7,9,15.666666666666664,1.3333333333333337,0.2,1.5000000000000002,15.400000000000002,4.866666666666667,15,9,6,16.466666666666665,1.8000000000000007,1.0,1.6333333333333335,2010-04-03,HautDeTableau,HautDeTableau
301,F1,03/04/10,St Etienne,Le Mans,2.0,13.266666666666666,3.766666666666667,7,8,15,15.666666666666668,1.5666666666666669,0.1,0.6666666666666666,11.10344827586207,4.137931034482758,5,6,18,17.379310344827587,2.172413793103448,3.034482758620689,0.8965517241379307,2010-04-03,BasDeTableau,BasDeTableau
302,F1,03/04/10,Valenciennes,Lille,2.0,11.93103448275862,3.7931034482758634,12,5,12,18.86206896551724,1.862068965517241,0.10344827586206896,1.3793103448275863,15.466666666666665,5.533333333333332,16,6,8,16.633333333333333,1.566666666666667,3.0,1.8666666666666676,2010-04-03,MilieuDeTableau,HautDeTableau
303,F1,04/04/10,Auxerre,Paris SG,1.0,10.56666666666667,3.766666666666667,16,8,6,14.06666666666667,1.7000000000000004,0.06666666666666668,1.0,13.066666666666665,5.233333333333335,11,7,12,15.999999999999998,1.5666666666666669,2.0,1.4000000000000004,2010-04-04,HautDeTableau,MilieuDeTableau
304,F1,04/04/10,Boulogne,Toulouse,1.0,8.633333333333333,2.733333333333334,5,8,17,15.766666666666666,2.0000000000000004,0.2,0.7333333333333333,12.4,4.266666666666667,10,8,12,18.766666666666673,1.9333333333333331,3.0666666666666664,0.9666666666666666,2010-04-04,BasDeTableau,BasDeTableau
305,F1,04/04/10,Marseille,Lens,2.0,16.607142857142858,5.357142857142857,15,8,5,16.178571428571427,1.7857142857142858,0.0,1.7857142857142858,12.1,4.033333333333333,9,8,13,16.766666666666662,1.5333333333333337,1.0333333333333334,0.8999999999999999,2010-04-04,HautDeTableau,BasDeTableau
306,F1,07/04/10,Marseille,Sochaux,2.0,16.379310344827587,5.27586206896552,16,8,5,16.344827586206893,1.7931034482758617,0.03448275862068965,1.7586206896551724,11.965517241379311,3.89655172413793,10,7,12,15.000000000000002,1.620689655172414,1.0344827586206895,0.793103448275862,2010-04-07,HautDeTableau,BasDeTableau
307,F1,10/04/10,Le Mans,Montpellier,1.0,11.066666666666665,4.033333333333333,5,6,19,17.3,2.233333333333334,0.13333333333333333,0.8666666666666666,12.677419354838708,4.225806451612901,17,6,8,20.0,2.225806451612902,2.032258064516129,1.3225806451612896,2010-04-10,BasDeTableau,HautDeTableau
308,F1,10/04/10,Lens,Boulogne,2.0,11.80645161290323,3.9677419354838688,9,8,14,16.967741935483872,1.5483870967741926,0.06451612903225806,0.8709677419354837,8.645161290322577,2.7096774193548376,5,9,17,15.838709677419354,1.9999999999999991,3.0967741935483866,0.7419354838709677,2010-04-10,BasDeTableau,BasDeTableau
309,F1,10/04/10,Lorient,Rennes,1.0,12.516129032258064,4.322580645161288,14,7,10,13.516129032258064,1.4193548387096768,0.0,1.483870967741935,13.709677419354836,4.709677419354837,14,7,10,15.483870967741936,1.32258064516129,5.032258064516129,1.483870967741935,2010-04-10,MilieuDeTableau,MilieuDeTableau
310,F1,10/04/10,Monaco,Valenciennes,2.0,12.48387096774193,4.387096774193546,13,7,11,18.032258064516128,2.2903225806451606,0.0967741935483871,1.032258064516129,11.8,3.7000000000000006,13,5,12,18.8,1.8666666666666676,1.0666666666666669,1.3666666666666671,2010-04-10,MilieuDeTableau,MilieuDeTableau
311,F1,10/04/10,Paris SG,Bordeaux,2.0,12.967741935483868,5.161290322580643,11,8,12,15.93548387096774,1.6129032258064508,0.06451612903225806,1.387096774193548,14.241379310344826,4.93103448275862,17,5,7,15.24137931034483,1.517241379310345,0.06896551724137931,1.6206896551724137,2010-04-10,MilieuDeTableau,HautDeTableau
312,F1,10/04/10,Sochaux,St Etienne,0.0,11.8,3.8,10,7,13,15.066666666666668,1.7000000000000006,0.06666666666666668,0.7666666666666666,13.451612903225806,3.9354838709677407,8,8,15,15.580645161290322,1.5483870967741928,2.064516129032258,0.7096774193548385,2010-04-10,BasDeTableau,BasDeTableau
313,F1,10/04/10,Toulouse,Grenoble,2.0,12.516129032258064,4.290322580645159,10,9,12,18.709677419354836,1.935483870967741,0.16129032258064516,0.9677419354838708,12.193548387096778,4.032258064516127,3,6,22,15.709677419354836,1.9032258064516123,3.129032258064516,0.6774193548387095,2010-04-10,BasDeTableau,BasDeTableau
314,F1,11/04/10,Lyon,Lille,1.0,15.387096774193544,4.90322580645161,16,9,6,16.548387096774196,1.7419354838709666,0.03225806451612903,1.64516129032258,15.322580645161288,5.451612903225804,16,6,9,16.612903225806452,1.64516129032258,3.0,1.806451612903225,2010-04-11,HautDeTableau,HautDeTableau
315,F1,11/04/10,Marseille,Nice,2.0,16.466666666666665,5.366666666666666,17,8,5,16.366666666666667,1.8000000000000005,0.03333333333333333,1.8000000000000005,12.193548387096774,3.999999999999999,10,6,15,17.387096774193548,1.9999999999999991,3.0645161290322585,0.9999999999999996,2010-04-11,HautDeTableau,MilieuDeTableau
316,F1,11/04/10,Nancy,Auxerre,0.0,12.129032258064516,3.8064516129032238,12,6,13,15.70967741935484,1.6774193548387089,0.16129032258064516,1.2903225806451608,10.935483870967738,3.8064516129032238,16,9,6,13.903225806451616,1.64516129032258,1.032258064516129,0.9999999999999996,2010-04-11,MilieuDeTableau,HautDeTableau
317,F1,14/04/10,Le Mans,Bordeaux,2.0,11.096774193548386,3.9999999999999982,5,7,19,17.387096774193548,2.225806451612902,0.16129032258064516,0.9032258064516124,14.233333333333334,4.966666666666667,17,5,8,15.199999999999998,1.5333333333333334,1.0666666666666669,1.6000000000000008,2010-04-14,BasDeTableau,HautDeTableau
318,F1,14/04/10,Sochaux,Marseille,0.0,11.903225806451614,3.806451612903224,10,7,14,14.967741935483868,1.6774193548387089,0.06451612903225806,0.7419354838709675,16.29032258064516,5.387096774193545,18,8,5,16.225806451612904,1.7419354838709666,0.03225806451612903,1.8709677419354833,2010-04-14,BasDeTableau,HautDeTableau
319,F1,17/04/10,Auxerre,Lorient,2.0,10.9375,3.78125,17,9,6,13.8125,1.625,0.0625,1.0,12.53125,4.34375,14,8,10,13.4375,1.40625,0.0,1.46875,2010-04-17,HautDeTableau,MilieuDeTableau
320,F1,17/04/10,Bordeaux,Lyon,1.0,14.161290322580642,4.999999999999998,17,5,9,14.935483870967738,1.548387096774193,0.0967741935483871,1.5806451612903216,15.59375,4.84375,16,10,6,16.5625,1.71875,1.03125,1.625,2010-04-17,HautDeTableau,HautDeTableau
321,F1,17/04/10,Boulogne,Marseille,0.0,8.75,2.71875,5,9,18,15.6875,2.0,0.1875,0.71875,16.09375,5.375,19,8,5,16.3125,1.75,0.03125,1.84375,2010-04-17,BasDeTableau,HautDeTableau
322,F1,17/04/10,Grenoble,Sochaux,1.0,12.15625,3.90625,3,6,23,15.46875,1.875,0.21875,0.65625,11.90625,3.8125,10,7,15,15.03125,1.625,1.03125,0.71875,2010-04-17,BasDeTableau,BasDeTableau
323,F1,17/04/10,Nice,Lens,1.0,12.03125,3.9375,10,6,16,17.25,2.03125,0.15625,1.0,11.90625,4.0,10,8,14,17.0625,1.53125,1.03125,0.9375,2010-04-17,BasDeTableau,BasDeTableau
324,F1,17/04/10,Rennes,Nancy,1.0,13.59375,4.65625,14,8,10,15.53125,1.28125,0.1875,1.46875,12.0625,3.78125,12,6,14,15.65625,1.65625,2.09375,1.25,2010-04-17,MilieuDeTableau,MilieuDeTableau
325,F1,17/04/10,Valenciennes,Le Mans,0.0,11.677419354838705,3.61290322580645,13,5,13,18.903225806451616,1.838709677419354,0.0967741935483871,1.3548387096774188,11.0625,4.0625,6,7,19,17.53125,2.28125,3.09375,0.9375,2010-04-17,MilieuDeTableau,BasDeTableau
326,F1,18/04/10,Lille,Monaco,2.0,15.125,5.40625,16,7,9,16.875,1.71875,0.125,1.78125,12.53125,4.34375,14,7,11,18.0,2.28125,0.09375,1.0625,2010-04-18,HautDeTableau,MilieuDeTableau
327,F1,18/04/10,Montpellier,Toulouse,1.0,12.5625,4.21875,17,7,8,19.90625,2.21875,0.125,1.34375,12.71875,4.4375,11,9,12,18.625,1.9375,3.0625,1.0625,2010-04-18,HautDeTableau,MilieuDeTableau
328,F1,18/04/10,St Etienne,Paris SG,1.0,13.21875,3.9375,9,8,15,15.5,1.5625,0.125,0.75,13.15625,5.34375,12,8,12,16.0,1.59375,2.0,1.4375,2010-04-18,BasDeTableau,MilieuDeTableau
329,F1,24/04/10,Le Mans,Lille,0.0,11.12121212121212,4.060606060606059,7,7,19,17.575757575757578,2.212121212121211,0.21212121212121213,0.9393939393939391,15.09090909090909,5.4848484848484835,17,7,9,16.87878787878788,1.666666666666666,4.0,1.848484848484848,2010-04-24,BasDeTableau,HautDeTableau
330,F1,24/04/10,Lorient,Bordeaux,2.0,12.545454545454545,4.3636363636363615,14,8,11,13.484848484848484,1.424242424242424,0.060606060606060615,1.454545454545454,14.0625,4.96875,17,6,9,15.125,1.59375,1.125,1.59375,2010-04-24,MilieuDeTableau,HautDeTableau
331,F1,24/04/10,Nancy,Montpellier,1.0,11.969696969696967,3.666666666666665,12,7,14,15.454545454545453,1.696969696969696,0.15151515151515152,1.212121212121212,12.545454545454545,4.21212121212121,17,8,8,19.757575757575754,2.2424242424242418,3.0303030303030303,1.3333333333333326,2010-04-24,MilieuDeTableau,HautDeTableau
332,F1,24/04/10,Nice,Grenoble,2.0,11.96969696969697,3.9090909090909083,10,7,16,17.21212121212121,1.9696969696969688,0.15151515151515152,0.9696969696969692,12.060606060606064,3.939393939393938,3,7,23,15.333333333333336,1.8181818181818177,3.121212121212121,0.6969696969696968,2010-04-24,BasDeTableau,BasDeTableau
333,F1,24/04/10,Paris SG,Rennes,1.0,12.969696969696967,5.21212121212121,12,9,12,15.96969696969697,1.6060606060606055,0.060606060606060615,1.3939393939393936,13.515151515151516,4.666666666666665,14,9,10,15.393939393939393,1.2727272727272725,5.03030303030303,1.424242424242424,2010-04-24,MilieuDeTableau,MilieuDeTableau
334,F1,24/04/10,Sochaux,Boulogne,0.0,11.787878787878785,3.7878787878787854,10,8,15,15.0,1.6060606060606055,0.060606060606060615,0.7575757575757573,8.606060606060602,2.696969696969696,5,9,19,15.96969696969697,2.0303030303030294,3.0909090909090913,0.7272727272727273,2010-04-24,BasDeTableau,BasDeTableau
335,F1,25/04/10,Lens,Valenciennes,1.0,11.75757575757576,3.9393939393939377,10,9,14,17.181818181818183,1.545454545454545,0.060606060606060615,0.9090909090909091,11.6875,3.625,13,5,14,18.84375,1.8125,1.0625,1.3125,2010-04-25,BasDeTableau,MilieuDeTableau
336,F1,25/04/10,Marseille,St Etienne,2.0,16.03030303030303,5.3636363636363615,20,8,5,16.363636363636367,1.7878787878787872,0.030303030303030307,1.848484848484848,13.242424242424242,3.818181818181817,9,9,15,15.484848484848484,1.575757575757575,2.060606060606061,0.7272727272727271,2010-04-25,HautDeTableau,BasDeTableau
337,F1,25/04/10,Toulouse,Auxerre,0.0,12.696969696969695,4.393939393939392,11,10,12,18.60606060606061,1.9393939393939383,0.15151515151515152,1.0606060606060606,10.939393939393938,3.878787878787877,18,9,6,13.727272727272727,1.5757575757575752,1.0303030303030305,1.0909090909090904,2010-04-25,MilieuDeTableau,HautDeTableau
338,F1,27/04/10,Grenoble,Paris SG,2.0,12.058823529411766,4.029411764705881,3,7,24,15.147058823529413,1.8235294117647052,0.2058823529411765,0.7058823529411765,13.117647058823525,5.205882352941175,12,10,12,15.970588235294118,1.647058823529411,2.0,1.38235294117647,2010-04-27,BasDeTableau,MilieuDeTableau
339,F1,27/04/10,Monaco,Le Mans,1.0,12.606060606060606,4.393939393939392,14,7,12,17.969696969696972,2.272727272727272,0.09090909090909093,1.0303030303030305,11.294117647058822,3.999999999999999,7,7,20,17.735294117647058,2.2647058823529407,4.088235294117647,0.9411764705882354,2010-04-27,MilieuDeTableau,BasDeTableau
340,F1,28/04/10,Valenciennes,Bordeaux,2.0,11.787878787878785,3.636363636363635,13,6,14,18.72727272727273,1.848484848484848,0.09090909090909093,1.3030303030303023,14.15151515151515,4.999999999999998,17,6,10,15.24242424242424,1.6060606060606055,1.1212121212121209,1.545454545454545,2010-04-28,MilieuDeTableau,HautDeTableau
341,F1,30/04/10,Auxerre,Marseille,1.0,10.764705882352944,3.9117647058823533,19,9,6,13.588235294117654,1.5294117647058818,0.05882352941176471,1.1470588235294117,16.088235294117652,5.35294117647059,21,8,5,16.323529411764707,1.764705882352941,0.029411764705882356,1.8235294117647047,2010-04-30,HautDeTableau,HautDeTableau
342,F1,02/05/10,Bordeaux,Toulouse,2.0,13.91176470588235,4.88235294117647,17,6,11,15.264705882352938,1.6176470588235292,0.14705882352941174,1.4999999999999991,12.794117647058822,4.411764705882352,11,10,13,18.411764705882348,1.9117647058823528,3.0588235294117645,1.0294117647058822,2010-05-02,HautDeTableau,MilieuDeTableau
343,F1,02/05/10,Boulogne,Nice,1.0,8.735294117647058,2.794117647058823,6,9,19,15.852941176470587,2.029411764705882,0.17647058823529413,0.7941176470588236,12.058823529411766,3.9411764705882346,11,7,16,17.23529411764706,1.9117647058823524,3.0588235294117645,1.0,2010-05-02,BasDeTableau,BasDeTableau
344,F1,02/05/10,Lille,Nancy,2.0,15.029411764705882,5.470588235294117,18,7,9,16.91176470588236,1.7352941176470584,0.1176470588235294,1.8529411764705876,12.058823529411766,3.6470588235294112,12,8,14,15.529411764705882,1.6764705882352935,2.0882352941176467,1.1764705882352942,2010-05-02,HautDeTableau,MilieuDeTableau
345,F1,02/05/10,Montpellier,Lyon,0.0,12.47058823529412,4.176470588235293,17,9,8,19.647058823529417,2.176470588235294,0.1176470588235294,1.2941176470588232,15.454545454545453,4.818181818181817,16,11,6,16.757575757575758,1.7272727272727266,2.0303030303030303,1.6363636363636358,2010-05-02,HautDeTableau,HautDeTableau
346,F1,02/05/10,Rennes,Sochaux,0.0,13.470588235294125,4.617647058823528,14,10,10,15.235294117647063,1.2352941176470584,0.1764705882352941,1.4117647058823524,11.764705882352944,3.7941176470588234,10,8,16,15.147058823529413,1.5588235294117638,1.0588235294117645,0.7352941176470589,2010-05-02,MilieuDeTableau,BasDeTableau
347,F1,02/05/10,St Etienne,Lens,0.0,13.323529411764705,3.7647058823529416,9,9,16,15.500000000000005,1.6176470588235288,0.1176470588235294,0.7058823529411765,11.676470588235295,3.970588235294117,10,10,14,16.941176470588232,1.5294117647058818,1.0294117647058822,0.911764705882353,2010-05-02,BasDeTableau,BasDeTableau
348,F1,02/05/10,Valenciennes,Lorient,1.0,11.705882352941178,3.647058823529411,14,6,14,18.823529411764707,1.9117647058823517,0.08823529411764705,1.3235294117647052,12.352941176470589,4.264705882352942,15,8,11,13.352941176470598,1.4117647058823526,2.0,1.4411764705882346,2010-05-02,MilieuDeTableau,HautDeTableau
349,F1,05/05/10,Boulogne,St Etienne,0.0,9.057142857142855,2.9142857142857137,6,10,19,15.714285714285715,1.9714285714285715,0.17142857142857146,0.8571428571428573,13.342857142857142,3.8,9,9,17,15.48571428571429,1.6285714285714283,2.057142857142857,0.7142857142857144,2010-05-05,BasDeTableau,BasDeTableau
350,F1,05/05/10,Lens,Grenoble,1.0,11.742857142857142,4.0285714285714285,11,10,14,17.057142857142857,1.5428571428571425,0.057142857142857134,1.0000000000000002,12.028571428571427,4.0285714285714285,4,7,24,15.000000000000002,1.7714285714285711,3.114285714285714,0.8,2010-05-05,BasDeTableau,BasDeTableau
351,F1,05/05/10,Lorient,Monaco,1.0,12.48571428571429,4.342857142857143,15,9,11,13.342857142857149,1.3714285714285714,0.057142857142857134,1.3999999999999997,12.911764705882351,4.5294117647058805,14,8,12,17.88235294117647,2.235294117647057,0.08823529411764705,1.0294117647058822,2010-05-05,MilieuDeTableau,MilieuDeTableau
352,F1,05/05/10,Lyon,Auxerre,2.0,15.264705882352944,4.705882352941176,17,11,6,16.823529411764707,1.735294117647058,0.08823529411764705,1.6176470588235292,10.542857142857144,3.8,19,10,6,13.771428571428574,1.514285714285714,1.0285714285714285,1.1142857142857143,2010-05-05,HautDeTableau,HautDeTableau
353,F1,05/05/10,Marseille,Rennes,2.0,15.742857142857144,5.2285714285714295,21,9,5,16.34285714285714,1.7999999999999996,0.028571428571428567,1.7714285714285711,13.485714285714293,4.628571428571427,14,10,11,15.228571428571431,1.257142857142857,5.0285714285714285,1.3999999999999997,2010-05-05,HautDeTableau,MilieuDeTableau
354,F1,05/05/10,Nancy,Le Mans,2.0,11.942857142857141,3.628571428571429,12,8,15,15.428571428571429,1.6857142857142855,0.14285714285714285,1.1714285714285717,11.2,3.9428571428571417,7,8,20,17.94285714285715,2.3142857142857136,4.085714285714285,0.9428571428571432,2010-05-05,MilieuDeTableau,BasDeTableau
355,F1,05/05/10,Nice,Bordeaux,1.0,12.028571428571427,4.0,11,8,16,17.342857142857152,1.9142857142857137,0.14285714285714285,1.0571428571428572,13.8,4.8285714285714265,18,6,11,15.371428571428574,1.657142857142857,1.1142857142857143,1.4857142857142849,2010-05-05,MilieuDeTableau,HautDeTableau
356,F1,05/05/10,Paris SG,Valenciennes,1.0,13.057142857142857,5.114285714285711,12,10,13,15.914285714285715,1.5999999999999994,0.057142857142857134,1.3428571428571423,11.8,3.6571428571428566,14,7,14,18.74285714285714,1.9142857142857137,1.057142857142857,1.2857142857142854,2010-05-05,MilieuDeTableau,MilieuDeTableau
357,F1,05/05/10,Sochaux,Montpellier,0.0,11.6,3.7142857142857135,11,8,16,14.999999999999998,1.5428571428571418,0.08571428571428573,0.7714285714285716,12.428571428571432,4.17142857142857,17,9,9,19.62857142857143,2.2,3.0285714285714285,1.257142857142857,2010-05-05,BasDeTableau,MilieuDeTableau
358,F1,05/05/10,Toulouse,Lille,0.0,12.6,4.3428571428571425,11,10,14,18.371428571428567,1.9428571428571428,0.14285714285714285,1.0000000000000002,15.171428571428573,5.628571428571428,19,7,9,17.057142857142857,1.7714285714285711,4.0,1.8857142857142848,2010-05-05,BasDeTableau,HautDeTableau
359,F1,08/05/10,Auxerre,Lens,1.0,10.527777777777779,3.8333333333333335,19,10,7,13.722222222222225,1.4722222222222219,0.05555555555555555,1.1111111111111112,11.80555555555556,3.972222222222221,11,11,14,17.166666666666664,1.4999999999999998,1.0277777777777777,1.0000000000000002,2010-05-08,HautDeTableau,MilieuDeTableau
360,F1,08/05/10,Bordeaux,Sochaux,2.0,13.777777777777775,4.833333333333333,18,7,11,15.388888888888896,1.6666666666666667,0.1388888888888889,1.4722222222222217,11.388888888888886,3.6111111111111103,11,8,17,15.027777777777775,1.4999999999999991,1.0555555555555554,0.7500000000000002,2010-05-08,HautDeTableau,BasDeTableau
361,F1,08/05/10,Grenoble,Boulogne,2.0,12.083333333333336,4.111111111111111,4,8,24,14.972222222222225,1.7499999999999998,0.19444444444444448,0.8055555555555557,9.138888888888888,2.9722222222222214,6,10,20,15.638888888888893,1.9722222222222219,3.083333333333333,0.8333333333333336,2010-05-08,BasDeTableau,BasDeTableau
362,F1,08/05/10,Le Mans,Paris SG,2.0,11.305555555555555,4.027777777777777,7,8,21,17.722222222222218,2.25,0.19444444444444448,0.9722222222222224,13.194444444444445,5.138888888888888,12,11,13,15.833333333333336,1.5555555555555551,2.0,1.3611111111111107,2010-05-08,BasDeTableau,MilieuDeTableau
363,F1,08/05/10,Lille,Marseille,2.0,15.083333333333336,5.6111111111111125,20,7,9,17.027777777777775,1.7499999999999998,0.1111111111111111,1.888888888888888,15.777777777777775,5.250000000000002,22,9,5,16.22222222222222,1.7499999999999998,0.027777777777777776,1.8055555555555551,2010-05-08,HautDeTableau,HautDeTableau
364,F1,08/05/10,Monaco,Nancy,2.0,12.742857142857144,4.485714285714286,14,9,12,17.88571428571428,2.3142857142857127,0.08571428571428573,1.0571428571428574,11.999999999999995,3.666666666666667,13,8,15,15.527777777777779,1.6666666666666663,2.083333333333333,1.2222222222222223,2010-05-08,MilieuDeTableau,MilieuDeTableau
365,F1,08/05/10,Montpellier,Lorient,2.0,12.416666666666671,4.2222222222222205,18,9,9,19.277777777777775,2.1388888888888893,0.1111111111111111,1.2499999999999998,12.416666666666664,4.305555555555556,15,10,11,13.361111111111114,1.3888888888888893,2.0,1.4166666666666663,2010-05-08,HautDeTableau,HautDeTableau
366,F1,08/05/10,Rennes,Nice,1.0,13.527777777777779,4.611111111111111,14,10,12,15.194444444444445,1.2499999999999998,0.16666666666666666,1.3888888888888884,11.833333333333336,3.9444444444444438,11,9,16,17.416666666666668,1.8611111111111107,3.055555555555556,1.0555555555555556,2010-05-08,MilieuDeTableau,MilieuDeTableau
367,F1,08/05/10,St Etienne,Toulouse,0.0,13.444444444444445,3.8333333333333335,10,9,17,15.277777777777779,1.6388888888888886,0.1111111111111111,0.7222222222222223,12.611111111111114,4.277777777777777,11,10,15,18.47222222222221,1.9722222222222219,3.055555555555556,0.9722222222222224,2010-05-08,BasDeTableau,BasDeTableau
368,F1,08/05/10,Valenciennes,Lyon,1.0,11.722222222222221,3.6944444444444438,14,8,14,18.777777777777782,1.8611111111111107,0.08333333333333333,1.3055555555555551,15.257142857142858,4.657142857142857,18,11,6,16.88571428571429,1.6857142857142848,2.0285714285714285,1.6285714285714283,2010-05-08,MilieuDeTableau,HautDeTableau
369,F1,12/05/10,Lyon,Monaco,2.0,15.055555555555554,4.611111111111111,18,12,6,16.75,1.7499999999999996,0.08333333333333333,1.6388888888888888,12.666666666666668,4.444444444444444,15,9,12,17.777777777777782,2.3055555555555545,0.1111111111111111,1.0833333333333337,2010-05-12,HautDeTableau,MilieuDeTableau
370,F1,15/05/10,Boulogne,Rennes,2.0,9.243243243243244,3.0270270270270263,6,10,21,15.621621621621616,1.9729729729729728,0.16216216216216214,0.810810810810811,13.702702702702704,4.6756756756756745,14,11,12,15.162162162162163,1.2702702702702695,5.027027027027027,1.4054054054054048,2010-05-15,BasDeTableau,MilieuDeTableau
371,F1,15/05/10,Lens,Bordeaux,2.0,11.729729729729733,3.918918918918919,11,12,14,17.10810810810811,1.5405405405405408,0.054054054054054064,0.9729729729729728,13.621621621621617,4.8108108108108105,19,7,11,15.270270270270274,1.6756756756756754,1.108108108108108,1.4864864864864864,2010-05-15,BasDeTableau,HautDeTableau
372,F1,15/05/10,Lorient,Lille,2.0,12.297297297297295,4.243243243243244,15,10,12,13.351351351351356,1.4054054054054057,0.054054054054054064,1.4054054054054053,15.432432432432432,5.648648648648651,21,7,9,16.972972972972972,1.7837837837837838,4.0,1.9189189189189189,2010-05-15,HautDeTableau,HautDeTableau
373,F1,15/05/10,Lyon,Le Mans,2.0,15.297297297297295,4.729729729729729,19,12,6,16.702702702702705,1.729729729729729,0.08108108108108109,1.6756756756756754,11.297297297297295,3.972972972972973,8,8,21,17.40540540540541,2.2162162162162167,4.108108108108109,0.9729729729729728,2010-05-15,HautDeTableau,BasDeTableau
374,F1,15/05/10,Marseille,Grenoble,2.0,15.459459459459458,5.162162162162162,22,9,6,16.0,1.7837837837837835,0.054054054054054064,1.810810810810811,12.216216216216221,4.108108108108109,5,8,24,14.729729729729732,1.7297297297297294,3.108108108108108,0.8378378378378378,2010-05-15,HautDeTableau,BasDeTableau
375,F1,15/05/10,Nancy,Valenciennes,1.0,12.135135135135135,3.675675675675676,13,8,16,15.405405405405402,1.6486486486486478,0.13513513513513514,1.2162162162162158,11.729729729729726,3.6756756756756745,14,9,14,18.621621621621614,1.9189189189189189,1.054054054054054,1.3243243243243237,2010-05-15,MilieuDeTableau,MilieuDeTableau
376,F1,15/05/10,Nice,St Etienne,1.0,11.756756756756758,3.9459459459459456,11,10,16,17.378378378378372,1.810810810810811,0.13513513513513514,1.0810810810810811,13.48648648648649,3.837837837837837,10,9,18,15.270270270270267,1.6756756756756754,2.0540540540540544,0.7027027027027026,2010-05-15,MilieuDeTableau,BasDeTableau
377,F1,15/05/10,Paris SG,Montpellier,0.0,13.162162162162163,5.108108108108109,12,11,14,15.64864864864865,1.5405405405405406,0.054054054054054064,1.324324324324324,12.378378378378383,4.1891891891891895,19,9,9,19.162162162162165,2.189189189189189,3.0540540540540544,1.2702702702702702,2010-05-15,MilieuDeTableau,HautDeTableau
378,F1,15/05/10,Sochaux,Auxerre,0.0,11.216216216216216,3.567567567567569,11,8,18,15.189189189189193,1.5135135135135136,0.08108108108108109,0.7297297297297296,10.567567567567568,3.8378378378378377,19,11,7,13.67567567567568,1.4594594594594592,1.027027027027027,1.0810810810810811,2010-05-15,BasDeTableau,HautDeTableau
379,F1,15/05/10,Toulouse,Monaco,1.0,12.513513513513516,4.243243243243244,12,10,15,18.567567567567565,1.9459459459459447,0.13513513513513514,0.9729729729729728,12.648648648648651,4.3243243243243255,15,9,13,17.810810810810818,2.324324324324324,0.10810810810810813,1.054054054054054,2010-05-15,BasDeTableau,MilieuDeTableau
