Div,Date,Time,HomeTeam,AwayTeam,FTHG,FTAG,FTR,HTHG,HTAG,HTR,HS,AS,HST,AST,HF,AF,HC,AC,HY,AY,HR,AR,B365H,B365D,B365A,BWH,BWD,BWA,IWH,IWD,IWA,PSH,PSD,PSA,WHH,WHD,WHA,VCH,VCD,VCA,MaxH,MaxD,MaxA,AvgH,AvgD,AvgA,B365>2.5,B365<2.5,P>2.5,P<2.5,Max>2.5,Max<2.5,Avg>2.5,Avg<2.5,AHh,B365AHH,B365AHA,PAHH,PAHA,MaxAHH,MaxAHA,AvgAHH,AvgAHA,B365CH,B365CD,B365CA,BWCH,BWCD,BWCA,IWCH,IWCD,IWCA,PSCH,PSCD,PSCA,WHCH,WHCD,WHCA,VCCH,VCCD,VCCA,MaxCH,MaxCD,MaxCA,AvgCH,AvgCD,AvgCA,B365C>2.5,B365C<2.5,PC>2.5,PC<2.5,MaxC>2.5,MaxC<2.5,AvgC>2.5,AvgC<2.5,AHCh,B365CAHH,B365CAHA,PCAHH,PCAHA,MaxCAHH,MaxCAHA,AvgCAHH,AvgCAHA
F1,21/08/2020,18:00,Bordeaux,Nantes,0,0,D,0,0,D,5,6,1,1,10,15,2,3,2,3,1,0,2.4,3,3.25,2.4,3,3.3,2.5,2.8,3.25,2.48,3.03,3.33,2.45,3,3.1,2.45,2.88,3.3,2.59,3.13,3.38,2.47,2.95,3.25,3,1.4,2.91,1.45,3.1,1.46,2.85,1.42,-0.25,2.1,1.8,2.09,1.83,2.16,1.84,2.08,1.79,2.62,2.87,3.1,2.75,2.9,2.95,2.7,2.8,3,2.71,2.97,3.02,2.62,3,2.9,2.63,2.88,3,2.8,3.08,3.25,2.65,2.93,3.01,2.75,1.44,2.89,1.46,2.9,1.49,2.79,1.43,0,1.86,2.04,1.85,2.07,1.9,2.24,1.82,2.05
F1,22/08/2020,16:00,Dijon,Angers,0,1,A,0,1,A,9,12,1,4,15,8,3,9,0,0,0,0,2.7,3.1,2.8,2.75,3,2.8,2.75,2.9,2.8,2.79,3.09,2.84,2.7,3.1,2.75,2.7,3,2.8,2.86,3.22,2.92,2.73,3.07,2.77,2.37,1.57,2.51,1.57,2.57,1.63,2.4,1.57,0,1.93,1.97,1.94,1.98,1.98,2.01,1.91,1.95,3.25,3.1,2.35,3.1,3.1,2.45,3.3,2.85,2.45,3.36,3.07,2.44,3.25,3,2.38,3.4,2.9,2.38,3.46,3.17,2.53,3.3,3.02,2.39,2.75,1.44,2.72,1.5,2.86,1.56,2.61,1.49,0.25,1.86,2.07,1.85,2.06,1.88,2.08,1.83,2.03
F1,22/08/2020,20:00,Lille,Rennes,1,1,D,1,0,H,5,16,1,3,12,16,4,2,0,1,1,1,2.3,3.2,3.3,2.3,3.2,3.3,2.3,3,3.35,2.3,3.22,3.47,2.25,3.2,3.3,2.25,3.13,3.4,2.38,3.34,3.6,2.27,3.18,3.36,2.3,1.61,2.37,1.64,2.43,1.69,2.29,1.62,-0.25,1.97,1.93,1.97,1.95,2.02,1.96,1.95,1.91,1.85,3.4,4.2,1.95,3.3,4.33,1.9,3.2,4.4,1.92,3.47,4.52,1.85,3.4,4.4,1.87,3.4,4.4,1.97,3.55,4.7,1.89,3.38,4.38,2.2,1.66,2.33,1.66,2.38,1.76,2.26,1.64,-0.5,1.9,2.03,1.92,2,1.95,2.05,1.89,1.96
F1,23/08/2020,12:00,Monaco,Reims,2,2,D,1,2,A,22,9,5,3,8,14,8,1,1,3,0,0,1.9,3.4,4.33,1.91,3.5,4.2,1.95,3.25,4.2,1.95,3.53,4.24,1.88,3.4,4.2,1.87,3.25,4.4,2,3.65,4.5,1.92,3.45,4.16,2.2,1.66,2.32,1.66,2.38,1.72,2.25,1.65,-0.5,1.93,1.97,1.95,1.97,1.95,2,1.91,1.94,1.85,3.4,4.33,1.91,3.5,4.2,1.95,3.2,4.3,1.95,3.43,4.42,1.85,3.5,4.33,1.9,3.3,4.4,1.98,3.64,4.71,1.92,3.37,4.25,2.3,1.61,2.4,1.63,2.43,1.69,2.29,1.62,-0.5,1.95,1.98,1.95,1.97,1.96,1.99,1.92,1.92
F1,23/08/2020,14:00,Lorient,Strasbourg,3,1,H,0,1,A,10,7,7,1,17,10,6,1,3,2,0,0,2.5,3.2,3,2.6,3.2,2.85,2.55,2.95,2.95,2.62,3.19,2.96,2.5,3.2,2.88,2.55,3,2.88,2.75,3.32,3.05,2.56,3.13,2.91,2.3,1.61,2.38,1.64,2.43,1.69,2.32,1.61,0,1.83,2.07,1.84,2.08,1.94,2.12,1.82,2.05,2.4,3.1,3.1,2.5,3.1,3.1,2.5,2.95,3.15,2.45,3.15,3.25,2.4,3.1,3.1,2.4,3,3.2,2.54,3.3,3.26,2.43,3.09,3.15,2.5,1.53,2.52,1.57,2.52,1.67,2.4,1.58,-0.25,2.08,1.85,2.09,1.83,2.14,1.86,2.07,1.8
F1,23/08/2020,14:00,Nimes,Brest,4,0,H,2,0,H,12,10,5,3,14,17,4,4,2,3,0,1,2.3,3.2,3.3,2.25,3.3,3.3,2.3,3.15,3.3,2.29,3.39,3.32,2.25,3.3,3.25,2.2,3.25,3.3,2.35,3.48,3.46,2.24,3.32,3.27,2,1.8,2.11,1.79,2.17,1.85,2.07,1.76,-0.25,1.95,1.95,1.98,1.94,1.98,1.98,1.93,1.92,2.25,3.2,3.4,2.25,3.3,3.3,2.3,3.15,3.2,2.35,3.38,3.2,2.25,3.3,3.2,2.3,3.3,3.13,2.4,3.5,3.47,2.29,3.3,3.2,2,1.8,2.05,1.85,2.15,1.9,1.99,1.82,-0.25,2.02,1.91,2.03,1.89,2.04,1.92,1.98,1.88
F1,23/08/2020,16:00,Nice,Lens,2,1,H,1,1,D,4,17,2,4,17,18,1,7,2,3,0,0,2,3.3,4,1.95,3.5,3.9,2.05,3.2,3.85,2.05,3.36,4.06,2,3.4,3.8,2,3.25,3.8,2.12,3.54,4.25,2.02,3.34,3.88,2.1,1.72,2.18,1.75,2.22,1.81,2.11,1.73,-0.5,2.04,1.86,2.05,1.87,2.08,1.88,2.03,1.82,2,3.3,3.9,2.05,3.25,3.9,2,3.15,4,2.02,3.38,4.16,1.95,3.2,4.2,1.95,3.3,4.1,2.06,3.45,4.55,2,3.3,4.03,2.2,1.66,2.25,1.7,2.3,1.76,2.18,1.69,-0.5,2.02,1.91,2.02,1.9,2.05,1.92,2,1.86
F1,28/08/2020,20:00,Lyon,Dijon,4,1,H,3,1,H,27,6,12,2,12,7,13,2,3,3,0,0,1.28,5.75,9,1.3,5.5,10,1.33,5.25,10,1.31,5.68,10.21,1.27,5.5,11,1.29,5.25,11,1.35,6.05,11.75,1.3,5.41,10.01,1.66,2.2,1.68,2.3,1.74,2.39,1.66,2.24,-1.5,1.96,1.94,2.04,1.88,2,2.01,1.92,1.93,1.25,5.5,12,1.28,5.75,10.5,1.3,6,9.5,1.25,6.32,13.01,1.22,6,13,1.25,5.75,11.5,1.3,6.45,13.5,1.26,5.99,11.31,1.57,2.37,1.61,2.46,1.65,2.55,1.57,2.38,-1.75,2.01,1.89,2,1.92,2.06,1.92,2,1.86
F1,29/08/2020,16:00,Rennes,Montpellier,2,1,H,1,0,H,16,11,7,3,18,16,2,1,3,2,1,1,2,3.3,3.8,2,3.3,4,2.1,3.1,3.95,2.07,3.31,3.97,2,3.3,3.9,2,3.25,4,2.1,3.48,4.15,2.04,3.28,3.9,2.3,1.61,2.38,1.64,2.43,1.7,2.31,1.62,-0.5,2.05,1.85,2.07,1.85,2.07,1.88,2.03,1.82,1.8,3.5,4.5,1.8,3.5,4.75,1.85,3.3,4.7,1.86,3.55,4.59,1.78,3.5,4.75,1.8,3.4,4.8,1.91,3.66,5.15,1.84,3.45,4.59,2.3,1.61,2.29,1.68,2.36,1.76,2.25,1.64,-0.5,1.83,2.07,1.86,2.06,1.95,2.11,1.84,2.02
F1,29/08/2020,20:00,Strasbourg,Nice,0,2,A,0,1,A,6,3,0,2,14,11,3,1,2,6,0,0,2.2,3.3,3.3,2.25,3.3,3.3,2.3,3.15,3.3,2.28,3.35,3.32,2.2,3.3,3.3,2.25,3.25,3.3,2.31,3.52,3.5,2.23,3.31,3.31,2,1.8,2.11,1.8,2.19,1.85,2.06,1.77,-0.25,1.95,1.95,1.97,1.95,1.97,1.99,1.92,1.94,2.05,3.5,3.5,2.25,3.4,3.2,2.1,3.2,3.7,2.09,3.39,3.78,2.05,3.4,3.6,2.05,3.3,3.7,2.25,3.6,3.9,2.09,3.36,3.63,2.1,1.72,2.18,1.75,2.23,1.83,2.09,1.74,-0.25,1.77,2.02,1.8,2.13,1.95,2.17,1.79,2.07
F1,30/08/2020,12:00,Reims,Lille,0,1,A,0,1,A,4,10,0,3,20,11,1,2,4,1,0,0,3,3.1,2.45,3.1,3,2.55,3.05,2.85,2.6,3.07,2.99,2.64,3,3,2.55,3,3,2.5,3.15,3.16,2.71,3.03,3,2.56,2.5,1.53,2.62,1.54,2.68,1.59,2.52,1.52,0,2.13,1.78,2.11,1.81,2.19,1.85,2.11,1.77,3.1,2.9,2.6,3,3,2.6,3.15,2.75,2.6,3.21,2.89,2.63,3.1,2.88,2.55,3.1,2.9,2.55,3.3,3.06,2.74,3.11,2.9,2.59,2.75,1.44,2.9,1.46,2.95,1.53,2.72,1.46,0,2.14,1.77,2.17,1.77,2.2,1.83,2.13,1.76
F1,30/08/2020,14:00,Angers,Bordeaux,0,2,A,0,2,A,12,7,2,7,12,19,5,7,1,3,0,0,2.25,3.1,3.4,2.25,3.1,3.5,2.3,2.95,3.45,2.32,3.13,3.47,2.25,3.1,3.4,2.25,3,3.5,2.4,3.25,3.6,2.28,3.1,3.44,2.5,1.53,2.65,1.53,2.71,1.6,2.55,1.51,-0.25,1.96,1.94,1.98,1.93,1.99,1.97,1.94,1.92,2.2,3,3.75,2.25,3.1,3.5,2.25,2.9,3.75,2.25,3.05,3.78,2.2,3,3.7,2.2,3,3.7,2.35,3.16,3.9,2.24,3.02,3.64,2.75,1.44,2.82,1.48,2.88,1.53,2.69,1.46,-0.25,1.9,2,1.91,2.01,2.02,2.01,1.9,1.95
F1,30/08/2020,14:00,Metz,Monaco,0,1,A,0,1,A,14,3,4,2,14,20,10,1,0,5,0,1,3.75,3.4,2,3.75,3.5,2,3.8,3.3,2.05,3.81,3.61,2.02,3.7,3.5,2,3.75,3.3,2,3.98,3.65,2.1,3.74,3.48,2.01,2,1.8,2,1.9,2.08,1.94,1.98,1.83,0.5,1.86,2.04,1.9,2.02,1.9,2.06,1.84,2.01,4,3.6,1.9,3.9,3.5,1.95,4,3.45,1.95,3.99,3.74,1.93,4,3.7,1.85,4.1,3.6,1.87,4.34,3.88,1.98,3.95,3.61,1.91,1.9,1.9,1.93,1.97,1.99,2.05,1.89,1.92,0.5,1.99,1.91,1.99,1.93,2.01,1.95,1.94,1.91
F1,30/08/2020,14:00,Nantes,Nimes,2,1,H,2,0,H,8,17,5,9,16,9,4,8,3,2,2,0,1.95,3.2,4.2,1.91,3.3,4.5,2,3.1,4.2,1.99,3.27,4.42,1.91,3.25,4.33,1.93,3.2,4.2,2.03,3.44,4.72,1.96,3.25,4.28,2.3,1.61,2.4,1.63,2.46,1.68,2.32,1.61,-0.5,1.98,1.92,1.99,1.93,2.03,1.95,1.96,1.88,1.83,3.4,4.75,1.91,3.4,4.33,1.9,3.25,4.5,1.93,3.36,4.58,1.8,3.4,4.75,1.83,3.4,4.5,2.02,3.54,5.1,1.9,3.36,4.43,2.2,1.66,2.22,1.73,2.27,1.78,2.17,1.69,-0.5,1.91,1.99,1.93,1.99,2.01,2.03,1.9,1.95
F1,30/08/2020,14:00,St Etienne,Lorient,2,0,H,1,0,H,13,6,5,1,14,23,2,5,2,1,0,0,2.2,3.2,3.4,2.3,3.2,3.3,2.3,3.05,3.3,2.3,3.28,3.35,2.25,3.3,3.25,2.25,3.13,3.3,2.36,3.46,3.55,2.27,3.23,3.29,2.3,1.61,2.28,1.69,2.37,1.73,2.25,1.64,-0.25,1.96,1.94,1.98,1.93,2,1.96,1.94,1.91,2.3,3.2,3.3,2.3,3.2,3.3,2.3,3.05,3.35,2.31,3.24,3.37,2.25,3.2,3.25,2.25,3.2,3.3,2.4,3.35,3.5,2.29,3.21,3.3,2.2,1.66,2.23,1.72,2.3,1.77,2.19,1.68,-0.25,1.97,1.93,1.99,1.93,2.04,1.95,1.95,1.9
F1,30/08/2020,20:00,Brest,Marseille,2,3,A,1,2,A,19,7,4,4,17,13,10,2,2,4,0,0,3,3.5,2,,,,3.3,3.5,2.15,,,,,,,,,,3.56,3.85,2.18,3.36,3.64,2.09,1.8,2,,,1.89,2.11,1.79,2.01,0.25,,,,,2.08,1.84,2.01,1.82,3.5,3.2,2.2,3.5,3.2,2.2,3.5,3.15,2.25,3.67,3.26,2.23,3.6,3.1,2.2,3.5,3.13,2.2,4.65,3.8,2.33,3.6,3.21,2.18,2.37,1.57,2.41,1.63,2.43,1.7,2.31,1.62,0.25,1.99,1.91,2.01,1.89,2.1,1.94,1.98,1.88
F1,10/09/2020,20:00,Lens,Paris SG,1,0,H,0,0,D,7,8,3,1,21,10,4,2,2,2,0,0,5,4,1.65,5,4,1.65,4.9,3.9,1.7,4.7,3.99,1.71,5.25,3.9,1.63,4.75,4.1,1.65,5.6,4.25,1.73,4.9,3.96,1.68,1.9,1.9,1.9,1.97,1.97,2.02,1.88,1.93,0.75,1.99,1.91,1.94,1.94,2.05,1.94,1.97,1.87,4.2,3.8,1.75,4.75,4,1.7,4.8,3.7,1.77,4.79,3.6,1.8,4.75,3.6,1.75,4.6,3.5,1.8,5.15,3.95,1.83,4.69,3.62,1.77,2,1.8,2.06,1.81,2.13,1.92,2.03,1.79,0.75,1.82,2.08,1.83,2.05,1.93,2.11,1.83,2.03
F1,11/09/2020,20:00,Bordeaux,Lyon,0,0,D,0,0,D,5,20,0,3,12,19,4,5,2,3,0,0,4.5,3.6,1.83,4.5,3.6,1.83,4.3,3.3,1.95,4.5,3.61,1.88,4.5,3.4,1.83,4.4,3.5,1.83,4.75,3.65,2.01,4.31,3.46,1.89,2,1.8,2.1,1.81,2.18,1.86,2.07,1.76,0.5,2.03,1.87,2.03,1.88,2.04,1.95,1.96,1.88,4,3.5,1.9,4.2,3.4,1.95,4.1,3.3,2,4.1,3.49,2.01,4.2,3.4,1.91,3.9,3.4,1.95,4.5,3.6,2.07,4.03,3.41,1.96,2,1.8,2.1,1.81,2.16,1.92,2.04,1.78,0.5,1.92,1.98,1.84,2.06,1.94,2.08,1.87,1.98
F1,12/09/2020,16:00,Montpellier,Nice,3,1,H,1,0,H,20,9,13,1,17,16,8,9,0,2,0,0,2.2,3.3,3.4,2.2,3.25,3.5,2.25,3,3.4,2.25,3.35,3.52,2.15,3.2,3.5,2.2,3.2,3.4,2.26,3.48,3.68,2.21,3.25,3.4,2.2,1.66,2.22,1.72,2.23,1.8,2.16,1.7,-0.25,1.92,1.98,1.93,1.98,1.95,2.03,1.9,1.95,2,3.3,3.75,2.1,3.4,3.6,2.1,3.05,3.7,2.11,3.41,3.91,2.05,3.25,3.75,2.05,3.3,3.7,2.15,3.52,3.96,2.06,3.33,3.74,2.2,1.66,2.33,1.67,2.33,1.83,2.18,1.69,-0.5,2.07,1.83,2.11,1.83,2.12,1.85,2.06,1.8
F1,12/09/2020,20:00,St Etienne,Strasbourg,2,0,H,0,0,D,10,14,4,7,13,19,6,3,1,3,0,0,2.2,3.2,3.5,2.15,3.25,3.6,2.2,2.95,3.55,2.19,3.35,3.65,2.15,3.25,3.5,2.15,3.13,3.6,2.24,3.48,3.75,2.16,3.23,3.56,2.3,1.61,2.36,1.65,2.43,1.69,2.32,1.61,-0.25,1.87,2.03,1.88,2.03,1.89,2.07,1.85,2.01,2.1,3.2,3.75,2.15,3.25,3.6,2.15,2.95,3.65,2.17,3.33,3.81,2.1,3.2,3.7,2.1,3.2,3.7,2.22,3.45,4.13,2.13,3.24,3.66,2.2,1.66,2.29,1.69,2.33,1.76,2.2,1.67,-0.25,1.81,2.09,1.85,2.08,1.85,2.16,1.82,2.05
F1,13/09/2020,12:00,Lille,Metz,1,0,H,0,0,D,16,5,6,1,12,14,8,3,4,4,0,0,1.53,3.75,7.5,1.55,3.8,7,1.6,3.5,6.5,1.56,3.97,7.09,1.55,3.7,7,1.55,3.7,6.5,1.61,4.06,7.7,1.56,3.82,6.65,2.2,1.66,2.27,1.7,2.34,1.74,2.2,1.67,-1,2.09,1.81,2.11,1.82,2.13,1.88,2.05,1.81,1.55,3.75,7,1.53,3.75,7.5,1.6,3.25,7.25,1.57,3.79,8.06,1.53,3.5,8,1.55,3.5,7.5,1.61,3.87,8.2,1.56,3.63,7.46,2.62,1.5,2.68,1.52,2.77,1.56,2.62,1.49,-1,2.13,1.78,2.16,1.79,2.2,1.82,2.1,1.77
F1,13/09/2020,14:00,Angers,Reims,1,0,H,0,0,D,20,7,7,2,12,12,1,2,4,2,1,1,2.37,3,3.4,2.3,3,3.5,2.4,2.7,3.4,2.42,3.06,3.47,2.38,2.9,3.4,2.38,2.88,3.3,2.51,3.08,3.58,2.39,2.96,3.36,3,1.4,2.91,1.46,3,1.47,2.79,1.43,-0.25,2.03,1.87,2.04,1.87,2.06,1.89,2.01,1.84,2,3,4.33,2.1,3,4.1,2.15,2.75,4.1,2.19,3.08,4.13,2.05,3,4.2,2.05,3,4.2,2.19,3.16,4.47,2.12,3,4.05,2.75,1.44,2.86,1.47,2.92,1.5,2.78,1.43,-0.25,1.83,2.07,1.85,2.09,1.85,2.16,1.8,2.07
F1,13/09/2020,14:00,Dijon,Brest,0,2,A,0,1,A,7,19,3,5,16,16,5,7,2,0,1,0,2.4,3.3,3,2.5,3.2,3,2.55,2.9,2.95,2.59,3.22,3.03,2.5,3.1,3,2.45,3.13,2.9,2.61,3.3,3.15,2.5,3.17,2.97,2.1,1.72,2.2,1.74,2.25,1.79,2.14,1.71,-0.25,2.05,1.75,2.2,1.76,2.2,1.81,2.12,1.75,2.87,3.25,2.5,2.8,3.2,2.6,2.8,3.05,2.6,2.79,3.38,2.72,2.75,3.25,2.55,2.7,3.4,2.55,2.94,3.46,2.77,2.76,3.28,2.6,1.9,1.9,1.95,1.95,2.01,2.05,1.9,1.9,0,1.97,1.93,1.98,1.94,2.02,1.98,1.97,1.88
F1,13/09/2020,14:00,Lorient,Lens,2,3,A,1,2,A,6,12,3,6,20,16,4,2,4,3,0,1,2.1,3.3,3.75,2.15,3.3,3.6,2.2,3,3.55,2.2,3.41,3.57,2.15,3.3,3.4,2.1,3.2,3.6,2.23,3.55,3.75,2.15,3.3,3.52,2.2,1.66,2.27,1.69,2.35,1.74,2.24,1.65,-0.25,1.86,2.04,1.88,2.02,1.9,2.06,1.85,2,2.2,3.3,3.3,2.25,3.2,3.4,2.3,2.85,3.45,2.31,3.2,3.61,2.2,3.2,3.4,2.3,3.13,3.3,2.35,3.39,3.64,2.27,3.15,3.4,2.3,1.61,2.35,1.66,2.4,1.76,2.29,1.63,-0.25,1.95,1.95,1.96,1.96,2.02,1.97,1.94,1.91
F1,13/09/2020,14:00,Nimes,Rennes,2,4,A,1,2,A,17,10,9,6,17,13,8,4,2,6,0,0,3.3,3.3,2.25,3.3,3.2,2.3,3.3,3,2.3,3.43,3.35,2.28,3.3,3.2,2.25,3.25,3.13,2.25,3.5,3.42,2.4,3.29,3.24,2.27,2.2,1.66,2.27,1.7,2.32,1.75,2.21,1.67,0.25,1.93,1.97,1.95,1.95,1.95,2.01,1.9,1.94,3.4,3.2,2.25,3.3,3.2,2.3,3.3,2.95,2.3,3.33,3.3,2.39,3.2,3.25,2.25,3.13,3.25,2.3,3.47,3.52,2.41,3.26,3.23,2.3,2.1,1.72,2.2,1.74,2.22,1.83,2.11,1.73,0.25,1.86,2.04,1.89,2.04,1.95,2.1,1.87,1.99
F1,13/09/2020,16:00,Monaco,Nantes,2,1,H,1,0,H,18,7,5,2,14,11,9,4,3,1,0,0,1.9,3.6,4,1.95,3.6,3.9,1.95,3.25,3.95,1.95,3.64,4.13,1.95,3.4,4,1.9,3.4,3.9,2.01,3.75,4.33,1.93,3.55,3.93,1.9,1.9,1.95,1.93,1.99,2,1.9,1.91,-0.5,1.95,1.95,1.95,1.95,1.98,2,1.93,1.91,1.83,3.75,4.33,1.91,3.5,4.1,1.9,3.55,4.3,1.88,3.6,4.69,1.8,3.5,4.5,1.8,3.5,4.6,1.91,3.79,4.8,1.85,3.54,4.4,2.02,1.83,2.03,1.88,2.07,1.92,1.98,1.83,-0.5,1.86,2.04,1.88,2.05,1.89,2.07,1.85,2
F1,13/09/2020,20:00,Paris SG,Marseille,0,1,A,0,1,A,14,5,4,2,17,19,4,2,6,8,3,2,,,,1.5,5,5.5,1.73,4.4,4.1,,,,,,,1.7,4,4.33,1.73,5.2,5,1.68,4.52,4.28,,,,,1.52,2.85,1.47,2.66,-0.75,,,,,1.94,2.17,1.84,1.97,1.36,5,7.5,1.36,5.25,7.75,1.43,5.25,6.75,1.41,5.51,7.39,1.36,5,8,1.36,5,8,1.43,5.6,8.5,1.38,5.2,7.56,1.53,2.5,1.55,2.61,1.59,2.82,1.52,2.53,-1.5,2.04,1.86,2.04,1.88,2.12,1.99,2.02,1.84
F1,15/09/2020,20:00,Montpellier,Lyon,2,1,H,1,0,H,10,19,3,7,13,13,4,11,3,2,1,1,3.8,3.3,2.05,3.8,3.4,2.05,3.7,3.3,2.1,3.96,3.52,2.06,3.75,3.3,2.05,3.75,3.4,2,4,3.52,2.13,3.79,3.39,2.05,2,1.8,2.05,1.86,2.15,1.86,2.03,1.79,0.5,1.85,2.05,1.88,2.06,1.91,2.1,1.83,2.04,3.5,3.6,2.05,4.1,3.5,1.91,3.5,3.4,2.15,3.57,3.62,2.14,3.5,3.4,2.1,3.6,3.4,2.05,4.1,3.67,2.23,3.49,3.48,2.11,1.9,1.9,1.96,1.94,2.13,2.05,1.91,1.89,0.25,2.05,1.85,2.07,1.86,2.17,1.87,2.03,1.83
F1,16/09/2020,20:00,Paris SG,Metz,1,0,H,0,0,D,20,7,8,1,8,6,8,2,3,2,1,0,1.25,7,9,1.28,6.75,8.5,1.3,6,9,1.27,6.31,8.34,1.07,11,29,1.25,5.75,11.5,1.3,7,11.75,1.26,6.33,9.36,1.5,2.62,1.43,2.69,1.51,2.85,1.47,2.64,-1.75,2.03,1.87,1.99,1.81,2.05,1.91,2,1.84,1.22,5.25,12,1.22,6.25,13.5,1.25,6,12,1.27,6.21,13.34,1.24,5.8,13,1.25,5.5,13,1.29,6.5,14.5,1.25,5.94,12.04,1.72,2.1,1.77,2.16,1.93,2.28,1.72,2.13,-1.5,1.85,2.05,1.87,2.06,1.89,2.16,1.81,2.06
F1,17/09/2020,20:00,Marseille,St Etienne,0,2,A,0,1,A,13,12,2,5,13,15,7,6,2,2,0,0,2,3.3,4,1.95,3.4,4.1,2.05,3.1,3.9,2.04,3.42,4.02,2,3.2,4,2,3.25,3.8,2.09,3.5,4.33,2.01,3.33,3.95,2.1,1.72,2.15,1.77,2.22,1.81,2.12,1.73,-0.5,2.04,1.86,2.04,1.88,2.08,1.9,2.02,1.83,1.8,3.5,4.75,1.85,3.4,4.6,1.85,3.25,4.6,1.86,3.51,4.93,1.78,3.4,4.8,1.75,3.5,4.8,1.89,3.65,5.22,1.83,3.49,4.63,2.2,1.66,2.3,1.68,2.3,1.79,2.17,1.71,-0.5,1.84,2.06,1.86,2.07,1.93,2.1,1.83,2.02
F1,18/09/2020,20:00,Lyon,Nimes,0,0,D,0,0,D,16,10,3,3,18,12,9,2,3,2,0,0,1.3,5.5,10,1.34,5,9.5,1.4,5,7.5,1.33,5.82,9.99,1.29,5.25,11,1.29,5.5,10,1.4,6.05,11.5,1.31,5.59,9.76,1.53,2.5,1.55,2.61,1.59,2.68,1.53,2.52,-1.5,1.88,2.05,1.88,2.04,1.95,2.07,1.87,1.99,1.22,5.75,10,1.26,6.25,10.5,1.4,5,7.5,1.27,6.54,11.75,1.22,6.5,12,1.25,6,11,1.4,7.1,13.5,1.26,6.2,10.92,1.5,2.62,1.47,2.83,1.51,2.95,1.45,2.74,-1.5,1.67,2.15,1.71,2.27,1.95,2.33,1.73,2.16
F1,19/09/2020,16:00,Lens,Bordeaux,2,1,H,0,0,D,19,7,5,3,15,15,7,0,5,5,0,1,2.3,3.1,3.4,2.3,3.1,3.4,2.4,2.9,3.35,2.39,3.09,3.43,2.3,3.1,3.3,2.3,3.1,3.3,2.45,3.25,3.55,2.36,3.07,3.32,2.3,1.61,2.44,1.61,2.5,1.66,2.35,1.6,-0.25,2,1.93,2.03,1.88,2.05,1.95,2,1.86,2.37,3,3.4,2.4,3.1,3.25,2.4,2.8,3.45,2.37,3.06,3.67,2.35,3,3.3,2.3,3,3.4,2.46,3.25,3.67,2.37,3.01,3.38,2.5,1.53,2.65,1.53,2.69,1.6,2.49,1.53,-0.25,2.02,1.91,1.99,1.93,2.05,1.94,2,1.86
F1,19/09/2020,20:00,Rennes,Monaco,2,1,H,0,1,A,14,14,3,2,11,11,9,10,1,2,0,0,2.35,3.4,3,2.3,3.4,3.1,2.3,3.2,3.15,2.31,3.43,3.23,2.3,3.3,3.1,2.3,3.4,3,2.45,3.56,3.3,2.32,3.37,3.1,1.8,2,1.86,2.04,1.92,2.07,1.84,1.98,-0.25,2.02,1.91,2,1.92,2.1,1.93,2,1.86,2.25,3.5,3,2.15,3.5,3.3,2.4,3.2,2.95,2.41,3.45,3.15,2.25,3.4,3.1,2.38,3.4,2.9,2.45,3.61,3.3,2.34,3.42,3.02,1.8,2,1.82,2.08,1.85,2.16,1.79,2.04,-0.25,2.06,1.87,2.07,1.86,2.1,1.89,2.03,1.83
F1,20/09/2020,12:00,Nice,Paris SG,0,3,A,0,2,A,14,14,5,6,9,9,4,7,1,2,0,0,7.5,5,1.4,6.5,4.75,1.45,7.75,4.4,1.43,7.66,4.85,1.43,8,4.6,1.4,8.5,4.6,1.36,8.5,5.05,1.46,7.45,4.7,1.42,1.8,2,1.81,2.1,1.86,2.16,1.77,2.06,1.25,1.98,1.95,1.96,1.96,1.98,2,1.9,1.94,11,5.5,1.28,9.5,5.75,1.3,7.5,6,1.35,9.49,6,1.33,11,5.5,1.27,10.5,5.5,1.29,11.5,6.3,1.35,9.45,5.72,1.3,1.53,2.5,1.54,2.63,1.58,2.82,1.51,2.55,1.5,2.06,1.87,2.05,1.88,2.11,1.92,2,1.85
F1,20/09/2020,14:00,Brest,Lorient,3,2,H,2,1,H,14,9,6,4,20,13,4,6,2,1,0,0,2.4,3.1,3.2,2.35,3.25,3.2,2.4,3.05,3.1,2.4,3.26,3.22,2.35,3.2,3.1,2.38,3.13,3,2.47,3.45,3.26,2.38,3.22,3.11,2.1,1.72,2.1,1.8,2.2,1.82,2.11,1.74,-0.25,2.08,1.85,2.05,1.86,2.09,1.88,2.04,1.82,2.2,3.25,3.3,2.35,3.2,3.2,2.35,3.15,3.05,2.39,3.4,3.23,2.3,3.2,3.2,2.25,3.4,3.13,2.44,3.5,3.41,2.32,3.33,3.13,1.9,1.9,1.96,1.94,1.99,2.05,1.9,1.91,-0.25,2.02,1.91,2.05,1.88,2.09,1.93,1.99,1.86
F1,20/09/2020,14:00,Metz,Reims,2,1,H,1,1,D,14,10,4,4,14,7,8,5,1,4,0,1,2.55,3,3.1,2.7,2.9,2.95,2.65,2.7,3.1,2.69,2.88,3.17,2.6,2.88,3.1,2.55,2.88,3,2.75,3.05,3.22,2.63,2.87,3.1,3,1.4,2.94,1.44,3.1,1.48,2.87,1.42,0,1.8,2.14,1.8,2.13,1.85,2.16,1.78,2.1,2.8,2.9,2.75,2.8,2.8,3,2.9,2.65,2.85,3.01,2.88,2.92,2.8,2.8,2.88,2.7,2.9,2.9,3.02,2.99,3.1,2.85,2.84,2.87,2.75,1.44,2.92,1.45,2.95,1.47,2.8,1.43,0,2.02,1.91,1.99,1.93,2.04,2.01,1.94,1.91
F1,20/09/2020,14:00,Montpellier,Angers,4,1,H,2,1,H,14,14,9,3,14,5,6,3,4,3,0,0,2.1,3.25,3.75,2.15,3.25,3.6,2.15,3.05,3.65,2.14,3.38,3.69,2.15,3.2,3.5,2.1,3.13,3.7,2.25,3.44,3.8,2.14,3.27,3.6,2.3,1.61,2.32,1.67,2.41,1.7,2.3,1.62,-0.25,1.87,2.06,1.84,2.08,1.9,2.08,1.83,2.03,1.85,3.3,4.5,1.95,3.4,4.1,2,3.1,4.1,2.03,3.4,4.24,1.91,3.25,4.33,1.95,3.25,4.2,2.05,3.52,4.65,1.97,3.33,4.13,2.3,1.61,2.37,1.65,2.41,1.7,2.31,1.62,-0.5,2.02,1.91,2.03,1.9,2.05,1.93,1.98,1.87
F1,20/09/2020,14:00,Strasbourg,Dijon,1,0,H,0,0,D,17,6,6,2,10,16,8,2,1,1,0,0,1.65,3.75,5.5,1.72,3.75,5,1.7,3.5,5.25,1.7,3.87,5.34,1.7,3.6,5.25,1.67,3.6,5.25,1.76,4,5.55,1.7,3.74,5.15,2.1,1.72,2.11,1.8,2.18,1.84,2.08,1.75,-0.75,1.95,1.98,1.94,1.98,1.97,1.98,1.91,1.94,1.57,3.8,6,1.62,3.8,5.75,1.63,3.75,5.5,1.61,4.16,6.13,1.57,4,5.8,1.57,3.9,6,1.65,4.33,6.4,1.6,3.97,5.76,1.9,1.9,1.94,1.96,2.04,2.05,1.91,1.9,-1,2.09,1.84,2.07,1.86,2.15,1.87,2.06,1.81
F1,20/09/2020,16:00,Nantes,St Etienne,2,2,D,0,1,A,15,6,3,4,12,17,4,2,2,2,0,0,2.3,3.1,3.4,2.35,3.1,3.3,2.35,3,3.25,2.34,3.29,3.3,2.25,3.2,3.25,2.3,3,3.3,2.4,3.4,3.44,2.32,3.2,3.25,2.37,1.57,2.47,1.6,2.55,1.64,2.41,1.58,-0.25,2.03,1.9,2.01,1.9,2.05,1.94,1.98,1.87,2.2,3.1,3.6,2.3,3.2,3.3,2.25,3.05,3.45,2.26,3.37,3.52,2.15,3.3,3.4,2.25,3.2,3.3,2.34,3.54,3.68,2.23,3.24,3.4,2.1,1.72,2.18,1.75,2.33,1.76,2.19,1.68,-0.25,1.95,1.98,1.93,1.99,2.01,2.01,1.91,1.94
F1,20/09/2020,20:00,Marseille,Lille,1,1,D,0,0,D,11,14,2,7,12,18,5,4,3,3,0,0,2.3,3.2,3.3,2.3,3.25,3.25,2.4,3,3.2,2.39,3.27,3.25,2.35,3.1,3.2,2.3,3.1,3.25,2.48,3.32,3.38,2.34,3.19,3.22,2.37,1.57,2.45,1.6,2.5,1.66,2.38,1.59,-0.25,2.05,1.88,2.04,1.87,2.08,1.9,2,1.85,2.45,3.2,3,2.4,3.1,3.2,2.45,2.95,3.15,2.47,3.21,3.27,2.4,3.1,3.1,2.38,3.13,3.13,2.53,3.4,3.3,2.42,3.15,3.14,2.2,1.66,2.27,1.7,2.35,1.76,2.22,1.66,-0.25,2.09,1.84,2.09,1.85,2.1,1.92,2.05,1.82
F1,25/09/2020,20:00,Lille,Nantes,2,0,H,1,0,H,12,12,4,6,16,12,4,7,0,2,0,0,1.66,3.75,5.5,1.72,3.6,5.25,1.67,3.45,5.75,1.69,3.76,5.65,1.65,3.5,5.8,1.7,3.75,5,1.75,3.85,6.2,1.68,3.67,5.55,2.3,1.61,2.31,1.67,2.4,1.72,2.27,1.63,-0.75,1.91,2.02,1.93,1.99,1.95,2.04,1.88,1.97,1.61,3.8,5.5,1.67,3.8,5.25,1.65,3.75,5.75,1.69,3.81,5.55,1.62,3.7,5.8,1.67,3.8,5,1.73,4,6.11,1.66,3.76,5.47,2,1.8,2.18,1.75,2.23,1.85,2.09,1.74,-0.75,1.9,2.03,1.92,2,1.92,2.13,1.85,2
F1,26/09/2020,16:00,St Etienne,Rennes,0,3,A,0,1,A,6,10,4,6,11,12,6,4,1,1,0,0,2.87,3.1,2.6,2.75,3,2.8,2.85,2.95,2.6,2.93,3.18,2.65,2.8,3.1,2.6,2.88,3.13,2.6,2.95,3.28,2.8,2.84,3.12,2.62,2.2,1.66,2.23,1.71,2.29,1.74,2.2,1.67,0,2.08,1.85,2.06,1.86,2.08,1.9,2.02,1.83,3.1,3.1,2.45,3.1,3.1,2.45,3.1,3.05,2.4,3.33,3.22,2.43,3.2,3.1,2.38,3.1,3.25,2.38,3.35,3.35,2.5,3.11,3.18,2.4,2,1.8,2.08,1.84,2.1,1.92,2.03,1.78,0.25,1.86,2.07,1.87,2.06,1.88,2.1,1.82,2.04
F1,26/09/2020,20:00,Marseille,Metz,1,1,D,0,0,D,17,14,3,3,15,11,5,5,0,2,0,0,1.61,3.75,6,1.65,3.8,5.5,1.7,3.4,5.5,1.68,3.7,5.99,1.63,3.5,6,1.65,3.6,5.75,1.71,3.85,6.45,1.66,3.67,5.68,2.2,1.66,2.29,1.68,2.34,1.74,2.21,1.67,-0.75,1.91,2.02,1.91,2.01,1.94,2.02,1.87,1.98,1.57,3.75,6.5,1.6,3.75,6.25,1.65,3.65,5.75,1.62,3.89,6.63,1.57,3.7,6.5,1.6,3.8,6,1.65,4.2,7.18,1.59,3.8,6.22,2,1.8,2.06,1.86,2.11,1.92,2,1.81,-1,2.05,1.75,2.18,1.76,2.2,1.88,2.09,1.77
F1,27/09/2020,12:00,Bordeaux,Nice,0,0,D,0,0,D,18,13,5,2,9,15,7,7,1,1,0,0,2.1,3.25,3.6,2.2,3.25,3.5,2.25,2.95,3.6,2.21,3.2,3.72,2.15,3.2,3.5,2.15,3.13,3.5,2.27,3.4,3.72,2.18,3.19,3.54,2.3,1.61,2.39,1.63,2.4,1.69,2.31,1.61,-0.25,1.89,2.01,1.88,2.03,1.92,2.05,1.86,1.98,2,3.3,3.8,2.05,3.4,3.8,2.05,3.2,3.9,2.13,3.39,3.88,2.05,3.3,3.7,2,3.4,3.75,2.64,3.54,4,2.07,3.34,3.73,2,1.8,2.12,1.79,2.2,1.93,2.09,1.74,-0.25,1.75,2.05,1.82,2.12,1.83,2.2,1.77,2.09
F1,27/09/2020,14:00,Angers,Brest,3,2,H,1,2,A,12,14,5,6,17,21,6,1,3,2,0,0,2.05,3.3,3.8,2,3.4,3.9,2.1,3.1,3.8,2.12,3.29,3.87,2.1,3.1,3.8,2,3.25,3.8,2.16,3.4,4,2.08,3.26,3.76,2.2,1.66,2.23,1.71,2.31,1.75,2.18,1.68,-0.25,1.72,2.07,1.82,2.11,1.84,2.16,1.78,2.08,2.05,3.4,3.75,2.15,3.25,3.6,2.15,3.05,3.7,2.2,3.32,3.74,2.1,3.2,3.7,2.1,3.3,3.6,2.24,3.46,3.84,2.14,3.24,3.64,2,1.8,2.04,1.87,2.31,1.87,2.06,1.77,-0.25,1.82,2.08,1.88,2.05,1.89,2.13,1.82,2.03
F1,27/09/2020,14:00,Dijon,Montpellier,2,2,D,1,0,H,15,14,6,5,15,11,6,13,4,1,0,0,4.5,3.6,1.8,4.2,3.6,1.87,4.3,3.45,1.85,4.44,3.78,1.84,4.2,3.6,1.83,4.2,3.5,1.83,4.5,3.82,1.91,4.22,3.65,1.84,1.9,1.9,1.96,1.94,2,1.96,1.91,1.89,0.5,2.04,1.86,2.08,1.84,2.08,1.9,2,1.84,5,3.75,1.7,4.75,3.75,1.75,4.9,3.55,1.73,5.15,3.88,1.75,5,3.6,1.73,5,3.7,1.7,5.2,4,1.8,4.8,3.75,1.73,1.9,1.9,1.96,1.94,1.96,2.05,1.9,1.9,0.75,1.9,2,1.94,1.98,1.96,2.05,1.9,1.95
F1,27/09/2020,14:00,Monaco,Strasbourg,3,2,H,2,0,H,11,11,5,5,11,12,6,2,3,1,2,0,1.85,3.5,4.2,1.9,3.5,4.25,1.9,3.45,4.2,1.88,3.65,4.4,1.85,3.4,4.4,1.8,3.6,4.2,1.92,3.79,4.6,1.86,3.56,4.23,1.9,1.9,1.88,2.01,1.91,2.09,1.83,1.97,-0.5,1.88,2.02,1.88,2.03,1.92,2.1,1.86,1.99,1.7,3.75,5,1.75,3.75,4.75,1.73,3.6,4.8,1.74,3.84,5.3,1.67,3.6,5.5,1.7,3.8,5,1.78,3.95,5.72,1.71,3.77,4.97,1.8,2,1.85,2.07,1.88,2.15,1.8,2.01,-0.75,1.99,1.91,1.97,1.95,2.03,2,1.93,1.92
F1,27/09/2020,14:00,Nimes,Lens,1,1,D,0,1,A,13,15,4,6,10,16,5,7,0,3,0,0,2.6,3.3,2.75,2.7,3.25,2.7,2.7,3.1,2.7,2.76,3.33,2.7,2.62,3.3,2.7,2.6,3.2,2.7,2.76,3.52,2.8,2.65,3.28,2.69,2,1.8,2.05,1.85,2.08,1.87,2.01,1.8,0,1.95,1.98,1.98,1.93,1.98,2.02,1.9,1.94,3.3,3.4,2.1,3.5,3.5,2.1,3.5,3.1,2.2,3.57,3.34,2.26,3.4,3.3,2.15,3.5,3.3,2.15,3.6,3.54,2.3,3.42,3.3,2.19,2,1.8,2.05,1.86,2.08,1.92,1.99,1.81,0.25,2.02,1.91,2,1.93,2.06,1.95,1.97,1.88
F1,27/09/2020,16:00,Lorient,Lyon,1,1,D,0,0,D,4,19,2,6,19,7,1,5,2,0,0,0,5.75,4.2,1.57,5.5,4.1,1.6,5.5,3.9,1.63,5.49,4.24,1.62,5.25,4,1.62,5.75,4,1.55,5.75,4.35,1.68,5.33,4.13,1.61,1.8,2,1.79,2.12,1.82,2.16,1.76,2.06,1,1.85,2.05,1.84,2.08,1.88,2.13,1.81,2.04,4.5,3.8,1.72,4.75,3.9,1.72,4.5,3.7,1.75,5.15,4.2,1.69,4.8,3.8,1.7,4.75,3.75,1.73,5.15,4.2,1.76,4.69,3.92,1.71,1.8,2,1.78,2.14,1.81,2.15,1.75,2.07,0.75,2.01,1.89,2.04,1.88,2.04,1.98,1.95,1.9
F1,27/09/2020,20:00,Reims,Paris SG,0,2,A,0,1,A,8,21,3,7,11,10,3,7,2,2,0,0,13,6,1.22,11,6.25,1.25,12,6,1.25,11.39,6.33,1.27,12,6,1.24,13,6.5,1.2,13,6.9,1.28,11.43,6.15,1.25,1.53,2.5,1.53,2.64,1.53,2.69,1.52,2.52,1.75,1.95,1.85,2,1.92,2.02,1.96,1.94,1.89,13,6,1.2,13,7,1.2,12,7,1.22,14.75,7.48,1.21,15,7,1.18,13,7.5,1.18,17.75,8,1.22,13.52,7.05,1.2,1.36,3.2,1.41,3.04,1.43,3.44,1.38,2.99,2,1.99,1.91,1.98,1.93,2.07,2,1.95,1.9
F1,02/10/2020,20:00,Paris SG,Angers,6,1,H,2,0,H,18,8,12,2,11,9,6,2,1,2,0,0,1.1,9,21,1.11,10,21,1.15,9.5,14,1.09,11.75,27.98,1.08,10,26,1.07,11.5,26,1.15,12.5,29,1.09,10.94,23.63,1.22,4.33,1.21,4.44,1.28,4.5,1.22,4.16,-2.5,1.7,2.1,1.71,2.18,1.93,2.21,1.75,2.11,1.08,10,23,1.09,11.5,23,1.15,9,14,1.09,11.94,25.33,1.07,11,26,1.06,13,26,1.15,13.75,34,1.08,11.47,24.38,1.22,4.33,1.19,4.8,1.23,4.82,1.2,4.39,-2.75,1.87,2.06,1.82,2.04,1.9,2.18,1.82,2.04
F1,03/10/2020,16:00,Lens,St Etienne,2,0,H,1,0,H,13,2,5,1,23,10,12,0,1,1,0,2,1.95,3.5,4.2,2.05,3.4,3.75,2.05,3.15,3.85,2.08,3.51,3.89,2.05,3.3,3.75,2,3.3,3.9,2.12,3.58,4.2,2.04,3.38,3.76,2.2,1.66,2.22,1.72,2.29,1.77,2.18,1.68,-0.5,2.06,1.87,2.08,1.85,2.08,1.88,2.04,1.81,1.8,3.6,4.5,1.83,3.6,4.4,1.83,3.45,4.4,1.86,3.66,4.7,1.78,3.6,4.5,1.8,3.6,4.5,1.9,3.88,4.75,1.83,3.58,4.43,1.9,1.9,1.98,1.93,2.04,1.98,1.93,1.87,-0.5,1.86,2.07,1.86,2.07,1.88,2.08,1.84,2.02
F1,03/10/2020,20:00,Nice,Nantes,2,1,H,1,1,D,18,11,7,1,13,8,9,2,2,1,0,1,2.45,3.25,3,2.45,3.2,3,2.5,3,3,2.51,3.32,3.1,2.4,3.2,3,2.45,3.2,3,2.52,3.38,3.11,2.44,3.23,3,2.2,1.66,2.28,1.69,2.31,1.72,2.21,1.66,-0.25,2.13,1.81,2.14,1.81,2.16,1.84,2.09,1.78,2.2,3.4,3.25,2.2,3.3,3.4,2.3,3.1,3.3,2.28,3.46,3.39,2.2,3.3,3.3,2.2,3.25,3.4,2.3,3.55,3.41,2.24,3.31,3.28,2.1,1.72,2.09,1.83,2.17,1.83,2.08,1.74,-0.25,1.96,1.97,1.96,1.96,1.97,1.98,1.93,1.92
F1,04/10/2020,12:00,Montpellier,Nimes,0,1,A,0,0,D,12,8,2,1,14,15,8,2,2,1,0,0,1.66,3.8,5.5,1.72,3.9,4.75,1.7,3.65,5,1.69,3.86,5.72,1.67,3.7,5.25,1.65,3.75,5,1.74,4,5.72,1.69,3.79,5.12,1.9,1.9,1.87,2.04,1.95,2.04,1.85,1.96,-0.75,1.93,2,1.91,2.02,1.95,2.02,1.89,1.96,1.7,3.8,5,1.72,3.7,5,1.7,3.6,5,1.76,3.7,5.36,1.73,3.6,5,1.7,3.8,5,1.77,4,5.5,1.71,3.72,4.98,1.8,2,1.88,2.03,1.9,2.08,1.82,1.98,-0.75,2.02,1.91,2.01,1.92,2.03,1.95,1.94,1.9
F1,04/10/2020,14:00,Bordeaux,Dijon,3,0,H,2,0,H,17,5,7,1,15,14,5,4,2,3,0,0,1.66,3.8,5.25,1.65,3.8,5.5,1.73,3.5,5.25,1.71,3.93,5.36,1.7,3.7,5,1.67,3.6,5.25,1.77,4,5.5,1.69,3.78,5.08,2,1.8,2.1,1.81,2.14,1.84,2.05,1.77,-0.75,1.96,1.97,1.94,1.98,1.98,1.98,1.91,1.93,1.65,3.8,5.25,1.65,3.8,5.5,1.67,3.65,5.25,1.68,3.96,5.71,1.65,3.75,5.25,1.67,3.8,5.25,1.7,4.14,5.72,1.66,3.83,5.28,1.8,2,1.87,2.04,1.99,2.05,1.84,1.96,-0.75,1.9,2.03,1.88,2.05,1.92,2.05,1.86,1.99
F1,04/10/2020,14:00,Brest,Monaco,1,0,H,1,0,H,7,21,5,2,10,17,1,8,3,4,0,0,3.1,3.6,2.2,3.1,3.5,2.25,3.05,3.45,2.25,3.1,3.83,2.28,3.1,3.6,2.2,3.1,3.5,2.15,3.2,3.83,2.3,3.04,3.65,2.22,1.72,2.1,1.72,2.23,1.79,2.24,1.71,2.14,0.25,1.95,1.98,1.93,1.99,1.98,1.99,1.91,1.93,2.8,3.75,2.3,2.8,3.75,2.35,2.9,3.4,2.35,2.99,3.68,2.41,2.8,3.7,2.3,2.75,3.8,2.3,3.06,3.95,2.41,2.85,3.67,2.33,1.44,2.75,1.5,2.72,1.52,2.96,1.46,2.67,0.25,1.84,2.09,1.85,2.09,1.85,2.13,1.81,2.04
F1,04/10/2020,14:00,Metz,Lorient,3,1,H,1,1,D,16,10,8,4,10,14,4,3,1,2,0,0,2.3,3.2,3.3,2.3,3.2,3.1,2.3,3.05,3.3,2.29,3.46,3.37,2.25,3.25,3.2,2.25,3.1,3.3,2.37,3.46,3.45,2.27,3.26,3.26,2.37,1.57,2.41,1.63,2.45,1.65,2.36,1.58,-0.25,1.99,1.94,1.97,1.95,2,1.96,1.94,1.9,2.25,3.2,3.4,2.3,3.2,3.1,2.4,2.9,3.25,2.36,3.28,3.42,2.35,3,3.3,2.38,3.1,3.2,2.43,3.28,3.47,2.35,3.13,3.23,2.3,1.61,2.39,1.64,2.5,1.66,2.34,1.59,-0.25,2.03,1.9,2,1.92,2.07,1.93,2.01,1.84
F1,04/10/2020,14:00,Strasbourg,Lille,0,3,A,0,1,A,14,12,3,6,11,10,11,1,1,1,0,0,3.3,3.3,2.25,3.3,3.2,2.3,3.3,3.05,2.3,3.39,3.37,2.33,3.25,3.2,2.25,3.3,3.1,2.25,3.5,3.41,2.34,3.29,3.26,2.26,2.3,1.61,2.32,1.68,2.35,1.7,2.26,1.63,0.25,1.94,1.99,1.93,1.99,1.94,2.01,1.9,1.94,4,3.3,2.05,3.7,3.2,2.15,3.9,2.95,2.1,3.98,3.28,2.14,3.9,3.2,2.05,4,3.1,2.1,4.1,3.34,2.25,3.82,3.19,2.09,2.5,1.53,2.59,1.56,2.59,1.6,2.47,1.53,0.25,2.11,1.82,2.12,1.83,2.14,1.85,2.08,1.78
F1,04/10/2020,16:00,Rennes,Reims,2,2,D,2,1,H,18,9,3,4,12,16,10,2,4,3,0,0,1.61,3.75,6,1.67,3.9,5.25,1.65,3.5,6,1.65,3.91,6.14,1.63,3.6,5.8,1.62,3.6,5.75,1.72,4,6.14,1.65,3.76,5.64,2.2,1.66,2.25,1.71,2.31,1.74,2.2,1.67,-0.75,1.87,2.06,1.87,2.06,1.92,2.07,1.86,1.99,1.75,3.6,5,1.75,3.5,5.25,1.83,3.25,4.8,1.83,3.47,5.28,1.78,3.4,5,1.8,3.4,4.8,1.87,3.67,5.5,1.78,3.47,4.95,2.2,1.66,2.25,1.71,2.26,1.76,2.17,1.68,-0.75,2.05,1.75,2.11,1.82,2.16,1.91,2.04,1.81
F1,04/10/2020,20:00,Lyon,Marseille,1,1,D,1,1,D,24,4,3,1,14,10,19,5,1,1,0,1,1.7,3.8,5,1.67,4,5,1.73,3.55,4.9,1.73,3.94,5.18,1.7,3.75,5,1.7,3.6,5,1.75,4.1,5.35,1.7,3.84,4.9,1.9,1.9,1.94,1.96,2.01,2,1.91,1.9,-0.75,1.98,1.95,1.97,1.95,1.99,1.97,1.92,1.92,1.75,3.6,4.75,1.75,3.7,4.75,1.8,3.75,4.4,1.84,3.88,4.5,1.75,3.6,4.75,1.8,3.6,4.5,1.86,3.9,5.44,1.79,3.7,4.51,1.9,1.9,1.91,2,1.95,2.05,1.86,1.94,-0.75,2.09,1.84,2.1,1.84,2.14,1.91,2.03,1.82
F1,16/10/2020,18:00,Dijon,Rennes,1,1,D,0,1,A,12,12,4,3,22,13,3,5,4,2,0,0,5.25,3.8,1.66,5,3.8,1.7,5,3.65,1.7,5.28,4.06,1.7,5,3.9,1.65,5.25,3.9,1.65,5.28,4.18,1.73,5.02,3.92,1.68,1.85,2,1.89,2.02,1.92,2.1,1.84,1.97,0.75,2.03,1.9,2.03,1.9,2.06,1.93,1.99,1.87,5.25,4,1.61,5.25,3.9,1.65,5,3.75,1.67,5.16,4.21,1.68,5,3.9,1.65,5,3.9,1.67,5.74,4.27,1.7,5.05,3.99,1.66,1.8,2,1.81,2.09,1.84,2.15,1.79,2.02,0.75,2.07,1.86,2.05,1.88,2.07,1.88,2.01,1.85
F1,16/10/2020,20:00,Nimes,Paris SG,0,4,A,0,1,A,5,30,2,11,10,12,1,9,1,2,1,0,6.5,5,1.4,6.75,5,1.42,6.25,5,1.45,7.17,5.29,1.42,7.5,4.75,1.4,8,5,1.36,8.3,5.35,1.45,7.19,5.02,1.41,1.57,2.37,1.57,2.5,1.59,2.63,1.55,2.44,1.25,2,1.93,1.99,1.92,2.04,1.95,1.98,1.89,8,5.25,1.33,9.5,5.75,1.3,7.25,5.5,1.4,9.08,5.64,1.34,9,5.25,1.32,9,5.25,1.33,10,5.9,1.4,8.45,5.44,1.33,1.53,2.5,1.54,2.59,1.56,2.69,1.52,2.5,1.5,1.92,2.01,1.91,2,2,2.02,1.9,1.95
F1,17/10/2020,16:00,Reims,Lorient,1,3,A,1,0,H,6,14,3,4,14,11,3,6,4,1,2,0,2.1,3.4,3.6,2.15,3.3,3.5,2.15,3.15,3.6,2.15,3.49,3.7,2.1,3.25,3.6,2.1,3.25,3.7,2.2,3.5,3.75,2.11,3.36,3.56,2.2,1.66,2.25,1.71,2.31,1.74,2.18,1.68,-0.25,1.84,2.09,1.85,2.09,1.86,2.1,1.82,2.04,2.05,3.5,3.75,2.15,3.3,3.5,2.15,3.1,3.6,2.16,3.48,3.66,2.1,3.3,3.6,2.1,3.25,3.7,2.22,3.53,3.78,2.11,3.36,3.58,2.2,1.66,2.23,1.72,2.3,1.76,2.17,1.69,-0.25,1.85,2.08,1.86,2.08,1.86,2.13,1.82,2.05
F1,17/10/2020,20:00,Marseille,Bordeaux,3,1,H,1,0,H,6,8,4,4,13,13,6,10,3,1,0,0,2,3.5,3.8,2,3.6,3.7,2.05,3.15,3.8,2.09,3.48,3.9,2.05,3.25,3.8,2,3.3,4,2.13,3.6,4.05,2.03,3.39,3.79,2.1,1.72,2.15,1.77,2.21,1.82,2.12,1.72,-0.5,2.06,1.87,2.09,1.85,2.09,1.89,2.03,1.83,2.05,3.5,3.4,2.1,3.3,3.7,2.2,3.1,3.5,2.15,3.41,3.78,2.2,3.2,3.4,2.2,3.2,3.5,2.3,3.62,3.82,2.16,3.31,3.54,2.3,1.61,2.28,1.69,2.38,1.76,2.24,1.65,-0.25,1.9,2.03,1.84,2.1,1.93,2.1,1.86,1.99
F1,18/10/2020,12:00,Strasbourg,Lyon,2,3,A,1,3,A,20,14,9,8,13,8,4,2,2,3,0,0,3.6,3.3,2.15,3.4,3.3,2.2,3.45,3.15,2.2,3.54,3.38,2.12,3.4,3.4,2.1,3.4,3.2,2.15,3.7,3.54,2.26,3.46,3.34,2.14,2.1,1.72,2.02,1.81,2.1,1.85,2.03,1.77,0.25,2.04,1.89,2.02,1.82,2.08,1.97,1.99,1.85,5,3.75,1.7,4.4,3.6,1.83,4.3,3.55,1.85,5.01,3.86,1.77,4.75,3.5,1.78,4.6,3.6,1.8,5.51,3.86,1.88,4.73,3.68,1.76,1.9,1.9,1.91,2,1.97,2.05,1.9,1.9,0.75,1.92,2.01,1.93,2,2,2.1,1.87,1.99
F1,18/10/2020,14:00,Angers,Metz,1,1,D,1,1,D,7,7,2,3,18,13,2,5,4,2,0,0,2,3.4,3.9,2,3.4,3.9,2.05,3.1,3.95,2.05,3.45,4.09,2.05,3.2,3.8,2,3.13,4,2.18,3.5,4.2,2.04,3.33,3.84,2.3,1.61,2.33,1.67,2.42,1.69,2.29,1.62,-0.5,2.06,1.87,2.05,1.88,2.08,1.9,2.04,1.82,2.05,3.4,3.8,2.1,3.1,4,2.15,2.95,3.85,2.1,3.36,4.01,2.05,3.25,3.75,2.1,3.2,3.8,2.15,3.45,4.09,2.08,3.23,3.83,2.37,1.57,2.42,1.63,2.47,1.67,2.36,1.58,-0.25,1.73,2.08,1.79,2.15,1.86,2.16,1.79,2.08
F1,18/10/2020,14:00,Monaco,Montpellier,1,1,D,0,0,D,21,3,7,2,13,13,10,2,2,1,0,1,,,,1.48,4.75,6,1.6,4.1,5.5,1.51,5,6.15,1.47,4.6,6,1.8,3.6,4.2,1.54,5.02,6.75,1.5,4.64,6,1.72,2.1,1.66,2.35,1.72,2.38,1.65,2.26,-1,2.6,1.48,1.84,2.1,1.87,2.17,1.82,2.08,,,,1.85,3.6,3.9,1.9,3.6,3.85,1.96,3.88,3.83,1.7,4,4.5,1.83,3.75,4.1,1.99,4,4.49,1.9,3.8,3.84,1.72,2.1,1.66,2.31,1.73,2.38,1.65,2.24,-0.5,1.96,1.97,1.96,1.94,1.99,2.1,1.91,1.92
F1,18/10/2020,14:00,Nantes,Brest,3,1,H,2,0,H,12,14,8,5,15,15,2,6,3,2,0,0,2.15,3.4,3.4,2.2,3.4,3.3,2.15,3.3,3.35,2.17,3.65,3.48,2.1,3.4,3.4,2.15,3.25,3.4,2.22,3.65,3.5,2.14,3.47,3.36,2,1.8,2.01,1.9,2.03,1.91,1.96,1.84,-0.25,1.9,2.03,1.88,2.05,1.91,2.05,1.86,1.99,2.2,3.4,3.3,2.2,3.5,3.25,2.25,3.25,3.2,2.33,3.52,3.23,2.2,3.5,3.1,2.2,3.5,3.2,2.33,3.65,3.37,2.22,3.46,3.2,1.8,2,1.83,2.08,1.9,2.13,1.79,2.01,-0.25,1.99,1.94,2.01,1.92,2.02,1.95,1.94,1.92
F1,18/10/2020,16:00,St Etienne,Nice,1,3,A,0,2,A,11,11,4,5,15,10,7,3,2,5,0,0,2.25,3.25,3.25,2.3,3.3,3.2,2.4,3.05,3.15,2.42,3.29,3.29,2.35,3.25,3.1,2.3,3.2,3.1,2.43,3.5,3.35,2.34,3.25,3.16,2.1,1.72,2.13,1.78,2.14,1.84,2.07,1.75,-0.25,2.04,1.89,2.06,1.87,2.07,1.93,2,1.86,2.87,3.3,2.5,2.85,3.25,2.55,2.85,3,2.6,2.94,3.2,2.71,2.75,3.2,2.6,2.75,3.4,2.5,2.94,3.4,2.75,2.83,3.22,2.58,1.8,2,1.9,2,1.93,2.06,1.82,1.98,0,2.06,1.87,2.04,1.88,2.09,1.9,2.02,1.85
F1,18/10/2020,20:00,Lille,Lens,4,0,H,1,0,H,17,7,6,2,13,16,7,2,0,3,0,2,1.83,3.6,4.33,1.85,3.6,4.33,1.9,3.3,4.3,1.9,3.73,4.38,1.88,3.5,4.2,1.85,3.4,4.2,1.97,3.78,4.5,1.87,3.55,4.26,2.1,1.72,2.16,1.77,2.18,1.8,2.08,1.74,-0.5,1.93,2,1.9,2.03,1.97,2.03,1.88,1.97,1.95,3.3,4.2,2,3.25,4.1,1.97,3.05,4.3,2.04,3.28,4.38,1.91,3.25,4.33,1.95,3.25,4.33,2.06,3.47,4.55,1.98,3.25,4.22,2.37,1.57,2.41,1.63,2.41,1.65,2.34,1.59,-0.5,1.99,1.94,2.04,1.88,2.07,1.94,1.99,1.87
F1,23/10/2020,20:00,Rennes,Angers,1,2,A,1,1,D,11,10,1,4,11,5,5,4,2,0,0,0,2.05,3.4,3.5,2.05,3.25,3.9,2.1,3.05,3.8,2.1,3.39,3.98,2.05,3.25,3.75,2.05,3.25,3.9,2.15,3.5,4.07,2.07,3.3,3.8,2.2,1.66,2.29,1.68,2.32,1.74,2.21,1.67,-0.5,2.09,1.81,2.1,1.84,2.13,1.88,2.07,1.8,2.25,3.25,3.2,2.15,3.3,3.5,2.35,3.05,3.25,2.29,3.36,3.46,2.25,3.1,3.4,2.15,3.2,3.6,2.35,3.37,3.75,2.25,3.25,3.36,2.2,1.66,2.22,1.73,2.26,1.76,2.18,1.68,-0.25,2,1.9,1.96,1.96,2.05,2.1,1.94,1.92
F1,24/10/2020,16:00,Lorient,Marseille,0,1,A,0,0,D,13,15,3,3,10,12,6,4,3,3,0,0,2.87,3.4,2.4,3,3.25,2.45,2.95,3.05,2.5,3.05,3.3,2.56,2.9,3.25,2.45,3,3.3,2.4,3.11,3.46,2.57,2.96,3.26,2.46,2,1.8,2.19,1.75,2.19,1.82,2.08,1.75,0.25,1.73,2.08,1.78,2.17,1.84,2.19,1.77,2.09,2.75,3.1,2.7,2.75,3.2,2.65,2.75,2.9,2.8,2.87,3.05,2.9,2.7,3.1,2.7,2.63,3.25,2.7,2.93,3.4,2.9,2.73,3.15,2.72,2,1.8,2.13,1.79,2.19,1.86,2.02,1.79,0,1.94,1.96,1.95,1.97,2,2,1.93,1.92
F1,24/10/2020,20:00,Paris SG,Dijon,4,0,H,2,0,H,20,16,9,3,12,18,4,10,0,2,0,0,1.06,12,23,1.05,15.5,31,1.05,15,35,1.06,14.66,32.95,1.03,15,41,1.04,17,36,1.07,21,49,1.05,15.05,34.44,1.16,5,1.15,5.4,1.19,5.5,1.16,4.97,-3.25,1.92,1.98,1.9,1.93,1.95,2.02,1.91,1.93,1.08,12,21,1.1,11,21,1.12,9.5,20,1.1,12.1,23.46,1.08,10,29,1.06,13,34,1.13,13.5,34,1.09,11.42,24.01,1.22,4.33,1.2,4.88,1.22,4.9,1.2,4.41,-2.75,1.85,1.95,1.83,2.06,1.9,2.12,1.82,2.03
F1,25/10/2020,14:00,Bordeaux,Nimes,2,0,H,0,0,D,20,8,6,4,9,16,7,4,3,3,0,0,1.95,3.3,4,2,3.3,4,1.95,3.25,4.1,1.96,3.68,4.11,1.95,3.4,4,1.93,3.3,4,2.03,3.68,4.2,1.95,3.49,3.98,2.1,1.72,2.13,1.79,2.16,1.81,2.08,1.74,-0.5,1.97,1.93,1.96,1.96,2,1.97,1.94,1.9,1.75,3.75,4.75,1.78,3.6,4.75,1.8,3.45,4.7,1.8,3.78,4.91,1.78,3.6,4.6,1.75,3.7,4.75,1.84,3.82,4.95,1.79,3.66,4.63,1.9,1.9,1.95,1.95,2.05,2.05,1.92,1.87,-0.75,2.03,1.87,2.06,1.87,2.07,1.93,2.02,1.84
F1,25/10/2020,14:00,Brest,Strasbourg,0,3,A,0,2,A,14,7,4,5,8,11,12,2,1,3,0,0,2.15,3.5,3.2,2.25,3.4,3.2,2.25,3.4,3.1,2.25,3.88,3.13,2.25,3.4,3.1,2.2,3.3,3.2,2.31,3.88,3.22,2.23,3.59,3.09,1.88,1.98,1.88,2.03,1.94,2.05,1.86,1.95,-0.25,1.95,1.95,1.96,1.96,1.99,1.99,1.94,1.91,2.25,3.6,2.9,2.25,3.5,3.1,2.3,3.3,3.05,2.37,3.54,3.15,2.3,3.6,2.9,2.38,3.5,2.88,2.43,3.82,3.2,2.33,3.52,2.97,1.66,2.2,1.7,2.27,1.75,2.37,1.68,2.18,-0.25,2.07,1.83,2.04,1.88,2.09,1.89,2.04,1.82
F1,25/10/2020,14:00,Metz,St Etienne,2,0,H,1,0,H,6,10,3,0,11,18,5,3,3,3,0,0,2.37,3.2,3.1,2.4,3.2,3.1,2.4,3.1,3.05,2.39,3.5,3.14,2.35,3.25,3.1,2.4,3.1,3,2.48,3.5,3.2,2.38,3.3,3.06,2.2,1.66,2.24,1.71,2.35,1.74,2.22,1.66,-0.25,2.06,1.84,2.06,1.87,2.11,1.89,2.04,1.82,2.1,3.2,3.8,2.05,3.3,3.8,2.1,3.05,3.75,2.2,3.31,3.76,2.1,3.25,3.6,2.1,3.2,3.75,2.2,3.45,4.09,2.12,3.25,3.69,2.2,1.66,2.27,1.69,2.35,1.76,2.2,1.66,-0.25,1.85,2.05,1.88,2.05,1.88,2.09,1.83,2.03
F1,25/10/2020,14:00,Montpellier,Reims,0,4,A,0,3,A,5,24,1,9,7,11,3,8,1,0,2,0,1.85,3.5,4.2,2.05,3.3,3.9,2.2,3.05,3.5,2.21,3.37,3.58,2.1,3.2,3.7,2.1,3.1,3.7,2.17,3.5,4.2,2.08,3.28,3.72,2.3,1.61,2.39,1.63,2.42,1.67,2.34,1.59,-0.5,1.97,1.93,2.2,1.74,2.13,1.86,2.07,1.78,1.85,3.5,4.5,1.9,3.5,4.25,1.95,3.25,4.2,1.94,3.46,4.31,1.88,3.4,4.33,1.9,3.4,4.33,1.98,3.65,4.58,1.91,3.45,4.2,2.1,1.72,2.13,1.76,2.17,1.83,2.07,1.75,-0.5,1.94,1.96,1.94,1.94,1.98,1.99,1.92,1.92
F1,25/10/2020,16:00,Nice,Lille,1,1,D,0,0,D,8,12,3,4,13,18,5,3,1,6,0,0,3.5,3.1,2.2,3.4,3.25,2.25,3.35,3.15,2.25,3.45,3.54,2.22,3.3,3.3,2.2,3.3,3.2,2.2,3.54,3.56,2.34,3.33,3.36,2.21,2.1,1.72,2.15,1.78,2.24,1.82,2.12,1.72,0.25,1.97,1.93,2.01,1.92,2.03,1.96,1.95,1.89,4,3.4,2,4,3.6,1.91,4,3.3,1.95,4.1,3.65,1.98,4.2,3.4,1.91,4,3.5,1.93,4.27,3.76,2.02,4.01,3.52,1.93,1.9,1.9,1.99,1.92,2.04,2.05,1.94,1.86,0.5,1.97,1.93,1.94,1.98,2,1.98,1.92,1.94
F1,25/10/2020,20:00,Lyon,Monaco,4,1,H,4,0,H,15,18,6,5,12,15,2,12,3,4,1,0,1.65,4,4.75,1.72,4.1,4.4,1.7,3.95,4.6,1.7,4.42,4.77,1.65,4.2,4.6,1.67,4,4.6,1.77,4.6,4.9,1.68,4.22,4.57,1.57,2.37,1.58,2.51,1.65,2.55,1.58,2.38,-0.75,1.9,2,1.89,2.03,1.93,2.05,1.87,1.98,1.75,3.8,4.33,1.78,3.9,4.25,1.8,4,4.1,1.85,3.99,4.27,1.78,3.8,4.2,1.8,3.9,4.2,1.87,4.2,4.5,1.81,3.92,4.17,1.53,2.5,1.58,2.51,1.63,2.57,1.56,2.42,-0.75,2.05,1.75,2.09,1.83,2.13,1.9,2.04,1.82
F1,31/10/2020,16:00,Rennes,Brest,2,1,H,0,0,D,24,9,8,4,2,12,8,1,1,3,0,0,1.9,3.75,3.8,1.95,3.7,3.75,2.05,3.4,3.6,2.04,3.68,3.83,2,3.5,3.7,1.95,3.6,3.7,2.06,3.82,4.03,1.99,3.6,3.69,1.72,2.1,1.79,2.12,1.83,2.14,1.76,2.06,-0.5,2.03,1.9,2.04,1.88,2.05,1.9,2,1.85,1.83,3.8,3.8,1.9,3.75,3.9,1.9,3.6,3.95,1.88,3.95,4.16,1.85,3.75,3.9,1.85,3.8,4,1.95,4,4.26,1.87,3.8,3.91,1.72,2.1,1.74,2.19,1.94,2.37,1.68,2.18,-0.5,1.88,2.05,1.88,2.04,1.92,2.14,1.86,2
F1,31/10/2020,20:00,Nantes,Paris SG,0,3,A,0,0,D,6,13,1,4,13,13,2,4,2,1,0,0,7.5,4.75,1.4,7.25,5,1.4,6.5,5,1.45,7.8,5.17,1.42,8,4.75,1.38,7.5,4.8,1.4,8.4,5.25,1.47,7.27,4.92,1.41,1.53,2.5,1.56,2.58,1.6,2.6,1.54,2.47,1.25,1.99,1.94,2,1.93,2.01,1.96,1.96,1.9,7.5,4.75,1.4,6,5.25,1.45,8,4.8,1.4,6.44,5.13,1.48,7.5,4.75,1.4,7,5,1.4,8.09,5.44,1.49,6.63,4.95,1.44,1.4,3,1.47,2.84,1.47,3,1.43,2.79,1.25,1.97,1.96,1.95,1.97,2.07,1.98,1.94,1.92
F1,01/11/2020,12:00,St Etienne,Montpellier,0,1,A,0,1,A,8,10,0,2,16,17,8,2,3,3,0,0,2.4,3.25,3,2.45,3.25,3,2.45,3.2,2.95,2.46,3.53,3.02,2.35,3.4,2.9,2.38,3.3,2.9,2.47,3.64,3.06,2.4,3.43,2.92,1.9,1.9,2,1.9,2.01,1.93,1.94,1.87,-0.25,2.1,1.83,2.12,1.83,2.14,1.89,2.07,1.8,2.62,3.25,2.75,2.6,3.3,2.75,2.65,3.1,2.75,2.68,3.38,2.83,2.6,3.3,2.7,2.45,3.3,2.9,2.7,3.6,2.9,2.59,3.28,2.77,1.9,1.9,1.98,1.93,2.01,2.05,1.92,1.88,0,1.92,2.01,1.91,2.02,1.93,2.1,1.87,1.99
F1,01/11/2020,14:00,Angers,Nice,0,3,A,0,2,A,11,12,5,5,18,12,9,5,5,2,0,0,2.25,3.2,3.4,2.25,3.4,3.25,2.25,3.1,3.3,2.28,3.43,3.43,2.25,3.25,3.3,2.2,3.25,3.2,2.31,3.46,3.47,2.25,3.32,3.29,2,1.8,2.1,1.81,2.12,1.85,2.04,1.78,-0.25,1.97,1.96,1.95,1.97,1.97,1.99,1.94,1.92,2.3,3.3,3.1,2.35,3.4,3,2.35,3.2,3.1,2.45,3.4,3.12,2.35,3.2,3.1,2.4,3.3,3,2.5,3.42,3.2,2.37,3.31,3.05,2,1.8,2.03,1.88,2.13,1.88,2,1.81,-0.25,2.11,1.82,2.1,1.84,2.12,1.85,2.05,1.81
F1,01/11/2020,14:00,Dijon,Lorient,0,0,D,0,0,D,11,9,2,1,18,13,9,7,2,1,0,0,3.2,3.5,2.2,3.1,3.4,2.3,3.15,3.25,2.3,3.26,3.6,2.28,3.1,3.4,2.25,3.1,3.3,2.25,3.26,3.6,2.37,3.14,3.45,2.27,1.9,1.9,1.97,1.93,2.02,1.95,1.93,1.87,0.25,1.93,2,1.94,1.97,1.94,2.01,1.89,1.96,3.25,3.5,2.15,3.1,3.5,2.25,3.2,3.3,2.25,3.21,3.64,2.29,3.2,3.4,2.2,3.13,3.4,2.25,3.34,3.65,2.4,3.11,3.5,2.25,1.8,2,1.85,2.07,1.9,2.08,1.81,1.99,0.25,1.93,2,1.93,1.99,1.96,2,1.89,1.96
F1,01/11/2020,14:00,Nimes,Metz,0,1,A,0,1,A,16,8,2,5,13,15,10,1,3,2,0,1,2.45,3.25,3,2.35,3.4,3,2.5,3.05,2.9,2.58,3.37,2.95,2.5,3.2,2.88,2.45,3.13,2.9,2.63,3.4,3.07,2.49,3.26,2.93,2.1,1.72,2.22,1.73,2.25,1.77,2.16,1.7,0,1.81,2.13,1.84,2.1,1.84,2.17,1.78,2.1,2.9,3.1,2.55,3,2.95,2.65,3,2.75,2.65,3.09,3,2.74,2.9,3,2.6,3,3,2.6,3.09,3.19,2.77,2.97,2.99,2.63,2.5,1.53,2.56,1.57,2.57,1.59,2.46,1.54,0,2.09,1.84,2.09,1.85,2.13,1.86,2.06,1.81
F1,01/11/2020,14:00,Reims,Strasbourg,2,1,H,2,1,H,12,9,4,3,13,13,5,3,0,2,0,0,2.3,3.2,3.25,2.3,3.3,3.2,2.35,3.1,3.15,2.38,3.48,3.19,2.35,3.25,3.1,2.3,3.13,3.13,2.43,3.48,3.25,2.34,3.3,3.12,2.2,1.66,2.24,1.71,2.3,1.76,2.2,1.67,-0.25,2.04,1.89,2.04,1.88,2.05,1.92,2.01,1.85,2.7,3.1,2.75,2.7,3.1,2.8,2.7,2.85,2.85,2.74,3.13,2.97,2.6,3.1,2.8,2.63,3.13,2.8,2.77,3.38,2.97,2.67,3.11,2.81,2.2,1.66,2.27,1.7,2.29,1.73,2.19,1.67,0,1.93,2,1.88,2.04,1.94,2.04,1.88,1.98
F1,01/11/2020,16:00,Monaco,Bordeaux,4,0,H,3,0,H,17,5,6,0,10,12,10,4,2,2,0,0,1.85,3.6,4.2,1.91,3.7,3.9,1.95,3.5,3.95,1.92,3.94,4.01,1.88,3.7,3.9,1.87,3.6,3.9,1.97,4,4.2,1.91,3.76,3.88,1.8,2,1.81,2.1,1.88,2.12,1.79,2.02,-0.5,1.94,1.99,1.92,2,1.97,2.01,1.91,1.95,1.75,4,4.33,1.72,4,4.5,1.8,3.65,4.3,1.79,4.1,4.48,1.78,3.7,4.4,1.75,3.6,4.75,1.91,4.11,5,1.79,3.88,4.32,1.8,2,1.79,2.12,1.85,2.16,1.76,2.06,-0.75,2.07,1.86,2.03,1.89,2.13,1.9,2.04,1.82
F1,01/11/2020,20:00,Lille,Lyon,1,1,D,1,1,D,15,8,6,1,14,10,9,4,3,3,0,1,2.8,3.25,2.6,2.7,3.3,2.65,2.75,3.05,2.65,2.83,3.34,2.71,2.7,3.25,2.6,2.63,3.3,2.6,2.85,3.48,2.75,2.74,3.28,2.64,1.9,1.9,1.94,1.96,2,2,1.92,1.89,0,2.01,1.92,2.01,1.92,2.02,1.97,1.97,1.89,2.8,3.3,2.5,2.7,3.3,2.65,2.8,3.3,2.55,2.88,3.3,2.69,2.75,3.3,2.55,2.75,3.4,2.5,2.89,3.56,2.71,2.78,3.29,2.59,1.8,2.05,1.82,2.08,1.89,2.15,1.79,2.02,0,2.04,1.89,2.03,1.89,2.05,1.94,2,1.86
F1,06/11/2020,20:00,Strasbourg,Marseille,0,1,A,0,0,D,9,1,2,1,13,17,2,2,0,4,0,0,2.87,3.3,2.45,3,3.25,2.45,3,3.1,2.5,2.99,3.23,2.64,3,3.1,2.45,3.1,3.13,2.45,3.25,3.3,2.64,3.04,3.16,2.48,2.37,1.57,2.39,1.64,2.46,1.7,2.3,1.62,0.25,1.81,2.13,1.74,2.23,1.82,2.23,1.76,2.1,2.5,3.1,3,2.55,3.1,2.95,2.6,3.05,2.95,2.59,3.12,3.17,2.55,3,3,2.6,3.1,2.88,2.77,3.2,3.24,2.57,3.06,2.99,2.37,1.57,2.53,1.58,2.57,1.65,2.39,1.57,0,1.7,2.1,1.77,2.18,1.89,2.23,1.77,2.1
F1,07/11/2020,16:00,Bordeaux,Montpellier,0,2,A,0,0,D,9,9,1,3,14,10,3,5,2,1,0,0,2.3,3.3,3.1,2.35,3.3,3.1,2.4,3.1,3.1,2.42,3.38,3.18,2.38,3.25,3,2.4,3.2,3.1,2.5,3.48,3.35,2.36,3.3,3.07,2.1,1.72,2.12,1.79,2.19,1.82,2.08,1.74,-0.25,2.08,1.85,2.08,1.86,2.09,1.89,2.03,1.82,2.55,3.3,2.75,2.65,3.1,2.85,2.7,2.9,2.85,2.77,3.14,2.92,2.5,3.2,2.88,2.5,3.13,3,2.77,3.39,3.1,2.62,3.11,2.86,2.3,1.61,2.28,1.69,2.38,1.7,2.23,1.65,0,1.88,2.05,1.91,2.02,1.91,2.21,1.82,2.04
F1,07/11/2020,20:00,Paris SG,Rennes,3,0,H,2,0,H,9,16,6,3,19,15,2,7,3,0,0,0,1.4,5.25,6.5,1.4,5,7.5,1.4,5.25,7.25,1.42,4.87,6.98,1.38,5,7.5,1.4,4.8,7.5,1.48,5.4,7.8,1.42,4.95,6.94,1.57,2.37,1.56,2.45,1.63,2.63,1.55,2.42,-1.25,2.04,1.89,1.99,1.86,2.06,2,1.95,1.89,1.44,4.75,6,1.48,4.75,6.25,1.4,4.8,8,1.51,4.73,6.19,1.44,4.6,6.5,1.44,4.5,7,1.52,5.1,8,1.47,4.65,6.39,1.61,2.3,1.62,2.37,1.63,2.47,1.6,2.32,-1.25,2.09,1.84,2.09,1.81,2.09,1.92,2.04,1.82
F1,08/11/2020,12:00,Brest,Lille,3,2,H,3,1,H,12,22,8,7,13,15,3,11,4,3,0,0,3.75,3.5,1.95,3.5,3.6,2.05,3.7,3.35,2.05,3.8,3.66,2.05,3.6,3.5,2,3.6,3.4,2,3.98,3.72,2.12,3.66,3.53,2.02,1.8,2,1.88,2.02,1.95,2.05,1.85,1.96,0.5,1.88,2.05,1.88,2.05,1.91,2.05,1.84,2.02,4.75,3.8,1.7,4.6,3.8,1.75,4.4,3.6,1.8,4.67,3.94,1.8,4.75,3.7,1.73,4.33,3.8,1.8,5.21,3.95,1.89,4.51,3.79,1.76,1.72,2.1,1.78,2.13,1.82,2.4,1.73,2.09,0.75,1.92,2.01,1.9,2.02,1.92,2.05,1.86,1.98
F1,08/11/2020,14:00,Lens,Reims,4,4,D,1,0,H,14,8,5,6,12,7,9,1,3,1,0,0,2.1,3.4,3.6,2.05,3.3,3.8,2.2,3.05,3.6,2.2,3.36,3.71,2.15,3.2,3.6,2.1,3.2,3.6,2.22,3.44,3.8,2.14,3.27,3.61,2.3,1.61,2.34,1.66,2.4,1.69,2.26,1.63,-0.25,1.87,2.06,1.88,2.05,1.89,2.08,1.83,2.02,2.15,3.4,3.5,2.15,3.3,3.5,2.2,3,3.6,2.22,3.34,3.66,2.15,3.2,3.5,2.15,3.2,3.6,2.28,3.45,3.79,2.17,3.25,3.52,2.2,1.66,2.28,1.69,2.33,1.76,2.22,1.65,-0.25,1.88,2.05,1.9,2.03,1.9,2.05,1.85,1.99
F1,08/11/2020,14:00,Lorient,Nantes,0,2,A,0,0,D,18,16,4,4,17,9,5,5,3,1,0,0,2.37,3.2,3.1,2.45,3.1,3.1,2.45,3,3.05,2.5,3.3,3.14,2.4,3.2,3,2.38,3.1,3.1,2.55,3.4,3.15,2.42,3.2,3.04,2.2,1.66,2.24,1.71,2.3,1.74,2.21,1.67,-0.25,2.1,1.83,2.13,1.82,2.13,1.86,2.06,1.8,2.7,3.2,2.75,2.7,3.1,2.8,2.8,2.9,2.75,2.92,3.11,2.8,2.7,3.1,2.7,2.75,3.13,2.7,2.96,3.31,2.98,2.75,3.09,2.74,2.3,1.61,2.29,1.68,2.36,1.7,2.25,1.64,0,2.03,1.9,2,1.92,2.03,2.06,1.94,1.91
F1,08/11/2020,14:00,Metz,Dijon,1,1,D,1,1,D,14,14,4,6,16,11,5,6,2,1,0,0,1.75,3.6,4.75,1.78,3.7,4.6,1.77,3.4,4.9,1.77,3.86,5,1.75,3.6,4.75,1.73,3.5,4.8,1.83,3.86,5.01,1.76,3.65,4.78,2,1.8,2.15,1.78,2.16,1.83,2.06,1.76,-0.75,2.02,1.91,2.03,1.9,2.05,1.92,1.99,1.86,2.05,3.4,3.8,2.05,3.2,4,2.15,3.05,3.65,2.14,3.39,3.84,2.05,3.25,3.75,2.1,3.25,3.7,2.2,3.46,4,2.1,3.25,3.75,2.1,1.72,2.16,1.77,2.24,1.78,2.13,1.71,-0.25,1.82,2.11,1.83,2.11,1.83,2.13,1.8,2.06
F1,08/11/2020,14:00,Nimes,Angers,1,5,A,0,2,A,11,15,4,8,12,15,6,2,2,5,0,0,3.1,3.2,2.3,3.1,3.25,2.4,3.05,3.05,2.45,3.12,3.38,2.47,3,3.2,2.4,2.88,3.1,2.5,3.15,3.4,2.63,3.01,3.24,2.43,2.2,1.66,2.23,1.72,2.26,1.75,2.17,1.68,0.25,1.84,2.09,1.83,2.11,1.84,2.17,1.77,2.09,2.9,3.2,2.45,2.75,3.2,2.65,2.9,3,2.55,3.03,3.18,2.65,2.88,3.2,2.5,2.88,3.2,2.55,3.03,3.36,2.68,2.88,3.18,2.55,2.1,1.72,2.22,1.73,2.24,1.8,2.13,1.71,0,2.08,1.85,2.1,1.84,2.1,1.86,2.04,1.81
F1,08/11/2020,16:00,Nice,Monaco,1,2,A,0,1,A,8,15,4,8,8,16,1,4,2,2,0,0,3.2,3.6,2.15,3.1,3.7,2.2,3.15,3.45,2.2,3.25,3.84,2.2,3.2,3.5,2.15,3.1,3.5,2.15,3.38,3.85,2.25,3.16,3.67,2.17,1.66,2.2,1.68,2.3,1.73,2.36,1.65,2.25,0.25,1.99,1.94,2,1.92,2.01,1.94,1.95,1.89,3.5,3.6,2,3.5,3.75,2,3.55,3.6,2,3.69,3.85,2.03,3.6,3.7,1.95,3.6,3.75,1.95,3.8,3.98,2.12,3.54,3.73,1.99,1.57,2.37,1.59,2.5,1.66,2.55,1.57,2.39,0.5,1.91,2.02,1.9,2.03,1.92,2.1,1.86,2
F1,08/11/2020,20:00,Lyon,St Etienne,2,1,H,0,1,A,18,16,6,4,19,19,3,5,5,3,0,0,1.4,4.75,7.5,1.36,5,8.5,1.4,4.7,8,1.36,5.74,8.54,1.35,5.25,8,1.36,4.75,8,1.41,5.75,8.75,1.37,5.12,8.09,1.66,2.2,1.67,2.32,1.75,2.32,1.68,2.19,-1.5,2.08,1.73,2.1,1.84,2.19,1.86,2.08,1.77,1.3,5.5,11,1.3,5.5,10,1.3,6,10,1.3,5.87,11.4,1.27,5.25,12,1.3,5.5,9.5,1.33,6.1,12,1.29,5.63,10.06,1.53,2.5,1.54,2.63,1.58,2.69,1.52,2.52,-1.75,2.05,1.75,2.11,1.81,2.21,1.83,2.07,1.79
